id,event_timestamp,category,summary,impact,impact_reasoning,relevance,source_url,status,created_at,source
1,2026-03-05 09:30:00+09,corporate_action,SOXS 1:20リバーススプリット実施（Direxion発表）。スプリット前後のデータ比較時に調整が必要。,neutral,ETF構造上の変更。投資価値への影響はないが、時系列分析時にスプリット境界を意識する必要あり。,,https://www.direxion.com/press-release/direxion-announces-reverse-split-of-jdst-soxs-dust-hibs-mud-tsls,reviewed,2026-03-27 13:14:22.336109,manual
2,2026-03-25 18:00:00+09,geopolitical,イランが米国15項目停戦案を拒否。独自5条件を提示（攻撃停止・再発防止保証・賠償・ホルムズ海峡主権）,negative,ホルムズ海峡封鎖の長期化が確定的に。原油高→インフレ→利上げ観測の悪循環継続,indirect,https://www.aljazeera.com/news/2026/3/25/iran-calls-us-proposal-to-end-war-maximalist-unreasonable,reviewed,2026-03-28 23:57:07.039079,manual
3,2026-03-26 10:00:00+09,geopolitical,トランプがイランエネルギーインフラへの攻撃期限を10日延長し4月6日に設定,neutral,短期的には攻撃猶予で原油下落圧力だが、期限到来時のエスカレーションリスクを先送り,indirect,https://www.npr.org/2026/03/26/nx-s1-5761882/iran-war-peace-conditions,reviewed,2026-03-28 23:57:07.043013,manual
4,2026-03-27 22:00:00+09,fed,CME先物市場でFRB年内利上げ確率が初めて52%を突破。原油高によるインフレ懸念が主因,negative,利上げ観測はグロース株（テック・半導体）のバリュエーション圧縮要因。SOXL/TQQQに直接的な下落圧力,direct,https://www.cnbc.com/2026/03/27/markets-see-the-feds-next-move-as-a-potential-hike-as-oil-prices-inflation-fears-rise.html,reviewed,2026-03-28 23:57:07.043941,manual
5,2026-03-28 06:00:00+09,oil,Brent原油が$112.57で引け（+4.22%）。2022年7月以来の高値。Goldman Sachsはリスクプレミアム$14-18と推定,negative,原油高は企業コスト増・消費者支出圧迫・FRB利上げ圧力の3経路でレバETFに悪影響,indirect,https://www.cnbc.com/2026/03/27/oil-price-wti-brent-crude-trump-strait-hormuz-tensions-iran-ships.html,reviewed,2026-03-28 23:57:07.044467,manual
6,2026-03-27 05:30:00+09,semiconductor,SOX指数が-2.9%の大幅下落。NVIDIA -4%で3ヶ月安値。テックセクター全体で売り加速,negative,SOXLの原資産であるSOX指数の急落。VIX31水準でレバレッジETFのボラティリティ減価も加速,direct,https://seekingalpha.com/news/4569429-semiconductor-and-ai-software-stocks-see-red-amid-tech-stock-selloff,reviewed,2026-03-28 23:57:07.044966,manual
7,2026-03-28 06:00:00+09,market,S&P 500 -1.67%(6368.85)、Nasdaq -2.15%（20948.36）。VIX 31.05（+13.16%）で1年ぶり高水準,negative,広範な株安。Nasdaq調整局面入り。VIX30超はレバETFの価格毀損が加速する水準,direct,https://tradingeconomics.com/vix:ind,reviewed,2026-03-28 23:57:07.045703,manual
8,2026-03-28 20:00:00+09,geopolitical,フーシ派（Houthis）がイスラエルへ弾道ミサイル攻撃を実施。イラン戦争に参戦し紛争が拡大,negative,紛争の多戦線化により停戦ハードルが上昇。原油リスクプレミアムの追加要因,indirect,https://www.cnn.com/2026/03/28/world/live-news/iran-war-us-israel-trump,reviewed,2026-03-29 00:16:24.789343,scan-market
9,2026-03-28 18:00:00+09,geopolitical,イランがサウジアラビアの米空軍基地を攻撃、米軍兵士が負傷。戦争1ヶ月目で米軍に直接被害,negative,米軍への直接攻撃はエスカレーションリスクを高める。報復攻撃→原油高→株安の連鎖,indirect,https://www.npr.org/2026/03/28/nx-s1-5764720/iran-war-one-month,reviewed,2026-03-29 00:16:24.79299,scan-market
10,2026-03-28 12:00:00+09,geopolitical,イスラエルがイランIsfahanの核関連施設・Arak重水プラント・Khuzestanの製鉄所を大規模攻撃,negative,核施設攻撃は最大級のエスカレーション。イランの報復リスクが極めて高い,indirect,https://www.aljazeera.com/news/2026/3/27/us-israel-war-on-iran-whats-happening-on-day-28-of-attacks-2,reviewed,2026-03-29 00:16:24.793867,scan-market
11,2026-03-28 05:30:00+09,market,ダウが調整局面入り（高値から-10%超）。S&P 500が5週連続下落。Brent $110超で投資家心理悪化,negative,ダウの調整局面入りは機関投資家のリスク回避姿勢を強化。レバETFからの資金流出加速,direct,https://www.cnbc.com/2026/03/26/stock-market-today-live-updates.html,reviewed,2026-03-29 00:16:24.794802,scan-market
12,2026-03-11 10:00:00+09,tariff,USTRがSection 301調査を16カ国（中国・EU・日本・台湾・韓国等）に対して開始。公聴会4/28、コメント期限4/15,negative,半導体サプライチェーンに関わる台湾・韓国・日本が対象。長期的にTSMC調達コスト増のリスク,direct,https://www.tradecomplianceresourcehub.com/2026/03/24/trump-2-0-tariff-tracker/,dismissed,2026-03-29 00:16:24.795399,scan-market
13,2025-02-01 09:00:00+09,tariff,トランプ大統領就任（1/20）。2/1にIEEPA発動で中国10%関税を署名（2/4発効）、カナダ・メキシコ25%は3/4発効。フェンタニル・不法移民の国家緊急事態宣言,negative,レバETF対象銘柄に直接影響。関税不確実性が市場全体のボラティリティを押し上げ。NPR+CNBC+Congress.govで報道,indirect,https://www.congress.gov/crs-product/R48549,reviewed,2026-03-29 01:12:15.879862,scan-market
14,2025-01-17 09:00:00+09,geopolitical,ガザ停戦合意成立（42日間）。米国・エジプト・カタール仲介。人質解放と段階的撤退を含む,positive,中東地政学リスク低減。原油リスクプレミアム縮小要因。Wikipedia+Al Jazeeraで確認,indirect,https://en.wikipedia.org/wiki/January_2025_Gaza_war_ceasefire,reviewed,2026-03-29 01:12:15.883655,scan-market
15,2025-01-30 04:00:00+09,fed,FRB 4.25-4.50%据え置き。声明から「インフレが進展」の文言を削除。インフレ上振れ懸念を示唆,negative,利下げ期待後退。レバETFにとって金融緩和遅延はネガティブ。CNBC+FRB公式声明で確認,indirect,https://www.cnbc.com/2025/01/29/fed-rate-decision-january-2025.html,reviewed,2026-03-29 01:12:15.884351,scan-market
16,2025-03-20 03:00:00+09,fed,FRB 3月据え置き。コアインフレ見通しを2.5%→2.8%に引き上げ（関税影響を織り込み）,negative,インフレ見通し上方修正は利下げ遅延を意味。J.P.Morgan+FRB公式で確認,indirect,https://www.jpmorgan.com/insights/outlook/economic-outlook/fed-meeting-march-2025,reviewed,2026-03-29 01:12:15.884919,scan-market
17,2025-03-31 06:00:00+09,market,Q1 2025終了: S&P 500 -4.59%、Nasdaq -10%超。2023年Q3以来初の四半期マイナス。関税懸念・AI過熱修正,negative,Nasdaq -10%はレバETF（TQQQ/SOXL/TECL）に直接影響。Clark Capital+Yahoo Financeで確認,direct,https://ccmg.com/benchmark-review-monthly-recap-march-2025/,reviewed,2026-03-29 01:12:15.885415,scan-market
18,2025-04-03 06:00:00+09,tariff,Liberation Day: トランプがIEEPA発動で全世界に10%基本関税、中国34%(累積54%)、EU20%、日本24%の相互関税を発表,negative,史上最大の2日間株式損失(.6兆)のトリガー。CSIS+NPR+Al Jazeeraで確認,direct,https://www.csis.org/analysis/liberation-day-tariffs-explained,reviewed,2026-03-29 01:12:15.886003,scan-market
19,2025-04-09 23:00:00+09,tariff,トランプが相互関税の90日間一時停止を発表（中国を除く全国10%に引き下げ）。中国は145%に引き上げ。S&P 500 +9.52%（2008年以来最大の1日上昇）,positive,S&P 500 +9.52%（2008年以来最大の1日上昇）。Nasdaq +12.16%。CNN+Wikipedia+CBSで確認,direct,https://en.wikipedia.org/wiki/Liberation_Day_tariffs,reviewed,2026-03-29 01:12:15.886558,scan-market
20,2025-05-08 03:00:00+09,fed,FRB 5月据え置き（4.25-4.50%）。全会一致。「経済見通しの不確実性がさらに増大」と声明,neutral,市場予想通りの据え置き。利下げは7月以降に後退。CNBC+FRB公式で確認,indirect,https://www.cnbc.com/2025/05/07/fed-rate-decision-may-2025.html,reviewed,2026-03-29 01:12:15.887059,scan-market
21,2025-05-12 23:00:00+09,tariff,米中が90日間の関税引き下げ合意。双方125%→10%に削減（他の米中関税は維持）,positive,貿易戦争の一時休戦。Nasdaq 100が年初来マイナスを解消（5/13）。Bloomberg+White Houseで確認,direct,https://www.whitehouse.gov/fact-sheets/2025/11/fact-sheet-president-donald-j-trump-strikes-deal-on-economic-and-trade-relations-with-china/,reviewed,2026-03-29 01:12:15.887538,scan-market
22,2025-05-05 20:00:00+09,oil,OPEC+が6月も増産を決定（4-6月累計96万bpd増産、220万bpd削減の44%巻き戻し）。Brent .50まで下落（2021年2月以来安値）,positive,原油安はインフレ圧力軽減・消費者支出増でレバETFにプラス。CNBC+Euronews+OPECで確認,indirect,https://www.cnbc.com/2025/05/03/opec-agrees-another-accelerated-oil-output-hike-for-june-sources-say.html,reviewed,2026-03-29 01:12:15.888133,scan-market
23,2025-06-28 05:30:00+09,market,S&P 500とNasdaqが史上最高値で引け。Q2でLiberation Day暴落から完全回復,positive,レバETFの基礎指数がATH。市場心理の完全回復を示す。Bloomberg+Yahoo Financeで確認,direct,https://www.bloomberg.com/news/articles/2025-05-13/nasdaq-100-erases-2025-decline-as-tariff-cuts-spark-tech-revival,reviewed,2026-03-29 01:12:15.888635,scan-market
24,2025-06-13 12:00:00+09,geopolitical,イスラエルがOperation Rising Lionを開始。イラン核施設（Natanz/Isfahan/Arak）・軍事基地を大規模攻撃。200機以上投入,negative,12日間戦争の開始。原油急騰・VIXスパイクの直接要因。Wikipedia+JINSA+Jerusalem Postで確認,direct,https://en.wikipedia.org/wiki/Twelve-Day_War,reviewed,2026-03-29 01:12:15.889109,scan-market
25,2025-06-24 23:00:00+09,geopolitical,イスラエル・イラン停戦合意（12日間戦争終結）。米国の圧力で停戦。イランは550発以上の弾道ミサイルで報復していた,positive,地政学リスク一時後退。ただしイラン経済危機は継続。CFR+Al Jazeeraで確認,indirect,https://www.cfr.org/global-conflict-tracker/conflict/confrontation-between-united-states-and-iran,reviewed,2026-03-29 01:12:15.889578,scan-market
26,2025-07-30 23:00:00+09,tariff,Section 232で銅製品に50%関税（8/1発効）。韓国との戦略貿易・投資合意も同日発表,negative,Section 232の適用範囲拡大は先例効果。半導体関連サプライチェーンへの波及懸念。White House+CFRで確認,indirect,https://www.cfr.org/articles/guide-trumps-section-232-tariffs-nine-maps,reviewed,2026-03-29 01:12:15.890045,scan-market
27,2025-08-28 06:00:00+09,semiconductor,NVIDIA Q2 FY2026決算: 売上.7B（+56% YoY）。Blackwell DC売上+17% QoQ。Q3ガイダンスB,positive,AI需要の持続を確認。SOXLの基礎であるSOX指数に直接影響。NVIDIA IR+Kiplinger+CNBCで確認,direct,https://nvidianews.nvidia.com/news/nvidia-announces-financial-results-for-second-quarter-fiscal-2026,reviewed,2026-03-29 01:12:15.890549,scan-market
28,2025-09-18 03:00:00+09,fed,FRB 25bp利下げ（4.00-4.25%）。2024年12月以来初の利下げ。労働市場減速が理由。ミランが50bp利下げを主張し反対（1票）,positive,利下げ再開はレバETFにプラス（低金利→リスク資産選好）。FRB公式+CNBC+NPRで確認,direct,https://www.federalreserve.gov/monetarypolicy/fomcminutes20250917.htm,reviewed,2026-03-29 01:12:15.891013,scan-market
29,2025-09-30 05:30:00+09,market,Q3 2025終了: S&P 500 +7.8%、Nasdaq +11.2%、Russell 2000 +12.0%。3指数とも史上最高値更新,positive,広範な上昇。SOXは+13.8% YTD。レバETF保有者にとって好環境。LPL+Nasdaq+Morningstarで確認,direct,https://www.nasdaq.com/articles/september-third-quarter-2025-review-and-outlook,reviewed,2026-03-29 01:12:15.891469,scan-market
30,2025-10-10 23:00:00+09,tariff,中国全輸入品に追加100%関税を発表（11/1発効予定）。ソフトウェア輸出規制も強化,negative,米中デカップリング加速。半導体サプライチェーンに直接影響。Congress.gov+Tax Foundationで確認,direct,https://www.congress.gov/crs-product/R48549,reviewed,2026-03-29 01:12:15.891925,scan-market
31,2025-10-30 03:00:00+09,fed,FRB 25bp利下げ（3.75-4.00%）。10-2の分裂投票。ミランが50bp、シュミットが据え置きを主張,positive,利下げ継続だがFOMC内で意見割れ。追加緩和ペースの不確実性。FRB公式+Atlanta Fedで確認,indirect,https://www.federalreserve.gov/newsevents/pressreleases/monetary20251210a.htm,reviewed,2026-03-29 01:12:15.892361,scan-market
32,2025-11-01 09:00:00+09,tariff,米中包括貿易合意発効。フェンタニル関税10%に半減（総税率49%）、中国は報復関税全停止。レアアース輸出規制も緩和,positive,半導体サプライチェーンの不確実性低減。レアアース供給安定はSOXLにプラス。White House+PwC+Wileyで確認,direct,https://www.whitehouse.gov/fact-sheets/2025/11/fact-sheet-president-donald-j-trump-strikes-deal-on-economic-and-trade-relations-with-china/,reviewed,2026-03-29 01:12:15.892876,scan-market
33,2025-11-20 06:00:00+09,semiconductor,NVIDIA Q3 FY2026決算: 売上.0B（+62% YoY、過去最高）。DC売上.2B。Q4ガイダンスB,positive,AI需要加速を確認。Bの受注残。SOXLの主要構成銘柄。NVIDIA IR+CNBCで確認,direct,https://nvidianews.nvidia.com/news/nvidia-announces-financial-results-for-third-quarter-fiscal-2026,reviewed,2026-03-29 01:12:15.893489,scan-market
34,2025-12-11 04:00:00+09,fed,FRB 25bp利下げ（3.50-3.75%）。9-3の分裂投票。ドットプロットは2026年利下げ1回のみ示唆,neutral,利下げ実施もタカ派シグナル（2026年は1回のみ）。CNBC+NPR+RBCで確認,indirect,https://www.cnbc.com/2025/12/10/fed-interest-rate-decision-december-2025-.html,reviewed,2026-03-29 01:12:15.893966,scan-market
35,2025-12-28 12:00:00+09,geopolitical,イラン全土で大規模反政府デモ勃発（1979年以来最大）。経済危機（インフレ42%、食品72%上昇）が契機。200都市以上に拡大,negative,イラン政情不安は原油供給リスク・地政学エスカレーションの前兆。Al Jazeera+BBC+Washington Postで確認,indirect,https://en.wikipedia.org/wiki/2025%E2%80%932026_Iranian_protests,reviewed,2026-03-29 01:12:15.894425,scan-market
36,2025-12-31 06:00:00+09,market,2025年通年: S&P 500 +16.39%（3年連続2桁）、Nasdaq +21%超。SOX +41%。時価総額.9兆,positive,強い年間パフォーマンス。AI主導の半導体が最強セクター。S&P Global+Seeking Alphaで確認,direct,https://seekingalpha.com/news/4536052-sp500-nasdaq-composite-dow-jones-stock-market-news,reviewed,2026-03-29 01:12:15.8949,scan-market
37,2026-01-06 23:30:00+09,semiconductor,SOX指数が史上最高値7665.77を記録。年初3営業日で+8%。AI需要継続への期待,positive,SOXLの基礎指数が過去最高。直後の下落の基準点として重要。Nasdaq+EBCで確認,direct,https://www.ebc.com/forex/phlx-sox-index-all-time-high-nvidia-led-rally-and-key-risks,reviewed,2026-03-29 01:12:15.895359,scan-market
38,2026-01-29 04:00:00+09,fed,FRB据え置き（3.50-3.75%）。利下げサイクル一時停止。ミランとウォーラーが25bp利下げを主張し反対,neutral,市場予想通り。利下げ再開時期の不確実性は残る。J.P.Morgan+FRB公式で確認,indirect,https://www.jpmorgan.com/insights/markets-and-economy/economy/fed-meeting-january-2026,reviewed,2026-03-29 01:12:15.895801,scan-market
39,2026-02-20 23:00:00+09,tariff,最高裁6-3でIEEPA関税を違憲と判決。推定-1750億の徴収済み関税の返還問題が浮上,positive,IEEPA関税撤廃は一時的にポジティブ。ただしSection 122即時発動で効果限定的。Holland & Knight+SCOTUSblogで確認,direct,https://www.hklaw.com/en/insights/publications/2026/02/supreme-court-strikes-down-ieepa-tariffs,reviewed,2026-03-29 01:12:15.896249,scan-market
40,2026-02-24 09:00:00+09,tariff,トランプがSection 122発動。全世界10%関税（150日間、最大15%）。IEEPA代替。法的基盤に疑義,negative,実質的に関税レベル維持。法的不確実性が継続。Covington+PIIE+Tax Policy Centerで確認,indirect,https://www.cov.com/en/news-and-insights/insights/2026/02/ieepa-tariffs-terminated-replacement-section-122-tariffs-take-effect,reviewed,2026-03-29 01:12:15.896735,scan-market
41,2026-02-28 12:00:00+09,geopolitical,米国+イスラエルがイランに大規模攻撃開始（Operation Epic Fury/Roaring Lion）。核施設・軍事5000+目標を攻撃,negative,2026年最大の地政学イベント。原油→即時。VIX急騰。Pentagon+White House+CNBCで確認,direct,https://en.wikipedia.org/wiki/2026_Iran_war,reviewed,2026-03-29 01:12:15.897167,scan-market
42,2026-03-02 12:00:00+09,oil,ホルムズ海峡が事実上閉鎖。日量1780万バレルの石油輸送が途絶。イランが元建て通行料制度を開始,negative,世界原油供給の20%に影響。Brent急騰の直接要因。CNBC+IEA+Al Jazeeraで確認,direct,https://www.cnbc.com/2026/03/27/oil-price-wti-brent-crude-trump-strait-hormuz-tensions-iran-ships.html,reviewed,2026-03-29 01:12:15.897659,scan-market
43,2026-03-11 23:00:00+09,tariff,USTRがSection 301調査を16カ国（中国・EU・日本・台湾・韓国等）に開始。半導体含む22セクター。完了目標7/24,negative,半導体が明示的に対象。SOXL/TECLに直接影響。公聴会4/28、コメント4/15。USTR公式+Holland & Knightで確認,direct,https://ustr.gov/about/policy-offices/press-office/press-releases/2026/march/ustr-initiates-section-301-investigations-relating-structural-excess-capacity-and-production,reviewed,2026-03-29 01:12:15.89817,scan-market
44,2026-03-19 03:00:00+09,fed,FRB据え置き（3.50-3.75%）。11-1投票。PCE 2.7%予想。ドットプロット2026年利下げ1回。原油高がインフレ上振れリスク,neutral,市場予想通りだが利上げ確率52%突破（CME先物）が新たな懸念。FRB公式+CNBC+Chaseで確認,indirect,https://www.cnbc.com/2026/03/18/fed-interest-rate-decision-march-2026.html,reviewed,2026-03-29 01:12:15.898613,scan-market
45,2026-03-28 21:00:00+09,geopolitical,"USS Tripoli含む3,500名の米軍部隊（31st MEU）が中東CENTCOM管轄域に到着。F-35B約20機搭載。Operation Epic Fury支援",negative,軍事増強は紛争長期化シグナル。継続的リスクオフ圧力。CBS・Military Times・USNIで確認,indirect,https://www.cbsnews.com/news/us-troops-uss-tripoli-centcom-middle-east-arrive-iran/,reviewed,2026-03-29 12:58:10.245282,scan-market
46,2026-03-12 23:00:00+09,tariff,USTRがSection 301で60カ国の強制労働輸入禁止未履行を調査開始。米輸入の99%カバー。公聴会4/28、完了目標7/24,negative,即時関税ではなく調査段階だが、IEEPA違憲判決後のPlan Bとして広範な関税の法的根拠構築。USTR公式+CNBCで確認。過去lesson考慮しrelevance=background,background,https://ustr.gov/about/policy-offices/press-office/press-releases/2026/march/ustr-initiates-60-section-301-investigations-relating-failures-take-action-forced-labor,reviewed,2026-03-29 12:58:10.247776,scan-market
47,2026-03-29 18:00:00+09,geopolitical,イラン議会議長Qalibafが米地上軍を「到着次第焼き殺す」と警告。外交協議を「兵力展開の隠れ蓑」と一蹴,negative,地上戦リスク言及は紛争エスカレーション。USS Tripoli到着直後の反応で米軍直接衝突リスク上昇。Fortune+PBS+The Hill+US Newsで確認,indirect,https://fortune.com/2026/03/29/iran-dismisses-diplomatic-talks-pakistan-ceasefire-us-troops/,reviewed,2026-03-30 12:26:53.355255,scan-market
48,2026-03-29 21:00:00+09,geopolitical,パキスタンが米イラン直接対話のホスト国を表明。サウジ・トルコ・エジプト外相がイスラマバードで協議開催,neutral,外交チャネル開設は潜在的positive。ただしイラン側は「交渉していない」と否定しており実現不透明。PBS+CP24+US Newsで確認。過去lesson（法的勝利≠市場インパクト）に類似し、外交進展＝即座の市場反応とは限らない,indirect,https://www.pbs.org/newshour/world/iran-warns-u-s-ground-troops-would-be-set-on-fire-and-pakistan-says-it-will-host-u-s-iran-talks,reviewed,2026-03-30 12:26:53.359215,scan-market
49,2026-03-29 12:00:00+09,geopolitical,Pentagon がイランでの数週間の限定地上作戦を準備中（WaPo報道）。Kharg Island・ホルムズ沿岸への特殊部隊+歩兵の作戦計画。82nd Airborne追加派遣予定。トランプ未承認,negative,地上戦計画は紛争の質的エスカレーション。空爆→地上戦は原油リスクプレミアム拡大要因。WaPo+Al Jazeera+Military Times+NBC+US Newsで確認,indirect,https://www.washingtonpost.com/national-security/2026/03/28/trump-iran-ground-troops-marines/,reviewed,2026-03-30 14:10:54.993488,scan-market
50,2026-03-30 10:00:00+09,geopolitical,トランプが「イランは15項目要求の大部分に同意」と主張（Air Force One上で記者団に）。具体的譲歩内容は未開示。イランは公式には拒否のまま,neutral,過去lesson適用: 合意フェーズはsell the newsになりやすい（K-009）。イラン公式拒否と矛盾しており検証不能。Times of Israel+Business Standard+CNNで報道。確証なき楽観はneutral,indirect,https://www.timesofisrael.com/liveblog-march-30-2026/,reviewed,2026-03-30 14:10:54.995914,scan-market
51,2026-03-30 14:00:00+09,geopolitical,IAFがテヘラン武器生産施設に120発以上の爆弾投下。住宅地にも被害（2名死亡5名負傷）、電力停電発生。戦争30日目で攻撃強度が増大,negative,攻撃強度の増大はホルムズ海峡閉鎖の長期化を示唆。原油高維持でインフレ圧力継続。SOXLロングには間接的に逆風（リスクオフ持続）。Al Jazeera+CNN Day30報道で確認,indirect,https://www.aljazeera.com/news/2026/3/29/us-israel-war-on-iran-whats-happening-on-day-30-of-attacks,reviewed,2026-03-30 17:52:38.867288,scan-market
52,2026-03-29 22:00:00+09,geopolitical,イランがイスラエルに10波のミサイル攻撃。ハイファ軍事航空宇宙施設の電子戦センターとベングリオン空港燃料貯蔵施設を標的,negative,イランがイスラエル本土の軍事・民間インフラを直接攻撃。3月28日のサウジ米軍基地攻撃に続く新たなエスカレーション。紛争拡大でVIX高止まり要因。Times of Israel+CNN Day30で確認,indirect,https://www.timesofisrael.com/liveblog-march-29-2026/,reviewed,2026-03-30 17:52:38.871487,scan-market
53,2026-03-30 05:00:00+09,market,米株先物3/30プレマーケットで反発。S&P先物+0.46%(6441.50)、Nasdaq先物+0.44%(23430)、Dow先物+0.40%(45605)。先週の大幅安からの自律反発,positive,先週S&P -1.67%/Nasdaq -2.15%からの反発。ただしVIX 31超・200日線下での戻りであり持続性は不透明。TQQQロングにとって短期的にはポジティブだが、レジスタンス(200日線6633)まで距離あり,direct,https://finance.yahoo.com/news/live/stock-market-today-dow-sp-500-nasdaq-futures-fall-entering-shortened-week-ahead-of-jobs-report-230645074.html,reviewed,2026-03-30 17:52:38.872341,scan-market
54,2026-04-03 21:30:00+09,fed,"3月NFP発表予定（Good Friday）。コンセンサス+57,000人（前月-92,000人から大幅改善見込み）、失業率4.4%予想。市場はGood Friday休場のため反応は4/6月曜日",neutral,雇用市場の回復度合いがFRBの利下げ/利上げ判断に直結。市場は既にレートハイク織り込みを開始しており、予想以上の強さならさらにタカ派シフト。Good Friday休場で即時反応なし。CNBC+Yahoo Financeで確認,indirect,https://www.cnbc.com/2026/03/27/stock-market-next-week-outlook-for-march-30-april-3-2026.html,reviewed,2026-03-30 17:52:38.872917,scan-market
55,2026-03-30 09:00:00+09,oil,Brent原油$115.35-$115.66に急騰（3/28の$112.57から+2.5%）。月間+55-59%で1990年湾岸戦争超えの史上最大月間上昇。ホルムズ海峡閉鎖による供給途絶が継続,negative,原油高騰はインフレ圧力・企業コスト増で株式全般にnegative。特にTQQQ/SPXLロングには逆風。$115超えは心理的節目で更なるリスクオフ加速の可能性。CNBC+Arab News+Reutersで確認,indirect,https://www.cnbc.com/2026/03/30/oil-price-today-wti-brent-yemen-houthis-israel-iran-war.html,reviewed,2026-03-30 18:44:10.774083,scan-market
56,2026-03-30 12:00:00+09,geopolitical,IRGCが中東の米・イスラエル系大学キャンパスへの報復攻撃を警告。月曜正午を期限に米政府のイラン大学爆撃非難を要求。カタールEducation City（米6大学）・UAE（NYU等）が対象。AUBはオンライン移行,negative,攻撃対象がカタール・UAEの米系施設に拡大すれば、湾岸同盟国の戦争巻き込みリスクが高まり地政学プレミアム増大。SOXLロングにはリスクオフ加速で逆風。Al Jazeera+JPost+PBSで確認,indirect,https://www.aljazeera.com/news/2026/3/29/iran-accuses-us-of-plotting-ground-attack-as-israel-steps-up-bombardment,reviewed,2026-03-30 18:44:10.777314,scan-market
57,2026-03-30 20:00:00+09,geopolitical,トランプがFTインタビューで「イランの石油を取る」と発言。Kharg Island（イラン石油輸出の90%超）の奪取を示唆。「反対する米国人はstupid people」と主張,negative,Kharg Island奪取はイラン戦争の地上侵攻フェーズへのエスカレーション示唆。Brent $116超に押し上げ。SOXLロングならエネルギーコスト高・リスクオフ継続で下落圧力。ただしK-009パターン: 強硬発言→交渉→手打ちの急反転リスクあり。CNBC+Bloomberg+NBC+Al Jazeera+CNN+FTで報道確認,indirect,https://www.cnbc.com/2026/03/30/trump-iran-oil-middle-east-war-israel-us-kuwait-attack-.html,reviewed,2026-03-30 22:08:22.657471,scan-market
58,2026-03-30 18:00:00+09,geopolitical,イランがクウェートの発電・海水淡水化プラントをドローン攻撃。インド人労働者1名死亡、建物に大きな被害。クウェート全体の電力・水道運営は安定維持。紛争がGCC中立国に波及,negative,戦争がイラン国外の中立GCC諸国に波及。地域紛争拡大リスク上昇。GCC諸国への攻撃はホルムズ海峡封鎖の長期化シナリオを強化。SOXLロングならリスクオフ継続・原油高の二重圧力。Al Jazeera+The National+AA+CNBCで報道確認,indirect,https://www.aljazeera.com/news/2026/3/30/iranian-attack-damages-kuwait-power-and-desalination-plant-kills-worker,reviewed,2026-03-30 22:08:22.659696,scan-market
59,2026-03-30 22:00:00+09,geopolitical,"イスラエル軍がテヘラン全域の政府インフラを攻撃。Karaj, Shiraz, Qom, Abadan, Tabriz, Isfahan等に拡大。テヘラン・アルボルズ州で完全停電。Imam Hossein大学（IRGC関連）も標的",negative,武器施設から政府インフラ全般へ攻撃範囲が拡大。首都完全停電は戦争強度の新段階。イラン報復激化リスク上昇。SOXLロングならリスクオフ深化で下落圧力継続。Al Jazeera(Day31)+Kurdistan24+CNNで報道確認,indirect,https://www.aljazeera.com/economy/2026/3/30/us-israel-war-on-iran-whats-happening-on-day-31-of-attacks,reviewed,2026-03-30 22:08:22.660283,scan-market
60,2026-04-01 00:00:00+09,tariff,Section 232自動車部品関税のinclusions window開始（4/1-4/14）。商務省が追加部品を25%関税対象に含める手続き。Federal Register 3/24公示,neutral,過去lesson: 調査・手続き段階のtariffイベントはneutral。実際の関税適用拡大時にnegativeに再評価する。自動車部品は半導体レバETFへの直接影響は限定的。Federal Register公示で確認,background,https://www.federalregister.gov/documents/2026/03/24/2026-05681/notice-of-the-opening-of-the-inclusions-window-for-the-section-232-automobile-parts-tariff,reviewed,2026-03-30 22:08:22.660809,scan-market
61,2026-03-30 23:00:00+09,geopolitical,トランプがTruth Socialでイランの電力・石油・Kharg Island・淡水化施設を「完全に消し去る」と最後通牒。ホルムズ海峡即時再開を条件に提示。FTインタビュー(石油を取る)からさらにエスカレート,negative,FTインタビュー(20:00登録済)からの明確なエスカレーション。淡水化施設まで含む全インフラ破壊の脅迫は人道的リスクも伴う。K-015パターン: 期限設定系はnegative(不確実性長期化)。ただしK-009: 極端な強硬発言は交渉の前段階の可能性もあり急反転リスク。Axios+CNBC+CNN+NBCで報道確認,indirect,https://www.cnbc.com/2026/03/30/trump-iran-war-obliterate-kharg-island-strait-of-hormuz-peace-deal.html,reviewed,2026-03-31 09:39:20.73695,scan-market
62,2026-03-31 05:00:00+09,market,"3/30米株引け: S&P500 -0.39%(6343.72), Nasdaq -0.73%(20794.64), Dow +0.11%(45216)。テック-1%超。プレマーケット反発から反転。S&P 5週連続下落、Dow補正入り",negative,プレマーケット(05:00登録済)では先物+0.4%だったが引けでは反転下落。テックセクター-1%超はSOXL直撃。5週連続下落はモメンタム的に弱気継続。SOXLロングなら下落トレンド継続圧力。SOXSロングなら追い風だが過熱感に注意。CNBC+CNN+TheStreetで報道確認,direct,https://www.cnbc.com/2026/03/29/stock-market-today-live-updates.html,reviewed,2026-03-31 09:39:20.739847,scan-market
63,2026-03-27 22:00:00+09,fed,CME FedWatch: 2026年末までのFRB利上げ確率が52%に到達（初めて50%超）。原油$110超・インフレ懸念・スタグフレーション恐怖が背景。利下げ→利上げへのナラティブ転換,negative,「いつ利下げか」から「利上げもありうる」への市場期待の根本的転換。利上げはバリュエーション圧縮→テック・成長株に特にnegative。SOXLロングなら金利上昇+バリュエーション圧縮の二重打撃。CNBC+Fortune+CME FedWatchで確認,indirect,https://www.cnbc.com/2026/03/27/markets-see-the-feds-next-move-as-a-potential-hike-as-oil-prices-inflation-fears-rise.html,reviewed,2026-03-31 09:39:20.741019,scan-market
64,2026-03-31 05:00:00+09,semiconductor,Micron -9.88%($321.80)。GoogleのTurboQuant AI（メモリ圧縮技術）がHBM需要見通しに懸念。決算(3/18)後-30%。半導体セクター全体に波及しSOX指数を押し下げ,negative,HBMはAI半導体の成長ドライバー。需要前提の揺らぎはSOXL/SOXSに直接影響。MU決算後-30%は過剰反応の可能性もあるが(HBM 2026年分は完売)、センチメント悪化がセクター全体に波及。SOXLロングなら逆風、SOXSなら追い風。CNBC+Motley Fool+24/7 Wall Stで報道確認,direct,https://www.cnbc.com/2026/03/30/micron-stock-earnings-sell-off-memory-shortage.html,reviewed,2026-03-31 09:39:20.741602,scan-market
65,2026-03-17 23:00:00+09,tariff,Section 301 excess capacity調査: 半導体を明示対象に16カ国+EUを調査。公聴会5/5-8（ITC）、コメント締切4/15。IEEPA違憲判決後の関税復活手段としてSection 301を活用。半導体セクターへの追加関税リスクが具体化,negative,半導体が調査対象に明記。5/5-8公聴会後に関税発動の可能性。SOXLロングなら公聴会前後の関税懸念で下落リスク。ただし調査段階のためlesson(ID 60 Section 301)に基づきneutralではなくnegative: 半導体は直接名指しで市場のセンチメント影響大。USTR公式+CNBC+Foreign Policyで確認,direct,https://ustr.gov/sites/default/files/files/Issue_Areas/Enforcement/Section%20301/Initiation%20Notice%202026-05214.pdf,reviewed,2026-03-31 09:56:35.449053,scan-market
66,2026-03-26 22:00:00+09,oil,イランがホルムズ海峡に'Tehran Toll Booth'体制を確立。IRGCが全通過船舶を検問・護衛。3/13以降26隻通過、通過料$2M/隻（元建て決済）。イラン議会が法制化準備中。Fortune分析: V字回復ではなくL字プラトーの可能性,negative,ホルムズ海峡の恒久的管理体制化。停戦しても原油価格のV字回復は困難でL字プラトー（$100+長期化）のシナリオ。元建て決済はドル覇権にも影響。SOXLロングならエネルギーコスト高→テック逆風が長期化。NBC+Al Jazeera+CNBC+Fortune+Lloyd's Listで報道,indirect,https://www.nbcnews.com/world/iran/irans-tehran-toll-booth-forces-tankers-pay-millions-leave-strait-hormu-rcna265258,reviewed,2026-03-31 09:56:35.452491,scan-market
67,2026-03-31 05:00:00+09,market,S&P 500が3/30終値6343.72で8月以来安値。correction(-10%)まで1%未満。Nasdaq -0.73%でcorrection圏内継続。テック-1%超 vs エネルギー+。Q1 2026はS&P/Nasdaqともマイナスで終了確実。Good Friday(4/3)で短縮週,negative,S&Pがcorrection入りすれば機関投資家のリスク削減・ポジション縮小が加速。短縮週で流動性低下→ボラティリティ増幅リスク。SOXLロングならQ1リバランス売り+correction恐怖でさらなる下落圧力。Bloomberg+TheStreet+Schwabで確認,indirect,https://www.bloomberg.com/news/articles/2026-03-30/stock-market-today-dow-s-p-live-updates,reviewed,2026-03-31 09:56:35.453897,scan-market
68,2026-03-31 07:00:00+09,geopolitical,"WSJ報道: トランプがイラン軍事作戦終了の意思を示唆。S&P先物+0.76%, Nasdaq先物+0.69%に急反発。Brent $107.5(-4.7%), VIX 28.87(-5.7%)と連動。ただし正式合意ではなくシグナルのみ",positive,リスクオフ緩和の直接シグナル。SOXLロングなら追い風、SOXSなら逆風。ただしK-009パターン(過去lesson): 合意フェーズはsell the newsになりやすい。正式合意ではなくWSJ報道のみのため、急反転リスクあり。検証: Bloomberg+CNBC+WSJで報道確認、Parquet VIX/Brentデータと整合,direct,https://www.bloomberg.com/news/articles/2026-03-30/stock-market-today-dow-s-p-live-updates,reviewed,2026-03-31 19:24:10.677563,scan-market
69,2026-03-31 03:00:00+09,geopolitical,イランの攻撃でサウジ基地の米軍要員12名以上負傷、F-35等の高価値機体に被害(NPR報道)。米軍直接被害は紛争のエスカレーションリスクを高める,negative,米軍人的被害はトランプ政権の報復エスカレーション圧力を高める。Kharg Island奪取議論の文脈で、地上作戦の口実になりうる。SOXLロングには原油高騰・リスクオフ深化リスク。検証: NPR(Tier2)で報道。WSJ平和シグナルと時間的に先行する矛盾あり→両面注視,indirect,https://www.npr.org/2026/03/30/nx-s1-5765967/trump-iran-israel-lebanon-kharg-island-oil,reviewed,2026-03-31 19:24:10.681548,scan-market
70,2026-03-31 06:00:00+09,oil,サウジがリヤド及び東部州(石油集積地域)を標的とした弾道ミサイル8発以上を迎撃。Aramco施設への直接被害は回避されたが、供給途絶リスクは継続,negative,東部州はサウジ石油生産の中核。迎撃成功でも攻撃頻度増加は保険プレミアム上昇要因。Brentが$107台に下落したのは平和シグナルが優勢だが、攻撃継続なら下値は限定的。SOXLには間接的negative(コスト高→消費減→テック需要減の経路)。検証: Al Jazeera+CNN+businessupturnで報道確認,indirect,https://www.aljazeera.com/news/2026/3/31/iran-war-what-is-happening-on-day-32-of-us-israel-attacks,reviewed,2026-03-31 19:24:10.682505,scan-market
71,2026-03-31 08:00:00+09,geopolitical,ルビオ国務長官: イラン交渉は「ongoing and fluid」。パキスタン・トルコ経由の間接交渉。交渉相手に合意権限があるか「テスト中」。イラン外務省は直接交渉を否定,neutral,交渉進展を示唆するが、イラン側の否定と権限不明確さが不確実性を維持。過去lesson: 期限設定系イベントは不確実性長期化でnegative寄り。正式合意に至らない限り市場への追加インパクトは限定的。検証: PBS+CNN+Yahoo News(Tier1-2)で報道確認,background,https://www.yahoo.com/news/articles/rubio-touts-progress-iran-talks-193506122.html,reviewed,2026-03-31 19:24:10.683116,scan-market
72,2026-03-31 09:10:00+09,oil,イランドローンがドバイ港沖停泊中のクウェートVLCC「Al Salmi」を攻撃、船体損傷・火災発生。原油200万バレル積載（$2億超相当）。乗組員24名無事、油流出なし。WTI一時+3.7%($106.70)急騰後、平和シグナルで反転しV字回復,negative,攻撃がホルムズ海峡からUAE港湾域に拡大。停泊中船舶への攻撃は海上保険プレミアム追加上昇要因。ただしWTIはV字反転し+0.04%引けで市場は消化済み。SOXLロングには間接negative(原油高コスト)だが当日は平和シグナルが優勢。検証: CNN+Bloomberg+Al Jazeera+NPRで報道確認,indirect,https://www.bloomberg.com/news/articles/2026-03-30/iran-strikes-fully-laden-kuwait-oil-tanker-in-dubai-port-area,reviewed,2026-03-31 22:03:24.607437,scan-market
73,2026-03-31 20:00:00+09,geopolitical,"トランプが政権幹部にイラン戦争終結の意思を表明、ホルムズ海峡の完全再開を条件としない姿勢を示唆。S&P+1.12%, Dow+1.14%, Nasdaq+1.09%の反発を牽引",positive,WSJ報道(07:00 JST)の続報・詳細。ホルムズ再開を条件から外す=合意ハードル低下。K-009パターン注意: 合意フェーズはsell the newsリスク。SOXLロングなら直接positive、SOXSなら逆風。検証: Yahoo Finance+247 Wall St+Schwabで報道確認,direct,https://finance.yahoo.com/news/live/stock-market-today-dow-sp-500-nasdaq-soar-after-trump-remarks-on-ending-war-with-hormuz-closed-230141142.html,reviewed,2026-03-31 22:03:24.611309,scan-market
74,2026-03-31 02:00:00+09,fed,パウエルFRB議長ハーバード講演: インフレ期待は短期以外well anchored、原油ショックでの利上げ不要。「金融引締めが効く頃には原油ショックは終わっている」。現行3.5-3.75%は「good place」,positive,利上げ観測(CME 52%)を牽制する発言。スタグフレーション懸念を和らげる。SOXLロングにはpositive(金利据え置き=グロース株に追い風)。ただし「eventually face the question」と将来の利上げ可能性も排除せず。検証: CNBC+Bloomberg+Motley Fool(Tier1-2)で報道確認,direct,https://www.cnbc.com/2026/03/30/powell-sees-inflation-outlook-in-check-no-wider-crisis-yet-in-private-credit.html,reviewed,2026-03-31 22:03:24.61193,scan-market
75,2026-03-31 22:30:00+09,market,"3/31米株開場: S&P500 +1.12%, Dow +1.14%(+512pt), Nasdaq +1.09%(+252pt)。トランプ停戦シグナル+パウエル利上げ否定で4営業日ぶり反発。原油WTI $103.13(+0.04%)",positive,4営業日ぶりの反発。S&P correction(-10%)圏からの回復を試みる動き。ただしQ1末のリバランス・ウィンドウドレッシング効果の可能性もあり、持続力は未確認。検証: Yahoo Finance+Bloomberg+CNBCリアルタイムデータ,direct,https://247wallst.com/investing/2026/03/31/stock-market-live-march-31-2026-sp-500-spy-pops-on-news-trump-could-end-war/,reviewed,2026-03-31 22:03:24.612509,scan-market
76,2026-03-31 12:00:00+09,geopolitical,NATOがイランからトルコに向かうミサイルを迎撃。戦争開始以来4発目。NATO加盟国への攻撃は第5条(集団的自衛権)発動の閾値に近づく,negative,紛争がNATO圏に波及するリスクの顕在化。第5条発動なら戦争の質的変化。ただし過去3回も同様の迎撃があり、NATO側は自制的に対応。即座のエスカレーションは低確率。検証: Al Jazeera+CBS Newsで報道確認,background,https://www.aljazeera.com/news/2026/3/31/iran-war-what-is-happening-on-day-32-of-us-israel-attacks,reviewed,2026-03-31 22:03:24.613066,scan-market
77,2026-03-31 22:30:00+09,oil,米国ガソリン平均価格が$4/ガロンに到達（2022年以来最高）。ホルムズ海峡閉鎖による供給遮断の消費者への波及が顕在化,negative,消費者購買力低下→リセッション懸念。SOXLロングには間接negative。ただしトランプが停戦を急ぐインセンティブにもなる（政治的圧力）。検証: CNN live updatesで報道確認,indirect,https://www.cnn.com/2026/03/31/world/live-news/iran-war-us-trump-oil,reviewed,2026-03-31 22:38:42.250888,scan-market
78,2026-03-31 21:00:00+09,geopolitical,中国船舶3隻がホルムズ海峡を「関係者との調整」を経て通過（中国外務省報道官）。事実上のイラン-中国間の特別通行合意を示唆,neutral,海峡の「選択的通行許可」はイランの交渉カード。完全再開ではないがゼロでもない。原油供給の部分回復シグナルだが、米国・同盟国の船舶は対象外の可能性。SOXLロングには微positive（緊張緩和の兆し）。検証: CNN+中国外務省発表(Tier1),background,https://www.cnn.com/2026/03/31/world/live-news/iran-war-us-trump-oil,reviewed,2026-03-31 22:38:42.25243,scan-market
79,2026-03-31 22:00:00+09,geopolitical,ヘグセス国防長官: 地上作戦含め「予測不能であることが目的」。USS Tripoli(海兵隊)はインド洋に展開中,negative,地上作戦の可能性を排除せず不確実性を維持。トランプ停戦シグナルと矛盾する発言で市場の方向感を曇らせる。SOXLロングには不確実性要因。検証: CNN+Action News Jax(Pentagon briefing),indirect,https://www.actionnewsjax.com/news/local/watch-live-pentagon-briefing-iran-war/PRTMD6KKIRCD7IBAMVV6V553HU/,reviewed,2026-03-31 22:38:42.253136,scan-market
80,2026-03-31 23:30:00+09,market,"3/31正午(ET): S&P +1.56%(6442), Nasdaq +2.00%(21210), Dow +1.33%(+600pt)。VIXが-10%の27.57に急落、25閾値に接近。テック+バイオが牽引",positive,Nasdaq +2.00%は開場時+1.09%からさらに加速。VIX 27.57は3/25以来の低水準。SOXLロング($42.95)にはdirect positive。検証: stockmarketwatch.com+Trading Economics,direct,https://stockmarketwatch.com/live/stock-market-today/,reviewed,2026-03-31 23:39:22.273764,scan-market
81,2026-03-31 23:00:00+09,geopolitical,米国が数百人の特殊作戦部隊を中東に展開。イラン重要インフラ（Kharg Island等）奪取の地上作戦に備える動き（NBC報道）,neutral,K-020知見適用: risk_offレジーム下の追加軍事展開はimpact逓減。ヘグセス「予測不能」発言と一体。能力配置であり攻撃実行ではない。SOXLロングへの即時影響は限定的。攻撃実行時に再評価。検証: NBC+CNN(Tier1-2),background,https://www.nbcnews.com/world/iran/live-blog/live-updates-iran-war-gas-prices-trump-hormuz-tanker-isfahan-rcna265972,reviewed,2026-03-31 23:39:22.275128,scan-market
82,2026-04-01 00:00:00+09,geopolitical,パキスタン・中国が5項目の平和イニシアチブを発表。即時停戦と和平交渉、ホルムズ海峡の航行安全確保・早期正常化を要求。中国船3隻の通過に続く外交攻勢,positive,中国+パキスタン（イラン仲介国）の共同提案はイランが受け入れやすい枠組み。ホルムズ正常化要求が入っており、原油市場にはpositive。SOXLロングにはpositive（停戦期待の追い風）。ただしK-009: 提案≠合意。実効性は未確認。検証: Al Jazeera(Tier2)で報道確認,indirect,https://www.aljazeera.com/news/2026/3/31/iran-war-what-is-happening-on-day-32-of-us-israel-attacks,reviewed,2026-04-01 00:36:04.111651,scan-market
83,2026-03-31 23:30:00+09,geopolitical,ルビオ国務長官がAl Jazeera独占インタビューで「米国の戦争目標は数週間で達成される」と発言。交渉の「ongoing and fluid」(08:00 JST)からより具体的なタイムラインに踏み込む,positive,「weeks not months」は戦争終結の時間軸を初めて明示。SOXLロングにはpositive（戦争長期化リスクの後退）。ただし軍事目標達成≠停戦。イラン側の同意が前提。検証: Al Jazeera独占(Tier2),indirect,https://www.aljazeera.com/news/2026/3/31/iran-war-what-is-happening-on-day-32-of-us-israel-attacks,reviewed,2026-04-01 00:36:04.113036,scan-market
84,2026-04-01 05:00:00+09,market,"3/31引け: S&P +2.91%(6528), Nasdaq +3.83%(21591), Dow +1125pt(+2.49%)。5月以来の最大上昇日。VIX 25.25(-17.5%)。SOXX +4%。イラン大統領ペゼシュキアンの交渉言及+消費者信頼感改善が追加カタリスト",positive,Nasdaq +3.83%はEpic Fury以降最大の反発。VIX 25.25は25閾値到達。risk_offレジームからの転換シグナルの可能性。検証: CNBC+TheStreet+247 Wall St(Tier1-2),direct,https://www.cnbc.com/2026/03/30/stock-market-today-live-updates.html,reviewed,2026-04-01 09:24:35.557222,scan-market
85,2026-04-01 03:00:00+09,geopolitical,イラン大統領ペゼシュキアンが「米国と善意で交渉に入った」と初めて認める。ただし交渉中に攻撃されたとして米国の誠意を疑問視。Isfahan核施設付近で夜間に激しい爆発,positive,イラン大統領が交渉を初めて公式に認めた。これまでイラン外務省は否定していた。K-009パターン: escalation→交渉フェーズへの移行を示唆。ただし「攻撃中に交渉」は不安定。破談リスクは残る。検証: NBC+CNN+CNBC(Tier1-2)で報道確認,indirect,https://www.nbcnews.com/world/iran/live-blog/live-updates-iran-war-gas-prices-trump-hormuz-tanker-isfahan-rcna265972,reviewed,2026-04-01 09:24:35.560654,scan-market
86,2026-04-01 05:00:00+09,oil,Brent原油3月は+60%超の史上最大月間上昇（1988年以来の記録）。WTI +51%（2020年5月以来最大）。3/31引けはBrent $105、WTI $102に下落,neutral,月間記録は過去の事実。3/31の下落(-7.6%)はde-escalation織り込み。Brent $105は依然crisis水準だが、$112.78→$105で方向は改善。検証: CNBC(Tier1),indirect,https://www.cnbc.com/2026/03/31/oil-price-today-wti-brent-trump-energy-sites-water-war-escalation-deal.html,reviewed,2026-04-01 09:24:35.561321,scan-market
87,2026-04-01 13:00:00+09,oil,イラン発巡航ミサイル3発がカタール領海のQatarEnergyタンカーに向け発射、カタール軍が2発迎撃するも1発命中。乗組員21名は無事退避、環境被害なし。ホルムズ海峡閉鎖に加え湾岸諸国領海での商船攻撃はエスカレーション,negative,ホルムズ海峡閉鎖に加え、カタール領海での商船直接攻撃は海上保険料と原油リスクプレミアムのさらなる上昇要因。SOXLロングなら原油高→コスト増の間接圧力。Al Jazeera+Khaleej Timesで確認,indirect,https://www.aljazeera.com/news/liveblog/2026/4/1/iran-live-trump-says-no-deal-needed-to-end-war-isfahan-steel-plants-hit,reviewed,2026-04-01 16:58:09.596437,scan-market
88,2026-04-01 05:00:00+09,geopolitical,米・イスラエル軍がイスファハンMobarakeh Steel Industries（イラン最大級）とアフヴァーズKhuzestan Steelを空爆。1週間で2度目。核施設に加え産業インフラへの攻撃拡大。イラン外相は「重い代償を払わせる」と警告,negative,核施設から産業インフラへのターゲット拡大は戦争長期化・報復エスカレーションのシグナル。ただし市場は既に戦争プレミアムを織り込み中。K-009パターン（急反転リスク）は停戦合意時に注意。Kurdistan24+Arab News+Iran Internationalで確認,indirect,https://www.arabnews.com/node/2637877/amp,reviewed,2026-04-01 16:58:09.599916,scan-market
89,2026-04-01 16:30:00+09,market,"4/1プレマーケット: S&P先物+0.71%, Nasdaq先物+1.02%, Russell2000先物+1.08%。イラン大統領の交渉姿勢+トランプの戦争終結意思表明を受け、Q2初日にリスクオン継続。Brentは-2.9%の$104に下落",positive,3/31の大幅上昇に続きプレマーケットも続伸。和平期待→原油下落→テック買いの好循環。TQQQロングに追い風だが、K-009（急反転リスク）に留意: 4/6ホルムズ期限に向け交渉決裂なら急落リスク。Yahoo Finance+Investing.comで確認,direct,https://finance.yahoo.com/news/live/stock-market-today-dow-sp-500-nasdaq-futures-climb-as-de-escalation-talk-in-iran-sparks-rally-to-close-out-q1-224325839.html,reviewed,2026-04-01 16:58:09.60057,scan-market
90,2026-04-01 23:00:00+09,fed,"4/1発表予定: ISM製造業PMI（予想52.3, 前回52.4）、ISM製造業物価（予想73.8, 前回70.5で上昇傾向）、ADP雇用（予想+41K, 前回+63K）。物価上昇+雇用鈍化はスタグフレーション懸念を強める組み合わせ",negative,ISM物価73.8予想は原油高の波及を示唆。ADP+41Kは労働市場の減速。4/3NFP（+57K予想）の先行指標。Fed利下げ期待と物価上昇の板挟みがレバETFのボラティリティ要因。FRB公式+Trading Economicsで確認,direct,https://tradingeconomics.com/united-states/business-confidence,reviewed,2026-04-01 16:58:09.601152,scan-market
91,2026-04-01 12:00:00+09,geopolitical,イランのドローンがクウェート国際空港の燃料タンクを攻撃、大規模火災発生。死傷者なし。空港は2月末以来のイラン攻撃で商業運航を完全停止中。湾岸国への直接攻撃のエスカレーション,negative,湾岸国インフラへの直接攻撃が継続・拡大。紛争のイラン-米イスラエル二国間から湾岸全域への波及を示す。原油供給インフラへのリスクプレミアム上昇要因。CNBC+Al Arabiya+Gulf Newsで報道確認,indirect,https://www.agbi.com/aviation/2026/04/kuwait-says-iran-drone-attack-sets-airport-fuel-tanks-ablaze/,reviewed,2026-04-01 20:47:30.69559,scan-market
92,2026-04-01 20:30:00+09,semiconductor,"IRGC（イラン革命防衛隊）が米テック18社を「正当な標的」と宣言。NVIDIA, Apple, Microsoft, Google, Meta, Intel, Tesla, Boeing等。4/1 20:00テヘラン時間(4/2 00:30 JST)から攻撃開始と警告。過去にAWSバーレーン/UAEデータセンターをドローン攻撃した実績あり",negative,"SOXL構成銘柄(NVIDIA, Intel)およびTQQQ/TECL構成銘柄(Apple, Google, Meta, Microsoft)が直接標的。中東拠点への物理攻撃リスク。過去のAWSデータセンター攻撃は実行済みの前例。半導体サプライチェーンへの直接影響は限定的だが、センチメント悪化要因。CNBC+Time+Engadget+Foreign Policyで報道確認",direct,https://www.cnbc.com/2026/04/01/iran-irgc-nvidia-appple-attack-threat.html,reviewed,2026-04-01 20:47:30.698652,scan-market
93,2026-04-02 10:00:00+09,geopolitical,トランプ大統領がイラン戦争について初のプライムタイム演説(4/1 9PM ET = 4/2 10:00 JST)。「2-3週間で終わる」「同盟国は自分で海峡の石油を取りに行け」と発言。戦争終結シグナルか追加エスカレーションか不明,neutral,演説内容次第で市場が大きく動く両面リスクイベント。停戦・撤退発表ならK-009パターン（急反転リスク）: 原油急落→レバETF急騰の可能性。追加攻撃・エスカレーション発表なら逆。内容不明のためneutral。CBS+NPR+WaPo+Al Jazeeraで報道確認,direct,https://www.cbsnews.com/news/trump-iran-war-update-primetime-address-wednesday/,reviewed,2026-04-01 20:47:30.699406,scan-market
94,2026-04-01 15:00:00+09,geopolitical,イスラエルがベイルート南部郊外を空爆、7名死亡21名負傷。ヒズボラ上級司令官を標的。戦争終結後も南レバノン占領を継続すると宣言。レバノン前線のエスカレーション,negative,レバノン戦線の拡大はイラン戦争の多戦線化を示す。占領宣言は紛争長期化シグナル。ただし市場は既にレバノン戦線を織り込み済みの可能性。lesson適用: 主要国間戦争進行中の周辺エスカレーションはbackground寄り。Euronews+Times of Israel+Al Jazeeraで報道確認,background,https://www.euronews.com/2026/04/01/israeli-strikes-kill-seven-in-beirut-as-it-vows-to-occupy-southern-lebanon-after-war-ends,reviewed,2026-04-01 20:47:30.699944,scan-market
95,2026-04-01 21:00:00+09,geopolitical,Trump: NATO離脱を「強く検討」。Telegraph紙インタビューでNATOを「paper tiger」と呼称。イラン戦争で同盟国がホルムズ海峡への艦船派遣を拒否したことに激怒。ルビオ国務長官も戦後のNATO関係「再検討」を表明,negative,"NATO離脱は欧州安保の根幹を揺るがし、地政学リスクプレミアム拡大要因。ただし過去のlesson(期限延長=不確実性長期化)と同パターンで、実行までの不確実性が市場を圧迫する構図。SPXLロングならリスクオフ圧力でネガティブ。検証: CNBC, CNN, NBC, Al Jazeera, Euronews等複数Tier2ソースで確認",indirect,https://www.cnbc.com/2026/04/01/trump-says-hes-considering-pulling-us-out-of-paper-tiger-nato.html,reviewed,2026-04-01 22:00:31.084069,scan-market
96,2026-04-01 22:00:00+09,geopolitical,WSJ報道: Trumpがホルムズ海峡再開なしでもイラン戦争終結を受け入れる用意があるとホワイトハウススタッフに伝達。ルビオ国務長官も「finish lineが見えている」と発言。市場はこの報道を受けて先物上昇,positive,戦争終結の最大障壁だったホルムズ条件の緩和は和平実現可能性を大幅に高める。SPXLロングなら地政学リスク縮小でポジティブ。ただしK-009パターン（急反転リスク）に注意: 交渉決裂時の反落リスクあり。検証: WSJ(Tier2) + CBS(Tier2)で確認,indirect,https://www.cbsnews.com/live-updates/iran-war-trump-nato-tehran-threatens-us-tech-companies-strait-of-hormuz/,reviewed,2026-04-01 22:05:41.525009,scan-market
97,2026-04-01 22:00:00+09,oil,米ガソリン全国平均$4.02/gal突破（2022年8月以来初）。戦前比+$1超、AAA史上最大の月間上昇幅。ディーゼルは$5.45/gal（戦前$3.76）。イラン戦争開始(2/28)以降の原油高が消費者直撃,negative,"ガソリン$4超はインフレ期待上昇・消費支出圧迫の二重ネガティブ。FRBの利下げ余地を狭め、スタグフレーション懸念を強化。SPXLロングにはマクロ逆風。ISM物価(23:00)との合わせ技で売り加速リスクあり。検証: AAA公式(Tier1), NPR(Tier2), PBS(Tier2), AP(Tier1)",indirect,https://www.npr.org/2026/03/31/nx-s1-5768173/the-average-u-s-gas-price-is-now-4-a-gallon-what-does-that-mean-for-the-economy,reviewed,2026-04-01 22:15:36.25805,scan-market
98,2026-04-01 22:00:00+09,oil,IEA事務局長: 4月の原油供給喪失は3月の2倍に悪化すると警告。戦略備蓄追加放出を検討中。ホルムズ海峡が1-3週間以内に再開しなければエネルギー価格は劇的に上昇すると業界アナリスト警告,negative,原油供給危機の深刻化はインフレ加速・景気後退リスクを高める。SPXLロングには逆風。ただし戦略備蓄放出が実現すれば一時的な価格抑制効果あり。ホルムズ条件緩和(本日登録の別イベント)と矛盾する方向 — 和平が実現しない場合のダウンサイドシナリオを示唆。検証: IEA(Tier1) + CNBC(Tier2)で報道,indirect,https://www.cnbc.com/2026/04/01/oil-price-iea-fatih-birol-brent-iran-strait-hormuz.html,reviewed,2026-04-01 22:25:17.187923,scan-market
99,2026-04-01 23:00:00+09,fed,"3月ISM製造業PMI 52.7（予想52.3, 前回52.4）拡大継続。ISM物価指数(Prices Paid) 78.3（予想74.0, 前回70.5）大幅上振れ、2022年6月以来最高。PMI好調+物価急騰のスタグフレーション兆候",negative,PMI自体は好調だが、物価78.3は予想+4.3ptの大幅上振れ。Fed利下げ期待後退・利上げ観測浮上リスク。テック/半導体のバリュエーション圧縮要因。SOXLロングには中期的に逆風だが、短期は和平期待が上回っている。検証: Investing.com(Tier2) + TradingEconomics(Tier2),indirect,https://www.investing.com/economic-calendar/ism-manufacturing-prices-174,reviewed,2026-04-01 23:14:22.172649,scan-market
100,2026-04-02 05:00:00+09,market,"4/1引け: S&P +0.72%(6575), Nasdaq +1.16%(21841), Dow +0.48%(46566)。SOXL +9.1%(52.26)、SOXX連動で半導体セクター牽引。VIX 24.54(-2.8%)で25割れ。2日連続上昇だが上昇幅は縮小",positive,CNBC+TheStreetで確認。S&P 2日連続上昇、VIX 25割れはrisk_off緩和シグナル。ただし上昇幅縮小（前日+2.91%→+0.72%）はモメンタム鈍化。SOXLロングにはTP$55接近の追い風だが、演説前の様子見も,direct,https://www.cnbc.com/2026/03/31/stock-market-today-live-updates.html,reviewed,2026-04-02 09:30:34.001037,scan-market
101,2026-04-02 06:00:00+09,geopolitical,イランがTrump演説の数時間前に米・イスラエル目標への新たなミサイル攻撃を実施。IRGC tech18社期限(4/2 00:30 JST)通過後も物理攻撃は継続。イランはトランプの停戦要求を否定、「戦い続ける決意」と表明,negative,CBS News+NBC Newsで確認。IRGC tech企業への直接攻撃は未確認だが、軍事攻撃継続はエスカレーション維持。lesson: 期限設定系イベントは不確実性長期化でneg。SOXLロングには演説前の不確実性として残存リスク,indirect,https://www.cbsnews.com/live-updates/iran-war-trump-nato-tehran-threatens-us-tech-companies-strait-of-hormuz/,reviewed,2026-04-02 09:30:34.003128,scan-market
102,2026-04-02 03:00:00+09,geopolitical,英国がホルムズ海峡再開に向けた国際外交会議を今週開催予定。クーパー外相主導、戦後の実施計画を軍事プランナーが策定中。中国・パキスタンの5項目提案に続く多国間外交の加速,positive,NBC News+CNBCで確認。ホルムズ再開の外交チャネル拡大は原油価格下落要因。Brent $99.92で$100割れはこの期待を反映。SOXLロングにはリスクプレミアム低下を通じた間接的追い風,indirect,https://www.nbcnews.com/world/middle-east/live-blog/live-updates-iran-war-trump-address-nation-rcna266149,reviewed,2026-04-02 09:30:34.003739,scan-market
103,2026-04-02 05:00:00+09,oil,Brent原油が$99.92で$100を割り込む。3月の+60%急騰後初の$100割れ。WSJホルムズ条件緩和報道+UK外交会議+和平期待が複合要因。ただしホルムズ閉鎖継続中、IEA供給喪失警告は有効,positive,Parquetデータで確認(BRENT 4/1: $99.92)。$100割れはインフレ圧力緩和シグナル。ISM物価78.3との組合せで、原油安定なら株式にポジティブ。ただし4/6ホルムズ期限までは反発リスクあり,indirect,https://tradingeconomics.com/commodity/brent-crude-oil,reviewed,2026-04-02 09:30:34.004305,scan-market
104,2026-04-02 00:00:00+09,fed,FRB 3月FOMC据え置き(3.50-3.75%)確認。2026年利下げ中央値1回維持。パウエル議長: 原油ショック下でインフレ進展は期待ほどでない。成長見通し0.9%に下方修正。次回FOMC 4/28-29,neutral,FRB公式声明+Yahoo Financeで確認。据え置きは織り込み済み。利下げ1回見通し維持は大きなサプライズなし。4/28-29 FOMCまでは金利面からの新材料は限定的,background,https://www.federalreserve.gov/newsevents/pressreleases/monetary20260318a.htm,reviewed,2026-04-02 09:30:34.004828,scan-market
105,2026-04-01 21:15:00+09,fed,"ADP 3月民間雇用+62,000人（予想+41,000を上振れ、前月+63,000とほぼ同水準）。年間賃金+4.5%。小規模企業(20人未満)+112,000が牽引、中規模は減少。教育・ヘルス+58,000、貿易・運輸は引き続き減少",neutral,ADP公式+UPI+Advisor Perspectivesで確認。予想上振れだが前月並みで大きなサプライズなし。ISM物価78.3と合わせると雇用堅調+物価高のスタグフレーション材料だが、市場は4/1にISMを消化済みで追加反応は限定的。NFP(4/3)の前哨戦,background,"https://mediacenter.adp.com/2026-04-01-ADP-National-Employment-Report-Private-Sector-Employment-Increased-by-62,000-Jobs-in-March-Annual-Pay-was-Up-4-5",reviewed,2026-04-02 09:42:29.992693,scan-market
106,2026-04-02 09:00:00+09,geopolitical,ホワイトハウスがTrump演説前にファクトシート公開。Operation Epic Furyの4目標に「decisive success（決定的成功）」と評価。演説を勝利ナラティブとして設定。2-3週間で終了の既存発言を補強する内容,positive,WhiteHouse.gov公式+CBS News+Business Upturnで確認。演説をエスカレーションではなく勝利宣言として位置づけ。市場は和平・撤退期待で反応する可能性。K-009パターン（急反転リスク）との照合: 演説内容が期待通りならリスクオン継続、NATO離脱言及が強ければ別のリスク要因化,indirect,https://www.whitehouse.gov/releases/2026/04/president-trumps-clear-and-unchanging-objectives-drive-decisive-success-against-iranian-regime/,reviewed,2026-04-02 09:42:29.994323,scan-market
107,2026-04-02 10:20:00+09,geopolitical,"Trump演説結果: イラン戦争は更に2-3週間継続、""extremely hard""に攻撃すると宣言。出口戦略の具体的タイムラインなし。演説後先物急落: Dow -260pt(-0.6%), S&P -0.7%, Nasdaq -0.8%。WTI $98->$104、Brent反発。市場は早期終戦を期待していたが裏切られた形",negative,市場は早期和平を織り込んで4/1に反発していたが、演説で2-3週間の追加攻撃を明言し期待剥落。先物の即時反応(-0.7~-0.8%)が失望の大きさを示す。SOXLロングなら原油高継続+リスクオフで下落圧力。CNBC+CBS+CNNで確認。,direct,https://www.cnbc.com/2026/04/01/stock-market-today-live-updates.html,reviewed,2026-04-02 12:33:13.602621,scan-market
108,2026-04-02 09:00:00+09,geopolitical,"イラン外相Araghchi: 停戦要請を否定、""trust level is at zero""と発言。米国と直接交渉していないと明言。米国15項目提案 vs イラン5項目対案で平行線。Axios報道: 仲介者経由での間接協議は進行中だが合意の見通し不透明",negative,K-009(急反転)パターンに関連: 停戦合意なら急反転リスクだが、現時点では交渉決裂方向。不確実性の長期化は過去lesson(期限延長=negative)と一致。ホルムズ再開が遠のき原油高継続。Bloomberg+CNBC+Axiosで確認。,indirect,https://www.axios.com/2026/04/01/trump-iran-ceasefire-president,reviewed,2026-04-02 12:33:13.606335,scan-market
109,2026-04-02 06:00:00+09,market,SpaceXがSECにIPOの秘密申請を提出。xAI統合後の評価額$1.75T、6月上場目標。史上最大のIPO（$75B調達）となる見込み。OpenAI・Anthropicに先行。宇宙関連株上昇、テック心理にプラス,positive,テックIPOパイプラインの活性化はリスクオン心理を支援。ただしレバETFへの直接影響は限定的（SpaceXは非上場→上場）。Nasdaq構成銘柄への直接効果はないがセンチメント改善要因。Bloomberg+CNBC+WaPoで確認。,background,https://www.cnbc.com/2026/04/01/spacex-confidentially-files-for-ipo-setting-stage-for-record-offering.html,reviewed,2026-04-02 12:33:13.60771,scan-market
110,2026-04-02 12:00:00+09,tariff,Trump政権がauto import + USMCA免除を無期限延長。3/5設定の4/2期限を恒久化。Section 122の10%グローバル関税は維持されるが、自動車・USMCA対象品目の追加関税リスクが消滅。,positive,関税エスカレーションの不確実性が一つ解消。SOXLロングなら自動車部品サプライチェーンの安定がプラス材料。ただしSection 301半導体調査(公聴会5/5-8)は別途進行中で半導体固有リスクは残存。検証: Tax Foundation + Ballotpedia tariff trackerで確認。,indirect,https://taxfoundation.org/research/all/federal/trump-tariffs-trade-war/,reviewed,2026-04-02 17:18:13.019353,scan-market
111,2026-04-05 23:00:00+09,oil,OPEC+ 8カ国閣僚会合(4/5)。5月生産量を決定。4月は206k bpd増産を実施中。Hormuz危機下で「同盟形成以来最重要」と評される。Trump演説でホルムズ再開条件が明確化されたが、イラン拒否の構図が継続。,neutral,増産継続なら原油下押し(TQQQ/SOXLにpositive)、据え置きなら原油高止まり(negative)。方向が不確定のためneutral。K-009(政策変更の急反転)パターン: OPEC+が予想外の大幅増産を発表すれば原油急落→レバETF急反発の可能性。検証: CNBC + Bloomberg + Fortune で報道確認。,indirect,https://fortune.com/2026/03/01/opec-oil-output-increase-saudi-arabia-russia-iran-conflict-crude-prices/,reviewed,2026-04-02 17:18:13.022468,scan-market
112,2026-04-02 17:00:00+09,market,"4/2プレマーケット: S&P 500先物-1.1%, Nasdaq 100先物-1.3%。Trump演説が戦争終結の明確なタイムラインを示さなかったことへの失望売り。Nike -15%(China売上-20%ガイダンス)も重石。Good Friday前の短縮週最終取引日。",negative,TQQQ/SOXLロングなら-1%超の先物下落は日中もネガティブ。ただし過去lesson: VIX>30のプレマーケット先物はneutral扱い。現在VIX 24.5で閾値未満だが戦時環境のため取引時間中の反転リスクあり。Good Friday前で流動性低下も考慮。Yahoo Finance + Schwabで確認。,direct,https://ca.finance.yahoo.com/news/stock-market-today-dow-sp-500-nasdaq-futures-in-stasis-ahead-of-trumps-national-address-on-iran-224909246.html,reviewed,2026-04-02 17:18:13.023445,scan-market
113,2026-04-02 18:00:00+09,oil,Brent原油が4.8%急騰し$106.04に反発。Trump演説で「今後2-3週間extremely hardに攻撃する」とエスカレーション表明、和平期待後退でホルムズ再開見通しが悪化。4/2早朝の$99.92（$100割れ）から急反転。IEA推計の供給喪失（4.5-5M bpd）は4月中旬に倍増見込み。,negative,Brent $106は戦時高値圏に回帰。ホルムズ再開がTrump演説で更に遠のき、4月の供給喪失倍増が重なればインフレ圧力が再加速。TQQQ/SOXLロングには逆風（コスト増→企業収益圧迫）。Reuters+Bloomberg+CNBC複数報道で確認。,indirect,https://www.investing.com/news/commodities-news/oil-prices-drop-on-hopes-of-us-pullback-from-iran-war-4594538,reviewed,2026-04-02 19:41:07.414274,scan-market
114,2026-04-02 20:00:00+09,geopolitical,イラン軍がTrump演説に反発: 「更に壊滅的で大規模な行動を期待せよ」と声明。Trump「石器時代に戻す」発言後にイスラエルへ追加ミサイル発射。双方エスカレーション姿勢を強化、短期停戦の可能性が後退。,negative,双方がエスカレ宣言。シナリオA(エスカレ加速)の確率を押し上げる材料。ホルムズ再開が遠のき原油上昇圧力継続→半導体/テック売り。SOXSロングには順風。ただしlesson: 脅迫的発言はneutralに終わる傾向あり。CNN+Al Jazeera+CBS複数報道で確認。,indirect,https://www.cnn.com/2026/04/02/world/live-news/iran-war-us-trump-oil-intl-hnk,reviewed,2026-04-02 20:45:46.617053,scan-market
115,2026-04-02 21:00:00+09,oil,オマーン船籍LNGタンカーSoharがホルムズ海峡通過を試行中（Bloomberg）。戦争開始後初のLNG船通過テスト。積荷なし（空船）でオマーンQalhat LNGターミナルへ東航中。成功すれば海峡部分再開の先行指標。,positive,ホルムズ完全閉鎖の前提が崩れる可能性。成功すればBrent下押し材料。SOXSロングには逆風（和平/沈静化シナリオ強化）。ただし空船テストであり商業ベース再開とは距離がある。Bloomberg報道で確認。,indirect,https://www.bloomberg.com/news/articles/2026-04-02/first-lng-ship-to-attempt-hormuz-exit-isn-t-carrying-a-cargo,reviewed,2026-04-02 22:13:45.238688,scan-market
116,2026-04-02 22:00:00+09,semiconductor,IRGC米テック18社攻撃期限（4/1 20:00テヘラン時間）から24時間経過、新たな攻撃報告なし。3月初旬のAmazon UAE/バーレーンDC攻撃以降、テックインフラへの追加物理攻撃は未確認。脅迫は空砲の可能性。,positive,18社標的宣言の期限通過+未実行はSOX/半導体にとってpositive。lesson「IRGC脅迫はneutralに終わる傾向」を再確認。SOXSロングには弱い逆風。ただし脅迫自体は撤回されていない。CNBC+Time+TheHill複数報道で確認。,direct,https://www.cnbc.com/2026/04/01/iran-irgc-nvidia-appple-attack-threat.html,reviewed,2026-04-02 22:13:45.241799,scan-market
117,2026-04-02 22:25:00+09,market,"4/2開場直前: Nasdaq先物-1.84%, S&P先物-1.46%, Dow先物-1.34%。プレマーケット序盤(-1.1%/-1.3%)から大幅悪化。アジア市場: 日経-2.1%, KOSPI-3.9%, 恒生-1.0%。原油先物+12%が主因、グローバルリスクオフ。",negative,Nasdaq先物-1.84%はSOXL概算-5.5%、SOXS概算+5.5%に相当。SOXSロングには強い追い風。プレマーケット$39.64からさらに上昇の可能性。Schwab+StockMarketWatch複数報道で確認。ただしlesson: プレマーケット方向は正規取引を予測しない(K-017)。,direct,https://www.schwab.com/learn/story/stock-market-update-open,reviewed,2026-04-02 22:27:55.909213,scan-market
118,2026-04-02 22:00:00+09,geopolitical,"UAE国防省: イランからの弾道ミサイル5発+ドローン35機を4/2に迎撃。戦争開始以来累計: 弾道ミサイル438発, 巡航ミサイル19発, ドローン2,012機を迎撃。UAEは直接参戦国ではないが継続的にイランの攻撃対象。",negative,戦争がイラン-米以外（UAE）に拡大継続。中東全域のリスクプレミアム上昇要因。原油+12%の一因。SOXSロングには間接的追い風。ただしUAE攻撃は累積的であり「新たな参戦国」ではないためlesson適用: 進行中の追加攻撃はneutral傾向。GulfNews+CBS複数報道で確認。,indirect,https://gulfnews.com/world/mena/usisrael-war-on-iran-day-34-trump-says-us-to-hit-iran-extremely-hard-for-2-3-weeks-2-1.500493799,reviewed,2026-04-02 22:27:55.912744,scan-market
119,2026-04-02 23:00:00+09,market,"4/2取引開始後1時間でNasdaq/半導体が急反転。先物-1.84%で開場→dip buyingで反発。Schwab: ""After Brutal March, Rally Builds on Hope for Peace""。Trump「objectives nearing completion」を「戦争終結近い」と解釈した和平期待買い。Nasdaq -1.23%引けだが半導体セクターは開場後の安値から大幅回復。",positive,先物-1.84%のベアシナリオは開場1時間で崩壊。K-017(プレマーケット方向は予測しない)が再実証。K-016(sell the news)パターン: エスカレーション材料は既に織り込まれており、市場は「nearing completion」のポジティブ面に反応。SOXSロングにとって直撃の逆風。Schwab+StockMarketWatch報道で確認。,direct,https://www.schwab.com/learn/story/stock-market-update-open,reviewed,2026-04-02 23:33:33.11322,scan-market
120,2026-04-03 06:00:00+09,geopolitical,Trump: イランエネルギー施設攻撃を10日間停止（4/6 月曜 8PM ET = 4/7 9:00 JST期限）。イランが「good faith」としてホルムズ海峡で複数タンカー通過を許可したことへの対応。イラン側は7日間要求→Trumpが10日間提供。K-009パターン（エスカレ→一時停止→交渉）。,positive,エネルギー施設攻撃停止は原油下押し材料。Brent $106→$100割れの可能性。ホルムズ通過許可と合わせ、和平交渉の入口が形成されつつある。SOXLロングには追い風（原油↓→インフレ圧力↓→テック評価↑）。ただしK-009: 一時停止は「交渉進展」ではなく「不確実性の長期化」の可能性もある。K-015: 期限延長は市場にnegativeに作用する傾向。Bloomberg+CBS複数報道で確認。,indirect,https://www.cbsnews.com/live-updates/iran-war-trump-israel-tehran-denies-ceasefire-talks-strait-of-hormuz/,reviewed,2026-04-03 08:48:58.407914,scan-market
121,2026-04-03 08:00:00+09,geopolitical,イスラエル軍がテヘラン中心部のイラン政権インフラに「wide-scale wave of strikes」実施（4/3金曜早朝）。イランIRGCはイスラエル+湾岸米軍施設にミサイル・ドローンで報復。Trump のエネルギー施設停止とは別に、通常軍事目標への攻撃は継続。,negative,エネルギー施設停止の一方で軍事作戦は激化。「停止は限定的、戦争は継続」のシグナル。和平期待の過度な楽観を抑制。CBS+Al Jazeera複数報道で確認。,indirect,https://www.cbsnews.com/live-updates/iran-war-trump-israel-tehran-denies-ceasefire-talks-strait-of-hormuz/,reviewed,2026-04-03 08:48:58.410727,scan-market
122,2026-04-03 05:00:00+09,market,"4/2引け: S&P -0.88%(6517), Nasdaq -1.23%(21573), Dow -1.04%(46081)。WTI $111.54(+11.41%)2022年6月以来高値。VIX 25.00(high/elevated境界)。半導体は開場後にdip buying反転するも引けで下落。",negative,WTI +11.41%は異常な1日上昇幅。原油高がテック/半導体を圧迫。ただしVIX 25.00到達でバックワーデーション解消→恐怖ピークアウトの兆候。SOXLロングには短期逆風だが中期的にはVIX低下がサポート。CNBC+StockMarketWatch複数報道で確認。,indirect,https://www.cnbc.com/2026/04/01/stock-market-today-live-updates.html,reviewed,2026-04-03 08:48:58.411591,scan-market
123,2026-04-02 23:00:00+09,tariff,Trump: 鉄鋼・アルミ・銅に50%関税(Section 232拡大)。4/6発効。派生品は25%、電力設備等は15%(2027年まで)。SC違憲判決後のSection 122(10%グローバル)に加え、金属個別で上乗せ。Liberation Day 1周年のタイミング。,negative,インフレ圧力増大: 鉄鋼50%は建設・自動車コスト直撃。戦時の原油高+関税でスタグフレーション懸念強化。FRBの利下げ余地を狭める→テック/成長株に逆風。CNBC+WhiteHouse公式で確認。,indirect,https://www.whitehouse.gov/fact-sheets/2026/04/fact-sheet-president-donald-j-trump-strengthens-tariffs-on-steel-aluminum-and-copper-imports/,reviewed,2026-04-03 17:58:18.306966,scan-market
124,2026-04-02 22:00:00+09,oil,Iran-Oman: ホルムズ海峡の通行許可制プロトコルを策定中。全船舶に両国からの事前許可を義務付け。戦時封鎖を恒久的二国間統治に転換する動き。既にCNY・暗号通貨でトール徴収開始(Bloomberg)。WTI>Brent逆転($111 vs $108)が発生、歴史的供給構造変化。,negative,ホルムズ封鎖の恒久化リスク: 戦争終結後も通行制限が残る可能性。原油の構造的高止まり要因→過去lesson「スパイクは反転する」が覆される恐れ。WTI-Brent逆転はアクセス可能な供給のみに価値がシフトした証左。CNBC+Bloomberg+Al Jazeeraで確認。,indirect,https://www.cnbc.com/2026/04/02/iran-war-oman-hormuz-strait.html,reviewed,2026-04-03 17:58:18.309443,scan-market
125,2026-04-03 21:30:00+09,fed,3月NFP実績: +178K（コンセンサス+57Kの3倍超）。失業率4.3%（前月4.4%から改善）。平均時給+0.2%/+3.5% YoY（2021年5月以来最低）。前月は-133Kに下方修正（速報-92Kから）。医療+76K（うち医師ストライキ復帰35K）が牽引。Good Fridayで市場反応は月曜に持ち越し。,positive,雇用堅調+賃金減速は「ソフトランディング」シナリオを支持。TQQQ/SPXLロングには追い風: 景気後退懸念後退。ただし利下げ期待は後退（雇用が強すぎる）→ 長期金利上昇リスク。医療セクター偏重で質的には割引が必要。BLS公式+CNBC+FXStreetで確認。,indirect,https://www.bls.gov/news.release/empsit.nr0.htm,reviewed,2026-04-04 11:24:52.741708,scan-market
126,2026-04-03 22:00:00+09,geopolitical,イラン軍が米空軍F-15Eを撃墜（戦争開始以来初の米固定翼機喪失）。パイロットは救出、WSO（兵器システム士官）は行方不明で捜索中。救出作戦中にA-10も被弾・撃墜（パイロットはペルシャ湾で救出）。Blackhawk 2機も小火器で被弾。イランはWSO捜索に懸賞金。,negative,米軍人のKIA/MIA発生で政治的エスカレーションリスク上昇。過去lessonの「ミサイル交換=neutral」とは質的に異なる: 米航空機喪失は国内世論に直接影響し、地上戦投入圧力や報復エスカレーションの契機となりうる。K-009パターン（急反転）: WSO救出成功なら市場はポジティブに反応する可能性あり。CBS+NBC+WashPost+Bloomberg+CNN複数ソースで確認。,indirect,https://www.cbsnews.com/news/american-fighter-jet-f15e-downed-over-iran/,reviewed,2026-04-04 11:24:52.744877,scan-market
127,2026-04-03 06:00:00+09,tariff,Trump: 特許医薬品に100%関税を署名（4/2）。120日後（大企業）/180日後（中小）に発効。MFN価格合意+国内生産移転で0%に減免可。EU/日本/韓国/スイスは15%。13社が価格合意済み、4社交渉中。オーファンドラッグ等は免除。,negative,即時影響なし（120-180日後発効）だが、ヘルスケアセクターへの心理的圧力。製薬企業の利益率圧縮→S&P 500ヘルスケア比率約13%に影響。インフレ圧力の追加レイヤー（原油高+金属関税+医薬品）でスタグフレーション懸念強化。CNN+WhiteHouse公式+CNBC+WashPostで確認。,indirect,https://www.whitehouse.gov/fact-sheets/2026/04/fact-sheet-president-donald-j-trump-bolsters-national-security-and-strengthens-u-s-supply-chains-by-imposing-tariffs-on-patented-pharmaceutical-products/,reviewed,2026-04-04 11:24:52.746956,scan-market
128,2026-04-04 18:00:00+09,geopolitical,4/4: 米/イスラエル軍が1日で272回の空爆を14州で実施(day 36)。Mahshahr特別石油化学ゾーンを攻撃、5人死亡170人負傷。Bushehr原発補助棟でも爆発。Shahid Beheshti大学も被弾,neutral,進行中の戦争継続パターン。K-009・過去lesson「ミサイル交換・ストライク継続=neutral」に合致。石油化学施設は原油供給に直接影響せず（下流精製）。SOXLロングなら動意乏しい、SOXSなら上昇シナリオには新材料必要。Haaretz+Wikipedia/HRANA両方で確認,indirect,https://en.wikipedia.org/wiki/2026_Iran_war,reviewed,2026-04-05 20:00:01.102842,scan-market
129,2026-04-05 09:00:00+09,geopolitical,Trump: イランに48時間以内のHormuz開放か停戦合意を要求(4/4発)「Time is running out — 48 hours before all Hell will reign down on them」。4/6 9:00 JSTのエネルギー攻撃停止期限と実質同期,neutral,K-009・過去lesson「Trump SNS最後通牒=交渉ポジション取り」に合致。公開脅迫と裏チャネル交渉(Witkoff 15ポイント案)並行パターン。ただし4/6期限との同期で週明け市場にheadline risk。TQQQ/SOXLロングなら4/6周辺でのギャップダウン警戒、SOXSは素早い反発リスク(K-009)。Washington Times+CBS複数ソース確認,indirect,https://www.washingtontimes.com/news/2026/apr/4/trump-gives-iran-48-hour-ultimatum-open-strait-hormuz/,reviewed,2026-04-05 20:00:01.107985,scan-market
130,2026-04-05 20:00:00+09,oil,OPEC+: 5月生産目標を206k bpd引き上げで原則合意(事前報道)。Hormuz封鎖下で「symbolic」な措置、実質的な供給増はHormuz再開後。Bloomberg+CNBC複数デリゲート筋,neutral,Hormuz封鎖継続で実供給は増えないため「symbolic」と明記。市場は既にこのシナリオを織り込み済み。Brent/WTIへの直接インパクト限定的。SPXL/TQQQへのマクロ経路も中立。ただし「Hormuz再開時にOPEC+が即増産できる」シグナル=再開時の原油下落加速材料。Bloomberg/CNBCの4/5事前報道,indirect,https://www.bloomberg.com/news/articles/2026-04-05/opec-plans-symbolic-output-quota-hike-amid-war-delegates-say,reviewed,2026-04-05 20:00:01.109104,scan-market
131,2026-04-05 06:00:00+09,geopolitical,F-15E撃墜のWSO(兵器システム士官)、イラン領内コマンドーレイドで救出完了。米軍人KIAなしで決着,neutral,過去lesson「米軍人的被害(負傷)neutral、KIA発生時は再評価必要」に合致。KIA回避でエスカレーション・ラダーの重要な発火点が1つ消失。半導体/市場へのtail risk縮小方向。ただしneutralの範囲内(ポジ寄り)。Times of Israel 4/5 liveblog確認,background,https://www.timesofisrael.com/liveblog-april-5-2026/,reviewed,2026-04-05 20:00:01.109685,scan-market
132,2026-04-02 00:00:00+09,fed,ISM製造業PMI 3月 52.7 (前月52.4、予想52.5を上回る)。Prices Paid指数78.3（2022年6月以来最高、前月70.5から急騰）。新規受注55.8→53.5減速、雇用48.7収縮継続,negative,Prices Paid 78.3は関税+原油高の生産者物価転嫁を示唆→Fed利下げ遅延圧力→10年債利回り上昇継続→TQQQ/TECLなど成長株にP/E圧縮リスク。製造業拡大は2022年8月以来最強だが雇用contraction継続でスタグフレーション色。SOXLロングにはヘッドウィンド、SOXSには追い風。PMI > 50は拡大。prnewswire ISM公式（Tier 1）,indirect,https://www.prnewswire.com/news-releases/manufacturing-pmi-at-52-7-march-2026-ism-manufacturing-pmi-report-302730721.html,reviewed,2026-04-05 20:16:55.745973,scan-market
133,2026-04-14 20:00:00+09,market,Q1決算シーズン開幕: JPM(4/14 BMO)・Citi(4/14)・BAC(4/15)発表。JPM EPS予想$5.37-5.50、売上$48.62B、AI/テック予算$19.8B。M&A復活+NII軌道+決算着地が市場コンパス,neutral,大手銀決算は全体市場のセンチメント転換点。ビート→リスクオン広がりでTQQQ/SPXL正。ミス/慎重ガイダンス→マクロ不安再燃。Iran war環境下で信用コスト・NIIガイダンス特に重視。SOXL/TECLは間接（リスクオン連動）。Jamie Dimonのマクロ発言は市場指標化。FinancialContent/MarketBeat（Tier 2-3）,indirect,https://markets.financialcontent.com/stocks/article/marketminute-2026-4-3-the-2026-financial-litmus-test-wall-street-braces-for-high-stakes-earnings-from-jpmorgan-and-bank-of-america,reviewed,2026-04-05 20:16:55.748808,scan-market
134,2026-04-10 02:00:00+09,fed,30年債入札 4/9 13:00 ET（発表4/2、決済4/15）。ISM Prices Paid 78.3+10年債4.31-4.36%環境下、long-end需要試金石,neutral,入札needs弱→30Y利回り急騰→株式全体のバリュエーション圧縮、特にTQQQ/TECL(高デュレーション株)に打撃。強い需要→利回り低下→リスクオン。Iran war+関税+PMI物価高でインフレ警戒強く、需要後退リスク現実的。SPXL/SOXLも間接影響。Treasury Direct公式（Tier 1）,indirect,https://home.treasury.gov/system/files/221/Tentative-Auction-Schedule.pdf,reviewed,2026-04-05 20:16:55.749541,scan-market
135,2026-04-03 00:00:00+09,semiconductor,TSMC: 2026年売上+30%(USD)ガイダンス継続。HPC/AI GPU(NVIDIA/AMD向け)が58%占める。2025年HPC +48%実績。ハイパースケーラー5社の2026 AI capex合計$600-720B,positive,TSMC capex/売上ガイダンスはSOX/SOXL/NVDAの業績フロアを規定する最重要先行指標。+30%継続+HPC58%比率はAI需要構造的強靭性を示唆。K-009的戦争・関税ノイズを超える構造トレンド。SOXLロングの中期根拠、SOXSには構造逆風。ただし月次売上の数字でない点に注意（年間ガイダンス）。Yahoo Finance/Motley Fool（Tier 2-3）,direct,https://finance.yahoo.com/news/ai-data-center-demand-surges-134200970.html,reviewed,2026-04-05 20:16:55.750422,scan-market
136,2026-04-03 00:00:00+09,market,NYSE Arca Defense index 3月-8%(S&P -5%下回る)、戦争継続中も「conflict premium織り込み済み」判定。一方Pentagon: LMT/RTX/NOCに「exquisite class」兵器4倍増産発注。LMT backlog $194B、RTX $268B,neutral,K-009「戦争継続=neutral」の市場効率性側面の証左。戦争ニュース単体でセクター動かなくなっている。ただし受注バックログは将来業績ドライバー。SOXL/TQQQへの直接影響なし、マクロ行動パターン認識として重要。「織り込み済み」が続くなら戦争終結時のGapdown警戒材料（K-017型反動）。ainvest/airandspaceforces（Tier 2-3）,background,https://www.airandspaceforces.com/iran-war-boosts-defense-stocks-for-now/,reviewed,2026-04-05 20:16:55.751073,scan-market
137,2026-04-02 23:00:00+09,geopolitical,湾岸諸国、Hormuz再開に向けて「all necessary measures」を承認するUN決議を支持(4/2)。アラブ諸国が米軍事行動への黙認シグナル,negative,Arab coalition のHormuz再開行動承認は米軍エスカレーション余地拡大の制度的裏付け。Trump 48hウルトゥマタムの実行可能性を強化。原油供給停止解消シナリオ(positive oil)と武力行使エスカレーション(negative risk)両面。SOXL/TQQQには間接、SPXLはやや負荷。Brent先行き双方向リスク拡大でボラ上昇要因。Times of Israel（Tier 2）,indirect,https://www.timesofisrael.com/liveblog-april-02-2026/,reviewed,2026-04-05 20:17:47.703682,scan-market
138,2026-04-06 08:00:00+09,geopolitical,"Trump: 48時間Hormuzウルトゥマタム撤回+5日間の新エネルギー攻撃停止期限。CBS: ""withdrawn his ultimatum""。PBS: ""turnaround on Strait of Hormuz deadline""。イラン国営TV: ""fear of Iran response""と報道。交渉再開示唆（mediators経由メッセージ）",positive,K-009パターンの典型的完結: 公開脅迫→撤回→交渉延長のサイクル確認。市場は期限前に最大リスクを織り込み→撤回でリスクプレミアム縮小=positive。TQQQ/SPXL/SOXLロングには追い風（ギャップダウン回避）、SOXS/SQQQにはheadwind。ただし5日後に再び同じ期限が来る構造。CBS+PBS複数Tier2確認,indirect,https://www.cbsnews.com/live-updates/iran-war-us-israel-trump-ultimatum-strait-of-hormuz/,reviewed,2026-04-06 09:16:35.327501,scan-market
139,2026-04-06 06:00:00+09,geopolitical,IRGC声明: 米がイラン発電所を攻撃すればイスラエル+米軍基地電力供給国+米資本の経済・産業・エネルギー施設を報復攻撃。ウルトゥマタムへの対抗エスカレーション。地域経済インフラ全体が標的範囲に拡大,negative,IRGC声明はTrump ultimatum撤回の背景として作用（CBS報道と時系列一致）。標的範囲の拡大（イスラエル→地域全体のインフラ）は戦争拡大リスクの構造的増大。しかし過去lesson「IRGC声明→実行は選択的」パターンもある。SOXL/TQQQには間接（region全体のリスクプレミアム）。WION+Al Jazeera（Tier 2）,background,https://www.wionews.com/world/iran-issues-first-response-after-trump-s-48-hour-deadline-for-deal-calls-him-helpless-nervous-1775341022259,reviewed,2026-04-06 09:16:35.330414,scan-market
140,2026-04-06 09:00:00+09,market,"4/6月曜プレマーケット: S&P先物6582.75(-0.60%), Dow 46447(-0.61%), Nasdaq 24071(-0.60%)。NFP+178K・Trump ultimatum撤回・OPEC+合意を消化中。Good Friday以来3日ぶりの取引日",neutral,先物-0.6%は穏やかなギャップダウン。K-009的「期限前最大恐怖→撤回→安堵」サイクルの中間段階。NFP好結果(+178K)がcounterweight。TQQQ/SOXLロングなら寄り付き判断材料、SOXSなら薄いエッジ。CNN/CNBC先物データ（Tier 2）,direct,https://www.cnn.com/markets/premarkets,reviewed,2026-04-06 09:16:35.331021,scan-market
141,2026-04-06 12:00:00+09,geopolitical,"Trump: Hormuz開放の新期限を火曜20:00 ET(水曜9:00 JST)に設定。「Tuesday, 8:00 P.M. Eastern Time」と投稿し、未開放なら発電所攻撃を警告。48h ultimatum撤回→5日間エネルギー停止→火曜期限と3度目の期限設定。K-009パターン(脅迫→撤回→再脅迫)の典型。CNBC+CNN複数ソースで確認",neutral,K-009パターン: Trump ultimatumは修辞パターンであり、過去2回とも期限到来時に撤回/延長。裏チャネル交渉(Witkoff 15-point proposal via Pakistan)と並行。市場は既にultimatum疲れ: 先物は朝-0.60%→午後+0.06%に回復。ただし火曜期限は具体的で近接しているため、4/7-8の原油ボラ要因にはなりうる,indirect,https://www.cnbc.com/2026/04/05/crude-oil-prices-iran-war-strait-hormuz.html,reviewed,2026-04-06 15:49:53.917285,scan-market
142,2026-04-03 23:00:00+09,oil,WTI($111.29)がBrent($107.57)を上回る歴史的逆転。通常Brentが数ドル高い構造が崩壊。Hormuz封鎖でWTIが「安全な受渡可能バレル」として急騰、WTIバックワーデーション過去最大。Rigzone(4/3)+OilPrice.com+Athens Timesで報道,neutral,構造的変化であり方向性シグナルではない。WTIプレミアムは米国内供給の相対的安全性を反映。レバETFへの直接影響は限定的だが、Brent基準の原油ETF(USO等)との乖離拡大を示唆。Hormuz再開時にはWTI急落・Brent急落の両方が起きうるが、WTIの方が下落幅大きい可能性,indirect,https://www.rigzone.com/news/why_has_the_wti_oil_price_surpassed_brent-03-apr-2026-183367-article/,reviewed,2026-04-06 15:49:53.919924,scan-market
143,2026-04-06 15:00:00+09,market,"4/7月曜先物(15:00 JST時点): S&P 6626(+0.06%), Nasdaq 24269(+0.21%), Dow 46673(-0.13%), Russell 2539(-0.18%)。朝のギャップダウン(-0.60%)から大幅回復。経済カレンダーは閑散、主要決算・指標なし",neutral,朝-0.60%→午後+0.06%への回復は、週末の地政学リスク(Trump新期限・IRGC声明)を市場が消化したことを示唆。4/7は経済指標・決算なしの閑散日。火曜Hormuz期限(4/7 20:00 ET)を控え、月曜後場~火曜にボラ上昇の可能性,direct,https://www.cnn.com/markets/premarkets,reviewed,2026-04-06 15:49:53.920851,scan-market
144,2026-04-06 16:00:00+09,geopolitical,IRGC情報長官Majid Khademi少将が米・イスラエル合同空爆で殺害(4/6月曜未明テヘラン)。テヘラン各地で25人以上死亡。Azadi広場・Sharif工科大学付近に着弾。IRGC情報機関トップの殺害は戦争開始以来最高位の標的排除。NBC+Xinhua+Republic World+AA(Anadolu)で確認,negative,K-024(エスカレーション割引)の例外に該当する「質的変化」: IRGC情報長官は指揮系統の中核であり、通常の空爆とは異なる戦略的標的排除。イランの報復を激化させるリスク(実際にハイファへミサイル攻撃で2名死亡)。火曜Hormuz期限前の緊張を大幅に高め、K-009(延長パターン)の前提を揺るがす。TQQQロングならリスク増大、水曜エントリー待機の判断を強化する材料,indirect,https://www.nbcnews.com/world/iran/live-blog/live-updates-iran-war-trump-deadline-hormuz-oil-ceasefire-israel-rcna266833,reviewed,2026-04-06 19:06:36.195377,scan-market
145,2026-04-06 17:00:00+09,geopolitical,イランがKhademi殺害への報復でハイファ(イスラエル)にミサイル攻撃、2名死亡。湾岸諸国にも攻撃。戦争の報復サイクルが加速。Al Jazeera+NBC+CNNで確認,neutral,K-024: イスラエルへのミサイル攻撃は戦争開始以来繰り返されているパターン。ハイファ2名死亡は深刻だがイスラエル側のKIAとしては「既知のリスク」内。IRGC長官殺害が先行する報復であり、このミサイル攻撃自体は追加のレジーム変化を伴わない,indirect,https://www.aljazeera.com/news/liveblog/2026/4/6/iran-war-live-tehran-rejects-trumps-tuesday-deadline-on-strait-of-hormuz,reviewed,2026-04-06 19:06:36.198874,scan-market
146,2026-04-06 18:00:00+09,geopolitical,Pakistan・Egypt・Turkeyが45日間停戦枠組みをUS・イランに提示(Axios 4/6報道)。第1フェーズ: 45日停戦→第2フェーズ: 恒久和平交渉。Hormuz全面再開とウラン問題は最終合意のみで解決の見込み。イランは未回答。WSJ: 一時的Hormuz停戦は既に拒否済み。Axios+Express Tribune+Irish Timesで確認,neutral,停戦枠組みの存在自体はpositive材料だが、イランが未回答+一時停戦を既に拒否した経緯あり。実現すれば原油急落・VIX急低下でTQQQ/SOXLに大幅positive。しかし「枠組み提示」段階では織り込み不可。K-016(sell the news)も考慮: 停戦合意が発表されても市場は事前に織り込んでいる分だけ利確売りが出る可能性,indirect,https://www.axios.com/2026/04/06/iran-war-us-tehran-ceasefire-talks,reviewed,2026-04-06 19:06:36.199546,scan-market
147,2026-04-06 14:00:00+09,oil,イスラエルがイラン最大の石油化学施設South Parsを攻撃（国防相Katz確認）。先週のMahshahr攻撃と合わせイラン石油化学生産能力の約85%がオフライン。South Parsはカタールと共有する世界最大のガス田。PBS+Military.com+Euronews+Times of Israelで報道,negative,実際の供給インフラ破壊。イラン石油化学85%停止は原油・ガス市場への実質的供給影響。Brent/WTI上昇圧力→TQQQ/SOXLにはコスト増経由で間接negative。K-024例外基準（供給に実被害）に該当するためnegative判定,indirect,https://www.pbs.org/newshour/world/israel-hits-key-iranian-petrochemical-plant-in-massive-gas-field-as-mediators-float-ceasefire-proposal,reviewed,2026-04-07 10:28:08.980382,scan-market
148,2026-04-07 09:00:00+09,geopolitical,イランが一時停戦を正式拒否、恒久的戦争終結・制裁解除・地域紛争停止を要求。パキスタン経由で回答。Trump: イラン提案は'significant'だが'not good enough'。NPR+CNN+Al Jazeera+PBSで報道,neutral,交渉ポジショニングの一環。K-009パターン（修辞と裏チャネル交渉が並行）。Trump自身が'significant proposal'と評価→完全決裂ではない。火曜期限に向けた駆け引きであり、市場は織り込み済み,indirect,https://www.npr.org/2026/04/06/nx-s1-5775383/iran-war-updates,reviewed,2026-04-07 10:28:08.98346,scan-market
149,2026-04-05 22:00:00+09,geopolitical,IRGC海軍: ホルムズ海峡は'二度と以前の状態に戻らない、特に米国とイスラエルに対して'。外国覇権の時代は終了と宣言。包括的作戦計画の最終準備段階と発表。PressTV+GlobalSecurity,neutral,K-024パターン（進行中戦争の繰り返し声明）。IRGC声明は複数回出ており、市場は声明→実行のギャップを学習済み。新たな実行動を伴わない限りneutral,indirect,https://www.presstv.ir/Detail/2026/04/05/766372/IRGC-Navy--Strait-of-Hormuz-will-never-return-to-previous-status,reviewed,2026-04-07 10:28:08.984156,scan-market
150,2026-04-02 22:00:00+09,tariff,Trump: Section 232関税改定（4/6発効）。鉄鋼・アルミ・銅製品50%（全額課税）、派生品25%。さらにSection 232でパテント医薬品に100%関税（大企業120日後、中小180日後発効）。White House Fact Sheet+CNBC+Wileyで確認,negative,実政策変更。銅50%関税は半導体・電子部品のコスト増→SOXL/TECLに間接negative。医薬品100%はヘルスケアセクター再編→S&P構成変化。ただし最高裁IEEPA関税違憲判決後の代替措置であり、市場は関税環境を織り込み中,indirect,https://www.whitehouse.gov/fact-sheets/2026/04/fact-sheet-president-donald-j-trump-strengthens-tariffs-on-steel-aluminum-and-copper-imports/,reviewed,2026-04-07 10:28:08.984813,scan-market
151,2026-04-07 17:00:00+09,geopolitical,"Trump記者会見: イランは""一晩で消せる(taken out)""、火曜夜に実行する可能性を示唆。""I dont know if Im winding down or escalating""と発言。CNN+NBC+Al Jazeeraで報道。lesson照合: K-009パターン(口先脅迫→不実行)、過去lesson「IRGC宣言は実行されず」に該当",neutral,K-009パターン照合済み: Trump ultimatum修辞は裏チャネル交渉と並行するパターン。lesson照合: 過去のIRGC攻撃宣言・Trump 48時間ウルティマタムいずれも不実行→neutral修正歴あり。本日20:00 ET期限だが、前回48時間期限も撤回済み。SOXLポジションへの直接影響は期限後の実際の行動次第,indirect,https://edition.cnn.com/2026/04/07/world/live-news/iran-war-trump-us-israel,reviewed,2026-04-07 20:26:15.774637,scan-market
152,2026-04-07 15:00:00+09,geopolitical,イランがUS提案に10項目対案を提示: (1)恒久的停戦 (2)Hormuz安全通行議定書 (3)制裁解除 (4)復興コミットメント (5)地域紛争停止。パキスタン経由で伝達。Bloomberg+RFE/RLで報道。一時停戦拒否(既登録)とは別の外交的counter-proposal,neutral,外交チャネルが活性化している証拠。条件は最大主義的(制裁解除・復興)だが交渉の出発点。市場は停戦可能性に反応しやすい局面(S&P 4日連続上昇)。positive/negativeどちらにも振れうるが、counter-proposal自体は交渉継続シグナルでneutral,indirect,https://www.bloomberg.com/news/articles/2026-04-06/iran-rejects-ceasefire-before-trump-ultimatum-expires-on-hormuz,reviewed,2026-04-07 20:26:15.777621,scan-market
153,2026-04-07 20:00:00+09,market,"S&P先物-0.4%, Nasdaq先物-0.5%, Dow先物-0.2%。Trump Hormuz期限(本日20:00 ET)前の市場不安。前日S&P 6611(+0.44%)の4日連続上昇から反転。CNBC+Yahoo Financeで報道",neutral,期限前の警戒ポジション調整。前日まで4連騰しており利確の側面も。VIX 23.87は前日比微減で、パニック的売りではない。期限後の展開(攻撃実行 or 再延期 or 交渉進展)が本質的。SOXLは前日$54.56(+3.36%),indirect,https://www.cnbc.com/2026/04/06/stock-market-today-live-updates.html,reviewed,2026-04-07 20:26:15.778491,scan-market
154,2026-04-07 22:30:00+09,oil,米軍がKharg Island(イラン原油輸出90%)に攻撃、50以上の軍事標的。石油施設は標的外(米当局確認)だがWTI +3%→$116急騰。Trump期限(20:00 ET)の12時間前に実施。NBC+Bloomberg+WaPo確認,negative,lesson照合済み: K-024(ongoing war)パターンだが、今回はWTI +3%($116)の実際の価格反応が発生。石油施設は直接標的外だが、90%原油輸出拠点への攻撃はリスクプレミアム直撃。SOXLロングなら原油高→インフレ→テック売り圧力。SQQQ/インバースに有利。ただし期限後に停戦合意→急反転リスクあり(K-009パターン照合),indirect,https://www.nbcnews.com/world/iran/live-blog/live-updates-iran-war-trump-deadline-hormuz-infrastructure-ceasefire-rcna267039,reviewed,2026-04-07 22:47:44.330094,scan-market
155,2026-04-07 21:00:00+09,geopolitical,米・イスラエル、イラン全土のインフラを攻撃。Tabriz-Zanjan高速道路橋、Kashan鉄道橋(2名死亡3名負傷)、テヘラン空爆(約30名死亡)。Trump期限前のエスカレーション。Al Jazeera+Arab Times+CNN確認,neutral,lesson照合: K-024パターン(戦時エスカレーション割引)に該当。インフラ攻撃は民間人犠牲を伴うが、原油供給・半導体サプライチェーンへの直接影響なし。期限前の圧力行動として既にパターン化。市場はインフラ攻撃単体では動かず、Kharg Island攻撃+原油価格反応の方が実質的インパクト,background,https://www.aljazeera.com/news/liveblog/2026/4/7/iran-war-live-trump-warns-of-devastating-attacks-as-deal-deadline-nears,reviewed,2026-04-07 22:47:44.333111,scan-market
156,2026-04-07 22:00:00+09,oil,"IRGC声明: レッドライン超越時、米同盟国の石油・ガスを""何年間も""遮断する報復を実行。近隣国への配慮を撤廃、標的選定の制約を全面解除と宣言。Tasnim+Middle East Eye報道。4/6のIRGC電力施設報復声明からの拡大",neutral,"lesson照合: K-009パターン(口先脅迫→不実行)に該当。過去lesson: IRGC攻撃宣言は実行されず、半導体は宣言を無視して+9%。4/6 IRGC声明(電力施設報復)の延長で、具体的行動は伴っていない。ただし""制約全面解除""は新要素。サウジ石油施設への実攻撃があれば即negative再評価",indirect,https://www.tasnimnews.ir/en/news/2026/04/07/3559537/iran-s-retaliatory-response-may-deprive-us-allies-of-oil-gas-for-years-irgc,reviewed,2026-04-07 22:47:44.333952,scan-market
157,2026-04-08 00:00:00+09,fed,"NY Fed Williams: コアインフレ見通しは原油高にもかかわらず""ほぼ変わらず""。基調インフレは1-2/10pp上昇のみと予想。一方、市場の利下げ期待は年2回→ほぼ0回に後退。Bloomberg報道",neutral,Fed高官がoil shockのインフレ波及を限定的と評価→ハト派シグナル。だが市場は利下げ0回を織り込み始めており、ハト発言でも利下げ期待回復は困難。SOXLロングなら利下げ遅延は逆風だが、Fed panic不在は下支え。差し引きneutral,indirect,https://www.bloomberg.com/news/articles/2026-04-07/fed-s-williams-sees-little-change-ahead-to-underlying-inflation,reviewed,2026-04-08 00:21:26.14642,scan-market
158,2026-04-08 00:30:00+09,geopolitical,"イランがTrumpの""文明が死ぬ""発言後にUSとのバックチャネル交渉を切断(Iran International報道)。NYTも交渉中断を報道、市場が反応しDow-382pt/S&P-0.9%/Nasdaq-1.3%に売り加速。ただしエジプト当局はNPRに「恒久停戦保証付き45日停戦にイランは前向き」と述べており、仲介国経由のチャネルは残存している可能性",negative,lesson照合済み: K-009(口先脅迫→不実行)パターンだが、今回はイラン側のACTION(backchannel切断)であり修辞ではなく具体的外交行動。停戦合意(Scenario C)確率が低下→期限後エスカレーション確率上昇。SOXSロングには追い風。ただしエジプト仲介チャネル残存の報道もあり完全断絶ではない可能性。negative判定の根拠: 市場が即座に-0.9%反応した実績+NYT/Iran Intl 2ソース確認,indirect,https://www.iranintl.com/en/liveblog/202604067622,reviewed,2026-04-08 01:04:46.318359,scan-market
159,2026-04-08 07:30:00+09,geopolitical,"Trump-Iran 2週間停戦合意。期限90分前にパキスタン仲介で成立。イランがHormuz海峡を2週間開放(イラン軍調整下)、米国が攻撃停止。4/10金曜イスラマバードで和平交渉(Vance副大統領が米代表)。Trumpはイラン10項目対案を""workable basis""と評価。イランは""勝利""宣言。NBC+Fox+Al Jazeera+CBS+Axios+CNBC+CBC全社確認",positive,"K-009パターン完結: 脅迫→期限→deal。Brent $110→$95(-13%)。S&P日中-1.2%→引け+0.08%全戻し。Hormuz開放で戦争プレミアム急縮小。SOXLロングに強い追い風(半導体$52→$56)。SOXSロングには致命的逆風。Trade #4 SL $33.00は引け$33.43で未到達だが、翌朝gap downで到達の可能性高い",indirect,https://www.nbcnews.com/world/iran/live-blog/live-updates-iran-war-trump-deadline-hormuz-infrastructure-ceasefire-rcna267039,reviewed,2026-04-08 11:08:40.29241,scan-market
160,2026-04-08 08:00:00+09,oil,Brent -13%→$95、WTI -14%→$96。Trump-Iran停戦+Hormuz開放で戦争プレミアム急縮小。Hormuz封鎖は世界海上原油取引の約25%を遮断していた。$73(戦前)→$144(最高値)→$95(停戦後)。完全開放なら更なる下落余地。Bloomberg+Axios確認,positive,原油急落はインフレ圧力緩和→Fed利下げ期待回復→テック/半導体に追い風。SOXLロングに強いpositive。SOXSロングには大きなnegative。ただし2週間の暫定停戦であり、恒久的解決ではない。交渉決裂時の再急騰リスクは残存,indirect,https://www.axios.com/2026/04/07/oil-prices-plunge-us-iran-war-ceasefire-trump,reviewed,2026-04-08 11:08:40.296969,scan-market
161,2026-04-08 05:00:00+09,market,"4/7引け: S&P 6616.85(+0.08%), Nasdaq 22017.85(+0.10%), Dow 46584(-0.18%)。日中-1.2%から停戦報道で全戻し。SOXL $56.55(+3.2%), SOXS $33.43(-3.2%)。TQQQ $44.15(+0.1%), SQQQ $75.91(-0.01%)。半導体の反転が最も顕著。CNBC+TheStreet+Yahoo Finance確認",positive,日中-1.2%からの全戻しは停戦合意への期待→確定で発生。半導体セクターの反発が最も強い(SOXL +3.2% vs SPXL +0.2%)。SOXSロングのsubstitution error(SQQQ代替)が最悪の形で顕在化: SQQQ -0.01%に対しSOXS -3.2%,direct,https://www.cnbc.com/2026/04/06/stock-market-today-live-updates.html,reviewed,2026-04-08 11:08:40.297681,scan-market
162,2026-04-08 11:00:00+09,market,"停戦合意後の時間外先物: S&P+2.5%, Dow+1000pts, Nasdaq+3.0%, Russell+2.8%。WTI -19%で$95以下。日経先物+3.0%。半導体Marvell+12.8%(前日)。NBC+Bloomberg+Trading Economics確認",positive,"Hormuz開放+停戦でリスクプレミアム全面縮小。Nasdaq+3%はSOXL +9%級のgap upを示唆。SOXSロング(Trade #4)にとって致命的: gap downで$30.4前後の寄付想定。SL $33.00は逆指値のため、gap下の$30.4付近で約定→計画-6.4%ではなく-13.8%の損失",direct,https://www.nbcnews.com/business/markets/oil-prices-stocks-trump-iran-ceasefire-rcna267182,reviewed,2026-04-08 11:56:11.291537,scan-market
163,2026-04-09 06:00:00+09,market,"4/8引け: S&P 6782.81(+2.51%), Dow 47909.92(+2.85%/+1325pts), Nasdaq 22635(+2.80%)。停戦ラリーでDow 2025年4月以来最大の1日上昇。航空株DAL+12%/AAL+11%/JBLU+9%。半導体TSMC+6%/ASML+9%/AMAT+9%/LRCX+10%/INTC+11%。WTI -16.4%で2020年4月以来最大の日次下落。",positive,停戦合意による全面リスクオンラリー。TQQQ/SOXL/TECL/SPXLいずれもロングに追い風。ただし1日で大半を織り込み済み、翌日の利確圧力に注意。CNBC+Yahoo Finance+TheStreetで確認,direct,https://www.cnbc.com/2026/04/07/stock-market-today-live-updates.html,reviewed,2026-04-09 19:05:06.783925,scan-market
164,2026-04-09 12:00:00+09,geopolitical,イランが停戦違反を主張。イスラエルのレバノン攻撃を理由にIRGCがHormuz海峡の船舶通行を停止。Trump/ネタニヤフは「レバノンは停戦対象外」と主張。国防長官Hegsethは「海峡は開いている」と発言するも、実際の船舶データでは通行停止。4/10イスラマバードでVance率いる米代表団がイランと交渉予定。,negative,lesson照合済み: K-024（繰り返しエスカレーション）パターンだが、今回はHormuz再封鎖という実質的供給影響あり。市場は停戦でHormuz開放を織り込んで急騰した直後であり、開放不履行は期待の巻き戻しを招く。4/9先物S&P-0.38%/Nasdaq-0.39%で反応開始。CNN+CBS+Bloomberg+NBCで確認,direct,https://www.bloomberg.com/news/articles/2026-04-08/us-iran-ceasefire-claims-diverge-as-hormuz-stays-blocked,reviewed,2026-04-09 19:05:06.787737,scan-market
165,2026-04-09 15:00:00+09,oil,"原油反発: Brent $97超、WTI $98近辺。停戦後の-13~16%急落から部分的リバウンド。Hormuz実質閉鎖継続が背景。Goldman Sachs Q2予測をBrent $99→$90, WTI $91→$87に下方修正。ただし停戦失敗シナリオではBrent Q4 $115と警告。",neutral,lesson照合: 原油リバウンドはHormuz閉鎖継続の事実を反映（実被害）だが、GSの予測下方修正は中期的に原油下落方向。相反するシグナルでnet neutral。TQQQ/SPXLロングには原油高はネガティブだが、GS予測は停戦成功前提。CNBC+Reuters(Investing.com)+WorldOilで確認,indirect,https://www.investing.com/news/commodities-news/factboxgoldman-sachs-lowers-secondquarter-2026-oil-price-forecasts-on-usiran-ceasefire-4604522,reviewed,2026-04-09 19:05:06.788414,scan-market
166,2026-04-09 23:00:00+09,geopolitical,停戦は「維持」方向に転換（CNN: ceasefire appears to hold）。朝の「停戦違反」主張から軟化。Hormuz海峡で少数の船舶が通行開始（ギリシャ船NJ Earth、リベリア船Daytona Beach等）。ただし800隻超が依然ペルシャ湾内に停泊、イランは機雷を理由に代替ルートを案内。イラン代表団（Ghalibaf議長）が木曜夜イスラマバード入り。明日4/10にVance+Witkoff+Kushner vs Ghalibafで戦争開始以来初の対面交渉。イスラマバードは2日間の祝日宣言・重武装警備。,positive,"朝の「停戦違反」ナラティブから「停戦維持+初の船舶通行+対面交渉準備」に大きく改善。市場が反応: SOXL+5.84%, SMH+5%, VIX 20.93(-0.5%)。SOXLロングには追い風。K-026パターン: 外交進展がエスカレーション懸念を上書き。CNN+CBS+Bloomberg+Al Jazeeraで確認",direct,https://edition.cnn.com/2026/04/09/world/live-news/iran-war-trump-us-ceasefire,reviewed,2026-04-09 23:06:06.299293,scan-market
167,2026-04-09 23:30:00+09,market,"4/9序盤(10:00 ET): SOXL $70.16(+5.84%), SOXS $25.93(-5.68%), SMH+5%, VIX 20.93(-0.5%)。停戦維持+Hormuz通行開始を好感し2日連続の上昇。半導体: ASML+7.8%, AMAT+6.8%, TSM+6%, MU+7%。停戦ラリー2日目で累積上昇が大きく、K-029(3日+25%後の平均回帰)圏内だが勢い衰えず。",positive,"停戦合意の持続性確認+対面交渉への期待で2日連続ラリー。SOXL 4/6比+28%, 4/2比+33%。K-029統計を上回るモメンタム。30分経過時点のスナップショットであり引けまでに変動する可能性あり。CNBC+Yahoo Financeで確認",direct,https://www.cnbc.com/2026/04/08/stock-market-today-live-updates.html,reviewed,2026-04-09 23:06:06.302745,scan-market
168,2026-04-09 08:00:00+09,geopolitical,イスラエル「Operation Eternal Darkness」: レバノン中心部ベイルートに戦争開始以来最大の攻撃。50機のF-16+160発の弾薬で予告なし攻撃。182-254名死亡、890名負傷（過去最大の1日死者数）。停戦合意数時間後に実行。Trump/ネタニヤフ「レバノンは停戦対象外」vs マクロン「レバノンは含まれる」で国際的認識が分裂。イランのHormuz再封鎖の直接トリガー。,neutral,lesson照合: K-024（戦時エスカレーション割引）+K-030（外交フェーズ割引）。レバノン攻撃は停戦の「対象外」であり、米-イラン停戦自体は維持。規模は過去最大だが、市場はDow-0.37%/S&P-0.20%と小幅反落に留まる。SOXLは寄り後$70.46→$68.83、VIXは21.04→20.83と逆に低下。パニック売りではなく通常のプルバック。WP+PBS+CBS+CNN+Haaretzで確認,indirect,https://www.washingtonpost.com/world/2026/04/08/israel-lebanon-hezbollah-beirut-strikes/67712b1c-3346-11f1-b85b-2cd751275c1d_story.html,reviewed,2026-04-09 23:21:22.27889,scan-market
169,2026-04-10 03:00:00+09,geopolitical,イラン代表団（Ghalibaf議長+Araghchi外相）がイスラマバード入り（木曜夜）。イスラマバードRed Zone封鎖、Serena Hotelで会談予定。WH発表: 正式交渉は土曜朝（現地時間4/11）開始。Vance+Witkoff+Kushner vs Ghalibaf+Araghchi。戦争開始以来初の対面交渉。Bloomberg: イラン特使が代表団到着の投稿を削除（外交的感度）。市場への反応タイミング: 土曜開催→結果は月曜4/14の市場に反映（JPM決算と同日）。,positive,代表団到着と交渉開始が確認されたことで、停戦の実効性が補強。K-026: 外交進展はエスカレーション懸念を上書きする。SOXLロングには追い風。ただし結果反映は月曜のため、金曜の値動きは不確実性プレミアム維持。Al Jazeera+Bloomberg+BusinessToday+Daily Starで確認,direct,https://www.aljazeera.com/news/2026/4/9/us-iran-talks-in-pakistan-whos-attending-whats-on-the-agenda,reviewed,2026-04-09 23:40:09.978004,scan-market
170,2026-04-10 21:30:00+09,fed,"March CPI発表: 総合+0.3% m/m, 2.8% y/y（予想3.1-3.7%を大きく下回る）。コア+0.4% m/m, 3.1% y/y。中東原油高の浸透が予想より限定的。事前はstagflation懸念で3.7%予想まであったがcooler結果。",positive,予想対比で明確にcooler。3.7%予想もあった中での2.8%は正の驚き。利下げ期待復活→SOXL/TQQQロングは金曜セッションでgap up想定。Williams発言(原油高でもコア横ばい)の裏付けとなり、リスクオン継続を補強。,indirect,https://www.bls.gov/news.release/cpi.nr0.htm,reviewed,2026-04-10 21:11:52.56427,scan-market
171,2026-04-10 05:00:00+09,oil,"Saudi East-Westパイプライン+Manifa+Khurais被攻撃: 生産量-600,000 bpd、パイプライン throughput -700,000 bpd、サウジ energy社員1名死亡・7名負傷。Saudi輸出能力の約10%喪失。停戦合意後の新規escalation。",negative,lesson照合: K-024「脅迫の範囲拡大はneu」は**実行されない**前提。今回は実行され実被害あり（KIA発生・600k bpd実損）。停戦合意の実質的破綻を示唆するためnegativeを維持。Brent $100超への再上昇リスク・Hormuz正常化頓挫。SOXLロングにはnegative（原油高→インフレ再燃→CPI cooler効果を相殺）、SOXS/VIXY有利。,indirect,https://www.cnbc.com/2026/04/09/iran-war-oil-saudi-arabia-east-west-pipeline.html,reviewed,2026-04-10 21:11:52.567472,scan-market
172,2026-04-10 15:00:00+09,semiconductor,"TSMC Q1 2026 revenue beat: NT$1.13兆 ($35.6B), +35% YoY。3月単月+45% YoY。""War fails to dent AI demand""(Bloomberg)。NVIDIA Blackwell GPUがCoWoS-L初号機。NVIDIAがTSMC CoWoS capacityの大半を確保、ASE/Amkorにoutsource中。",positive,中東戦争・停戦不安定・原油高の逆風下でもAI需要は減速せず。半導体サプライチェーンのhard dataとしてSOXL/TECL/TQQQロングに直接的positive。特にNVIDIA収益見通しの先行指標として強い。Blackwell出荷がCoWoS-Lで本格化。検証: Bloomberg公式報道+CNBC+TSMC公式発表の3ソース確認。,direct,https://www.bloomberg.com/news/articles/2026-04-10/tsmc-s-sales-beat-estimates-after-war-fails-to-dent-ai-demand,reviewed,2026-04-11 02:36:48.003293,scan-market
173,2026-04-10 23:00:00+09,geopolitical,Israel-Lebanon直接会談が来週実施予定（米国務省）。Israel大使Yechiel Leiter、Lebanon大使Nada Hamadeh-Moawadが初会合。Hezbollah武装解除と平和関係が議題。Netanyahu「レバノンに停戦なし」と並行しつつ直接交渉へ。,positive,lesson照合: K-024（脅迫継続）は実行パターンの繰り返し。今回は停戦プロセスの「拡大」側イベントで、戦争終結方向への漸進。レバノン対立は米-イラン停戦の最大faultlineだったため、直接会談の始動は停戦持続性を補強する。ただし会談始動=成功ではない。K-009パターン（脅迫と交渉の並行修辞）と整合的で、positive判定は「方向性」として。持続するかは review-events で後日検証。SOXL/TQQQロングには追い風（地政学プレミアム縮小）。VIXY/SOXSには向かい風。,indirect,https://www.cnbc.com/2026/04/09/politics/trump-iran-ceasefire-hormuz-pakistan-vance-talks-analysis,reviewed,2026-04-11 02:36:48.007027,scan-market
174,2026-04-12 22:00:00+09,geopolitical,US-Iran peace talks collapse in Islamabad: Vance leaves after 21 hours of marathon negotiations without a deal. Core dispute: Iran refused US demand for fundamental commitment not to develop nuclear weapons. First US-Tehran high-level meeting since 1979.,negative,レジーム変化を伴うイベント。4/7-8の停戦合意（2週間、Hormuz再開）の前提が崩壊。K-024 lesson照合: 過去のneg→neu修正は「繰り返しエスカレーション中の個別イベント」が対象であり、停戦自体の崩壊はレジームチェンジに該当するため除外。リスクオフ継続・戦争プレミアム復活。SOXL/TQQQロング不利、SOXS/VIXYロング有利。レバETFはIV拡大で時間価値減衰加速に注意。,indirect,https://www.aljazeera.com/news/2026/4/12/us-and-iran-fail-to-reach-peace-deal-after-marathon-talks-in-pakistan,reviewed,2026-04-13 13:08:59.373183,scan-market
175,2026-04-13 08:00:00+09,geopolitical,CENTCOM公式: 米軍が月曜10am ET（4/13 23:00 JST）よりイランの港湾に対する海上封鎖を開始すると発表。対象はイラン諸港（ペルシャ湾・オマーン湾沿岸）に出入りする全船舶。ホルムズ海峡通過の非イラン向け船舶は対象外。Trumpは対イラン「地獄に吹き飛ばす」と警告。,negative,CENTCOM公式声明による具体的時刻付き軍事行動。K-009 lesson照合: K-009はTrump SNS/演説の口先脅迫パターン。本件はCENTCOM公式による軍事行動確定であり、単なるレトリックとは性質が異なるためnegative維持。ただし封鎖対象はイラン諸港に限定（海峡全閉鎖ではない）のため原油供給への実影響は限定的。タンカー保険料・戦争プレミアム押し上げ要因。SOXL/TQQQ短期不利、原油連動銘柄は上昇傾向。,indirect,https://www.aljazeera.com/news/2026/4/13/us-military-threatens-to-blockade-all-iranian-ports-starting-on-monday,reviewed,2026-04-13 13:08:59.376605,scan-market
176,2026-04-12 20:00:00+09,oil,Brent原油急騰: $96→$102.18（+6%、Parquet確認）。4/10までの停戦合意崩壊・Vance交渉決裂・CENTCOM封鎖宣言を受けた週末futures reopenで戦争プレミアム復活。4/7-8の -13〜14%急落（停戦合意時）を部分的に戻す動き。,negative,原油高騰はTQQQ/SOXLロングに対してはインフレ懸念・Fed利下げ後退リスクで逆風、VIXY/SQQQに対して順風。Parquet実データで確認済み（WebSearchとクロス検証）。停戦崩壊による供給不安の再燃であり、過去のpetrochemical下流被害イベント（neg→neu修正）とは異なる本質的なマクロインパクト。,direct,https://tradingeconomics.com/commodity/brent-crude-oil,reviewed,2026-04-13 13:08:59.377195,scan-market
177,2026-04-13 17:00:00+09,market,"4/13グローバル市場リスクオフ（mild）: Nikkei -0.72%, KOSPI -0.73%, HSI -0.71%, Topix -0.20%, FTSE -0.42%, DAX -0.95%, CAC -1.02%, ES -0.7%, VIX pre-market 21.17 (+10.09%/+1.94pts)。方向性は risk_off一致だが magnitude は mild（-1%前後）で panic ではなく orderly repricing。",neutral,"SOXS thesis関連の重要データ: 方向性は risk_off支持（半導体含む輸出・グロース銘柄が弱い）だが magnitude が mild (Nikkei -0.72%, DAX -0.95%) なのは市場が「Iran諸港限定封鎖・Iran原油既制裁済」を主要シナリオとして織り込んでいる可能性を示唆。SOXS寄り買いの""easy money""は既に gap-down で抜かれた状態であり、週末ニュースの rest は寄り付き後の mean reversion リスクあり。VIX 21.17は warning 水準復帰。impactはneutral: 方向確認 vs 小幅さの相殺。K-024 lesson照合済み（これは個別戦争イベントではなく市場aggregate反応のため適用外）。",direct,https://finance.yahoo.com/news/live/stock-market-today-dow-sp-500-nasdaq-futures-fall-as-the-us-and-iran-fail-to-agree-to-peace-us-blockades-hormuz-225150283.html,reviewed,2026-04-13 17:20:31.097845,scan-market
178,2026-04-13 15:00:00+09,oil,ホルムズ海峡で商業船舶の航行が自主的に停止開始（ClickOrlando / AP報道）。CENTCOM封鎖開始予定（10am ET / 23:00 JST）前に、非イラン向けタンカーも保険・安全判断で待機姿勢。Brent $103台維持（+7-8% from Friday）。,negative,"実際の供給フロー停止の初期signal。これまでの""脅迫""段階から""実害""段階への移行兆候。K-024 lesson照合済み: これは口先エスカレーションや個別軍事衝突ではなく、商業船舶の自主停止という実物経済への波及であり、negative維持の根拠は「供給に実被害」基準に該当。時限的(blockade継続期間)だがBrent $100超の継続性を補強する要因。SOXL/TQQQ不利（インフレ・Fed利下げ後退）、VIXYロング有利。継続時間の見極めが重要（Goldman: ""another month of Hormuz closure means $100+ Brent throughout 2026""）。",indirect,https://www.clickorlando.com/business/2026/04/13/us-military-says-it-will-blockade-irans-ports-as-ship-traffic-appears-to-halt-in-strait-of-hormuz/,reviewed,2026-04-13 17:20:31.100608,scan-market
179,2026-04-13 14:00:00+09,geopolitical,Iran政府公式声明: 米国の封鎖は「違法・海賊行為(act of piracy)」と非難。IRGC: ホルムズ海峡に接近する米軍艦船は停戦違反とみなし「強力に対応」。Tehran大学教授「Islamic Republic の耐性 vs グローバル市場の耐性、どちらが先に崩れるか」「長期戦の準備あり」。軍事行動は伴わず。,neutral,"K-009 lesson照合: Iran側の公式反発は戦争中の常套的rhetoric patternに該当（IRGC過去事例で複数回 neg→neu 修正あり）。""piracy""という法的非難・大学教授の耐性論は口先対応であり、実軍事行動・タンカー攻撃・米艦船交戦等の実害報告なし。negativeではなくneutral。ただしIRGCが「接近船舶に対応」と明言しており、4/13 23:00 JST以降の物理的衝突リスクは残存（この時点では未発生）。仮に実衝突発生 → 別途negativeイベント登録する。",background,https://www.aljazeera.com/news/liveblog/2026/4/13/iran-war-live-us-military-to-block-iranian-port-traffic-in-hormuz-strait,reviewed,2026-04-13 17:20:31.101255,scan-market
180,2026-04-14 03:00:00+09,geopolitical,"Iran-US停戦交渉revival signal: Trump ""Iran wants to talk""発言＋両国が再会談を検討（Bloomberg）。4/12 Islamabad決裂後わずか1日で再浮上。封鎖は継続中の並行プロセス。",positive,"market response明確: Brent $102→$96.94(-7.9%), VIX 20.9→19.12(-9%), SOXL +5.5%。ポジション影響: SOXL/TQQQ/SPXLロング追い風、SQQQ/SOXS逆風。K-009照合済: 通常の脅迫修辞は中立化するが、今回は(a)市場がすでに決定的に反応(b)ポジティブ方向の修辞で、K-009パターン(threat-while-negotiating)とは逆向き。ただし交渉は既に一度決裂済みで、再崩壊リスクあり→positiveに留める。negativeにはしない。",indirect,https://www.bloomberg.com/news/articles/2026-04-13/latest-oil-market-news-and-analysis-for-april-14,reviewed,2026-04-14 08:31:23.112969,scan-market
181,2026-04-14 05:00:00+09,market,"4/13 US close: S&P 500 が6,886.24で終値、戦争開始前以来の高値回復。S&P +1.02%, Nasdaq +1.23%, Russell 2000 +1.44%。触媒: (a)Trump ""Iran wants to talk""発言 (b)Goldman Sachs CEO Solomon「ソフトウェアの売りは過剰反応」発言でソフト/テック主導ラリー。",positive,リスクオン転換の確定イベント。S&Pが戦前水準を回復=market内でIran war premiumが剥がれた。ポジション影響: SOXL/TQQQ/SPXL/TECLロング引き続き追い風、SOXS/SQQQ/TZA/TECSショート逆風。SOXL +5.5% (80.56)はこの流れの一部で、決して単独のスパイクではない。後追いエントリーはgap chaseリスク。,direct,https://www.thestreet.com/investing/stocks/stock-market-today-apr-13-2026-updates,reviewed,2026-04-14 08:31:23.115642,scan-market
182,2026-04-14 23:59:00+09,tariff,Section 232半導体交渉報告期限 (4/14): USTR・Commerce省がTrump大統領に対して半導体関税交渉の結果を報告する90日期限日。Phase 2として「significant」tariffs発動の可能性。韓国・台湾・日本とは既に枠組合意あり。,neutral,未確定カタリスト。結果次第で双方向: (a)既存枠組合意拡張/関税軽減→SOXL/TECLポジティブ、(b)Phase 2 significant tariffs発動→SOXL/NVIDIA直撃negative。現時点impactは不明だが、市場は警戒モードに入る可能性。K-009パターンではなく、正式な政策決定プロセスなので実行確率高い。SOXLロング保有者は今日中の発表に警戒、新規エントリーは発表後まで待つのが合理的。,direct,https://www.whitecase.com/insight-alert/president-trump-orders-narrowly-targeted-25-section-232-tariff-certain-advanced,reviewed,2026-04-14 08:31:23.11616,scan-market
183,2026-04-13 20:00:00+09,market,"Goldman Sachs Q1 2026 RESULT: EPS $17.55 (予想 $16.49 +6.56% beat), Revenue $17.23B (予想 $16.97B +1.65% beat), ROE 19.8%, net rev +14% YoY. Global Banking & Markets +19% YoY, Asset & Wealth Management +10% YoY. ただし pre-market 株価 -3.06%（sell the news reaction）",neutral,"強烈な beat だが株価 pre-market -3.06% = classic sell the news. 期待値が既に pre-earnings rally で織り込まれていた典型パターン. ポジション影響: JPM/Citi/WFC にも同じ pattern 波及確率高い → SOXL/TQQQ ロングは大手銀行 beat 材料での上昇期待できない可能性. K-016 バイアス bucket: ""sell the news"" パターン. neutral 判定: beat は素晴らしいが市場反応は逆方向. lesson 照合: event as written was positive beat but market behavior neutral/negative. 検証: Goldman IR 公式 + Investing.com 報道で確認済.",indirect,https://www.goldmansachs.com/pressroom/press-releases/2026/2026-04-13-q1-results,reviewed,2026-04-14 17:48:54.64373,scan-market
184,2026-04-14 21:00:00+09,market,"Citigroup Q1 2026 press release (approx 8:00 AM ET / 21:00 JST). コンセンサス: EPS $2.65 (+35% YoY), Revenue $23.5B (+9% YoY). CEO Jane Fraser: 投資銀行手数料+markets revenue mid-teens 成長を期待。Iran war 影響下で defensive stock としての地位に注目",neutral,結果未発生の anticipation event. GS sell the news pattern (4/13) の先例あり: Citi が consensus beat しても株価反応は一致しない可能性高い. ポジション影響: SOXL/TQQQ ロングは金融セクター反応に従属、SOXS ロングは金融セクター反応が軟調なら若干の追い風. 検証: Citi IR 公式 citigroup.com で時刻確認済.,indirect,https://www.citigroup.com/global/news/press-release/2026/citi-first-quarter-2026-earnings-call,reviewed,2026-04-14 17:48:54.647014,scan-market
185,2026-04-14 21:30:00+09,market,"JPM Q1 2026 earnings call 定刻開始 (8:30 AM ET / 21:30 JST 厳密). Dimon の Iran war outlook + noninterest expense $105B ガイダンスへの解説が本命. press release (~20:00 JST) の数字よりも forward guidance が市場インパクト大. 予想コンセンサス: EPS $5.46-5.49, 売上 $48.56-48.77B",neutral,"Dimon の forward guidance は SOXL/TQQQ ロングにとって indirect だが significant. Iran dovish comment → リスクオン強化、Iran hawkish comment → リスクオフ誘引. GS sell the news (4/13) の先例があるため、JPM が beat しても Dimon コメント次第で株価逆方向可能. 検証: JPM IR 公式 jpmorganchase.com で定刻確認済 (""at 8:30 a.m. ET"" 厳密表記).",indirect,https://www.jpmorganchase.com/ir/news/2026/jpmc-to-host-first-quarter-2026-earnings-call,reviewed,2026-04-14 17:48:54.647686,scan-market
186,2026-04-14 23:00:00+09,market,"Wells Fargo Q1 2026 earnings call 定刻開始 (10:00 AM ET / 23:00 JST 厳密). 米 cash 市場 open 後30分 = 寄付後 momentum 確認と重なる重要タイミング. press release は ~20:00 JST (approx 7:00 AM ET). 予想: 売上 $21.79B (+8% YoY), EPS $1.58",neutral,寄付後30分のボラ渦中で開催 → 市場反応が複雑化. K-018: 3xレバ ETF の寄付後30-60分方向は残り時間予測しない. WFC コール内容 + 寄付直後アルゴ反応の両方が混ざるためノイズ多い時間帯. SOXL/TQQQ への indirect 影響: JPM/Citi 発表後の消化結果と重なる. 検証: Wells Fargo IR 公式 wellsfargo.com + Business Wire 公式発表で定刻確認済.,indirect,https://newsroom.wf.com/news-releases/news-details/2026/Wells-Fargo-to-Announce-First-Quarter-2026-Earnings-on-April-14-2026/default.aspx,reviewed,2026-04-14 17:48:54.648305,scan-market
187,2026-04-14 20:15:00+09,market,"JPM Q1 2026 RESULT: EPS $5.94 (予想 $5.46 +8.80% beat), Revenue $49.84B (+0.57% beat), Net income $16.5B (+13% YoY), Trading revenue $11.6B (+20% YoY). ただし NII 2026 full-year guidance 下方修正 $104.5B → $103B で early trading -3% (beat and retreat)",neutral,"classic ""beat and retreat"": EPS +8.8% blowout beat でも NII guidance cut で -3%. GS 4/13 sell-the-news pattern の JPM での再現で n=2 confirmation → K-034 追加根拠. JPM 個別株は下落だが、市場全体は SOXL +5.9% で強烈 risk-on 継続。金融セクターの guidance overhang は半導体セクターに波及せず、Section 232 側の catalyst が支配的だった可能性高 (framework 維持 or postpone 推定、Phase 2 否定). 検証: Bloomberg + CNBC + Investing.com + Financial Content で報道確認.",indirect,https://www.cnbc.com/2026/04/14/jpmorgan-chase-jpm-earnings-1q-2026.html,reviewed,2026-04-15 10:08:37.178991,scan-market
188,2026-04-15 05:00:00+09,market,"4/14 US close: SOXL $80.56→$85.31 (+5.9%), TQQQ $50.66→$53.41 (+5.4%), TECL $112.67→$117.94 (+4.7%), SPXL $215.91→$223.67 (+3.6%). VIX 19.12→18.36 (-4.0%), Brent $96.94→$94.26 (-2.8%). JPM -3% (beat and retreat) にも関わらず半導体セクター主導で risk-on 加速",positive,"SOXL intraday: Open $83.28 (gap up +3.4%) → 初動30分 -2.5% pullback to $81.23 → High $85.60 → Close $85.38 (上位引け). Intraday range 5.9%, Open-Close +2.5%. 安値 $80.68 は前日 close $80.56 直上で支持. 深押し限度 $74 指値は未到達. K-029 status: 3日+18.52% (閾値 25% 未達、むしろ乖離縮小)、5日+50.86% (extreme), σ+2.29. 金融セクター beat and retreat と半導体セクター rally の divergence → Section 232 catalyst が dominant だった証拠 (Phase 2 否定的). K-029 mean reversion 仮説は今回は failed — 高σ 位置からも risk-on regime transition 中は継続. K-033 transition boost が実証された day. 検証: Parquet 日足 + 5min data 直接確認済.",direct,https://www.cnbc.com/2026/04/14/stock-market-today-live-updates.html,reviewed,2026-04-15 10:08:37.180207,scan-market
189,2026-04-14 21:15:00+09,market,"Citigroup Q1 2026 RESULT: 10年ぶり最高売上、""Project Bora Bora""奏功で純利益42%増。RoTCE 11-12%目標達成見込み。株価は20年ぶり高値まで上昇",positive,"Citi restructuringの""構造的""成功確認 → 金融セクター全体への信頼回復シグナル。SPXL (S&P Fin ~13%比重) にmild positive、決算シーズン幕開けの好スタートとしてリスクオン継続材料。TQQQ/SOXL/TECLへはindirect（市場全体のリスク選好強化）",indirect,https://markets.financialcontent.com/stocks/article/marketminute-2026-4-14-citi-reclaims-its-crown-stock-hits-20-year-high-as-reorganization-yields-record-profits,reviewed,2026-04-15 11:12:46.250994,scan-market
190,2026-04-14 22:30:00+09,market,Wells Fargo Q1 2026 RESULT: NII $12.1B (予想 $12.3B miss)、売上miss、EPSテクニカルbeat。株価-6.6%急落。NII金利マージン縮小を示唆,negative,"WFC NII missは銀行セクターの""金利マージンpeak""シグナル、JPMのNII guide下方修正と符合。SPXLへmild negative（S&P Fin下押し要因）。TQQQ/SOXL/TECLはindirect（市場のセンチメント混在）。ただしCiti好決算で相殺され、4/14 S&P 500は+1.18%で引け → セクター内格差であり全体相場はrisk-on継続",indirect,https://markets.financialcontent.com/stocks/article/marketminute-2026-4-14-wells-fargo-shares-slide-66-on-revenue-miss-a-detailed-look-at-the-big-bank-resilience-rift,reviewed,2026-04-15 11:12:46.254138,scan-market
191,2026-04-15 19:45:00+09,market,"Bank of America Q1 2026 earnings (BMO, approx 6:45 AM ET / 19:45 JST). EPS予想 $1.01 (+12% YoY), Revenue予想 $29.96B (+9% YoY)。Global markets部門 (trading desk) がMarch volatility受益期待",neutral,BAC決算は銀行セクター最後の大手一角。JPM/Citi/WFCのmixed結果の後でtiebreaker的位置。BACのtrading revenue強さはM&A/IPO再開confirmationに直結し、SPXL (S&P Fin 13%比重) にmild positive期待値あり。TQQQ/SOXLへは間接的 (市場センチメント経由)。結果未到達のためneutral、発表後にresult eventを追記,indirect,https://www.tipranks.com/news/u-s-big-banks-earnings-preview-heres-what-to-expect-amid-solid-deal-activity-and-iran-war,reviewed,2026-04-15 13:06:47.377149,scan-market
192,2026-04-16 15:00:00+09,semiconductor,TSMC Q1 2026 earnings conference (4/16 14:00 Taiwan Time / 15:00 JST / 4/16 02:00 ET). 月次売上 $35.7B (4/10先行発表、+35.1% YoY) beat済み。コンファレンスではgross margin・Q2 guide・2026 capex (up to $56B報道) が焦点,neutral,"TSMC Q1はSOXL/TECL/TQQQのpremier direct catalyst。AI chip demand maintained + 2026 capex $56B (record) がconfirm されれば半導体サプライチェーン全体にpositive。GMやQ2 guideがmiss すれば""AI bubble peaking""narrative再燃リスク。事前positive bias危険のためneutral、4/16発表直後のSOXL pre-market反応で判定",direct,https://www.thecerbatgem.com/2026/04/14/taiwan-semiconductor-manufacturing-tsm-to-release-quarterly-earnings-on-thursday.html,reviewed,2026-04-15 13:06:47.380965,scan-market
193,2026-04-15 15:00:00+09,market,"4/15 Nikkei 225終値: +1%で58,400超、Topix +0.8%で3,785。半導体株が主導 — Lasertec +3.7%, Advantest +4.7%, SoftBank +5.5%。4/16 TSMC Q1 earnings pre-event rally + 停戦交渉再開期待でrisk-on継続",positive,"Japan tech株の強さはTSMC 4/16 Q1 earningsへのpre-event positioning の直接シグナル (Advantest/Lasertec は半導体製造装置で TSMC 収益と 90%+ correlation)。SOXL/TECL への positive pre-event lead、4/15 US pre-market で semiconductor sector gap-up の可能性。ただし TSMC実結果次第で反転リスクあり (""sell the news""pattern)。Iran停戦期待 (Trump: 2日以内にPakistan再会談) が tailwind",direct,https://tradingeconomics.com/japan/stock-market,reviewed,2026-04-15 16:07:04.218197,scan-market
194,2026-04-16 15:00:00+09,semiconductor,"TSMC Q1 2026 RESULT: Revenue NT$1.13T (~$35.6B, +35% YoY), 純利益 NT$572.48B (+58.3% YoY), Q2ガイダンス $39-40.2B (予想$38.1B大幅beat)、2026通年ガイダンス成長率>30%に上方修正 (従来<30%)、Capex$56B上限寄り。CEO CC Wei「AI related demand continues to be extremely robust」。Bloomberg「war failed to dent AI demand」。台湾上場TSMC +2.3%",positive,AI半導体需要が戦争リスクを跳ね返す実証。SOXL/TECLロングには大幅追い風（TSMC=AI infrastructure chokepoint、NVDA/AMD/AAPLサプライヤー直系）、SOXSショートは踏まれる。Q2ガイダンスのbeat幅・通年ガイダンス上方修正・Capex上限寄りの3点セットで2nm時代のpricing power確認。4/16夜の米国セッションでSOX/SOXL寄付ギャップアップ→reversion判断が焦点。lesson照合済み: 定量データ(EPS/売上/ガイダンス)は照合可能な一次情報で、K-009/K-024パターンとは無関係,direct,https://www.bloomberg.com/news/articles/2026-04-16/tsmc-s-profit-beats-estimates-after-war-failed-to-dent-ai-demand,reviewed,2026-04-16 20:23:20.620307,scan-market
195,2026-04-15 14:00:00+09,semiconductor,ASML Q1 2026 RESULT: 売上€8.8B、純利益€2.8B、Gross Margin 53%。EUV system売上€4.1B+ (High-NA 2台含む)。2026通年ガイダンス€36-40B (narrow & raise)、Q2ガイダンス€8.4-9.0B。CEO「semi industry growth outlook solidifying」「AI pulling forward capacity across memory/logic/DUV」。しかし対中輸出規制強化懸念で株価は下落 (CNBC),neutral,業績・受注は極めて強いがChina規制懸念で株価mixed反応というのがポイント。SOXLへの直接インパクトは中立: (a) 半導体設備需要の強さはポジティブだが (b) 中国向けEUV制限懸念が織り込まれている。TSMC結果と合わせて読む必要あり。2ソース検証: CNBC + ASML公式IR,direct,https://www.cnbc.com/2026/04/15/asml-q1-2026-earnings-report.html,reviewed,2026-04-16 20:23:20.624149,scan-market
196,2026-04-16 05:00:00+09,market,"4/15 US close: S&P 500 +0.80% で7,022.95 (新ATH、7,000台初めて突破)、Nasdaq +1.59% で24,016.02 (新ATH)、Dow -0.15% 48,463.72。VIX 18.17 (-1.03%)。BAC Q1決算後 +1.79%、MS +4.52%。Robinhood SEC day-trading規則変更で+10%超。peace negotiations楽観論+決算beat連発でrisk appetite拡大。戦争開始前の高値を完全回復",positive,TQQQ/SPXL/TECLロングには新高値更新ブレイクアウトが強い追い風。VIX 18台でコンタンゴ正常、VIX3M/VIX比0.88で通常範囲維持 → risk_onレジーム継続確認。TSMC決算結果前の楽観的セットアップ。ただし新ATH更新後の過熱感には注意、CPI/PPIの次回指標で調整リスク。lesson照合済み: マクロデータの定量確認、Parquet 4/15データと整合予定,direct,https://www.thestreet.com/latest-news/stock-market-today-apr-15-2026-futures-flat-sp-500-close-to-all-time-high,reviewed,2026-04-16 20:23:20.624805,scan-market
197,2026-04-16 03:00:00+09,geopolitical,Iran-US framework deal進展 (Axios 4/15報): 米高官が火曜 (4/14) の交渉で「framework agreement to end war」に近づいたと発言。4/21停戦期限前の新ラウンド直接対面交渉を「coming days」に設定予定。Pakistan/Egypt/Turkey仲介者協調。停戦延長で更なる交渉時間確保の調整中。先週Islamabad会談(4/11-12、21時間)は合意なしで終了していたが、その後のプロセスで進展,positive,"停戦延長+framework agreement見えてきた段階は、K-009パターン(口先rhetoric)ではなく具体的外交進展に該当。lesson照合済み: ""Counter-proposal(具体行動)は口先拒否(修辞)と区別すべき、neutralよりpositive寄りが妥当""が今回にも該当。ただしIslamabad会談で一度decoupleしているので fully positive とは言えず。SOXL/TECLロングには追い風(Hormuz再開観測→原油低下→リスクオン)、SPXLには間接追い風。4/21期限前の逆再エスカレーションリスクは残る。3ソース検証: Axios + CNBC + Al Jazeera",indirect,https://www.axios.com/2026/04/15/iran-war-negotiations-deal-pakistan,reviewed,2026-04-16 20:23:20.625352,scan-market
198,2026-04-17 05:00:00+09,market,"4/16 US close: S&P 500 +0.26% で7,041.28 (新ATH、前日7,022.95から更新)、Nasdaq +0.36% で24,102.70 (新ATH、**12連騰**は2009年7月以来最長記録)、Dow +0.24% 48,578.72。Trump-Netanyahu/Aoun 電話会談＋Iran停戦延長観測で risk appetite持続",positive,2009年7月以来のNasdaq 12連騰という historically重い signal (QE初期の強気相場と同じ長さ)。TQQQ/SPXL/TECLロング直撃追い風だが、連騰後のreversion（平均回帰）リスクがスケジュールされ始める局面。VIX抑制継続+risk_onレジーム維持と整合。SOXLはTSM -2.5%のため市場追随と言えない,direct,https://www.thestreet.com/latest-news/stock-market-today-apr-16-2026-futures-rise-after-sp-nasdaq-hit-record-highs,reviewed,2026-04-17 08:57:24.14848,scan-market
199,2026-04-17 05:00:00+09,semiconductor,TSM (TSMC ADR) 4/16 US session: 58%利益増＋FY ガイダンス上方修正にもかかわらず **-2.5% 下落**。市場の広範な動き+地政学的懸念が背景。SPX/Nasdaq新ATHの中で半導体が逆行,neutral,K-034「beat and retreat」パターン該当。Q1-2026決算シーズンで銀行系(JPM、Citi beat後売り、WFC miss -6.6%)に続き半導体でも同パターン確認。SOXLロングには短期的に逆風で、TSMC決算を材料とした追加ロングは既に織り込み済み=追撃不可のサイン。lesson照合済み: K-034(決算beatでも買われない)は今シーズン複数銘柄で確認されたパターン、TSMCで再現。今後のNVDA/AMD決算(5月)も同リスク,direct,https://www.cnbc.com/2026/04/15/stock-market-today-live-updates.html,reviewed,2026-04-17 08:57:24.150182,scan-market
200,2026-04-17 05:30:00+09,market,Netflix Q1 2026 RESULT (AMC発表): 売上$12.25B (予想$12.18B beat、+16% YoY)、EPS $1.23 (予想76c大幅crush)、純利益$5.3B、FCF $5.1B。ただしQ2ガイダンス失望 (+13%)と Reed Hastings退任発表で株価 **after-hours -9%**,neutral,Netflix個別銘柄イベントでSOXL/SOXS/TQQQには直接影響なし。TECL保有銘柄にNFLXあり(指数ウェイト)で軽いdrag可能性。tech wide指数への影響限定的。K-034 beat and retreatパターンがNetflixでも再現=4/16 US session全般でbeat retreat気配。CEO退任併発は個別要因,indirect,https://deadline.com/2026/04/netflix-q1-2026-earnings-wall-street-1236863099/,reviewed,2026-04-17 08:57:24.150807,scan-market
201,2026-04-16 15:30:00+09,market,"4/16 Asia close: **Nikkei 225 +2.4% で record high** (U.S.-Iran deal hopes + TSMC pre-earnings rally)、Kospi **+2.21% で 6,226.05**、Hang Seng・CSI 300 も広範な上昇。TSMC 決算直前の semi-rally 地合い (Taiwan/Korea tech 主導)。CNBC 4/16 複数記事で確認",positive,"Asia 半導体エコシステム全体 (Taiwan, Korea, Japan tech) が TSMC 決算前に強い reaction。Kospi 6,226 は tech index としての ATH ゾーン。SOXL/TECL ロングには Asia session の spillover positive 材料だが、その後の米セッションで TSM -2.5% に反転したため、「Asia で買われ米で売られる」= 日付跨ぎの K-034 beat and retreat パターンにも該当。Nikkei 絶対値は前回 scan で Bloomberg 報 57,877 と整合不明だったが、CNBC の +2.4% change 表記で定性確認可能。2 ソース検証: CNBC + Bloomberg",direct,https://www.cnbc.com/2026/04/16/asia-markets-today-nikkei225-hang-seng-sensex-kospi-iran-us-deal-trump.html,reviewed,2026-04-17 09:35:48.288249,scan-market
202,2026-04-16 22:00:00+09,semiconductor,"AMD and French Government announce multi-year AI collaboration (LOI signed at Paris Ministry of Economy). Focus on sovereign AI, Alice Recoque supercomputer, France National AI Strategy. AMD +3.4% on news alongside TSMC earnings tailwind.",positive,"Concrete deal (LOI signed) expanding AMD sovereign-AI TAM. AMD stock +3.4% on session confirms positive read. Read-through to broader chip ecosystem: SOXL/TECL beneficiary. Neutral for TQQQ (NVDA/AMD mix mild positive). Not a K-009/K-024 pattern — commercial partnership with government ratification, not headline/rhetoric.",direct,https://www.amd.com/en/newsroom/press-releases/2026-4-16-amd-and-the-french-government-announce-plans-to-advance.html,reviewed,2026-04-17 16:53:06.574485,scan-market
203,2026-04-17 15:00:00+09,market,"4/17 Nikkei 225 pullback -0.80% after 4/16 record close (59,518.34). Drivers: IMF pushing BoJ to hike + Iran war risk lingering. Mild technical correction after +2.4% rally.",neutral,"-0.8% is mild profit-taking after strong rally, not regime change. 前日Asia rally後のpause pattern。TQQQ/SOXLロングなら無材料で動揺不要、ただしAsiaで売られ米で買われるK-034 beat-and-retreat変形が 4/17 US session前半で続くか監視。Parquet 4/16 VIX 17.94 risk_on前提は維持。",indirect,https://invezz.com/news/2026/04/17/nikkei-225-index-slips-after-hitting-key-price-heres-why-and-what-next/,reviewed,2026-04-17 16:53:06.577546,scan-market
204,2026-04-17 23:30:00+09,fed,FOMC Mary Daly (SF Fed President) speech (10:30 AM ET / 23:30 JST). 2026 context: Fed forecasts inflation 2.7% (up from 2.5%) due Iran war oil shock; market pricing shifted toward no-cut 2026. Powell term ends May (Warsh nominated successor).,neutral,予定されたFed speech単独はneutral。内容次第で動意: hawkish (oil shock重視) → 半導体レバETFにnegative。dovish (core disinflation) → positive. Powell退任+Warsh後継の政治リスクも背景。相場のrate-cut期待再燃なら SOXL/TECL positive。Daly発言前後のVIX/short-rate futures動向を監視。lesson照合: 単独Fed speech事例はneg→neu修正が過去複数。,background,https://www.investing.com/news/stock-market-news/fed-officials-speak-and-rig-count-data-highlight-fridays-calendar-93CH-4618901,reviewed,2026-04-17 16:53:06.578217,scan-market
205,2026-04-17 06:00:00+09,geopolitical,Israel-Lebanon 10日停戦が 4/16 17:00 ET（4/17 06:00 JST）に発効。Beirutで祝砲。直後にLebanese軍がIsraelの「acts of aggression」を非難（K-024 違反主張パターン）。Trumpは「Iran deal very close」発言、Islamabad再交渉が今週末の可能性。,positive,"**停戦発効は実行フェーズに入ったため neutral デフォルト（K-024）から乖離してpositiveに昇格**。lesson照合: 停戦「主張」「協議」段階はneutral だが、発効そのもの+Beirut祝砲は定着の兆候。ただしLebanese軍の即時「violation claim」はK-024パターンそのもの → short-term positive, medium-term neutral with monitoring。SOXL/TECL/TQQQ 全てで risk-on bias継続材料。BRENT 4/17 Parquet $92.63（前日$98.09→-5.6%）はこの de-escalation と整合的。Iran-US本交渉は週末Islamabad potential再開、4/21期限までの material catalyst。",indirect,https://www.aljazeera.com/news/liveblog/2026/4/17/iran-war-live-ceasefire-starts-in-lebanon-as-trump-says-tehran-deal-close,reviewed,2026-04-17 17:17:56.664797,scan-market
206,2026-04-17 22:30:00+09,geopolitical,Iran外相Araghchiが Strait of Hormuz を商業船舶に「完全開放」と公式宣言 (SNS声明)。但書「ceasefireが続く間のみ」。Brent crude -10.5% to ~$88.73 (日中settlement)、WTI <$84 に急落。Israel-Lebanon停戦 (4/17 06:00 JST発効) 継続と整合。既存の米海軍blockadeは継続中。,positive,"公式発表+市場価格確認 (Brent -10.5%) で de-escalation 方向が実装された。lesson照合: K-024 (attack transient) は攻撃方向のnegativeに適用、本件はde-escalation方向。K-009 (Trump修辞) は外交修辞のみのrhetoric、本件はIran FMの公式政策発表+price confirmation。よって positive direct 維持。ただしceasefire期限 4/22 まで 4日、期限切れで反転リスクあり → ""positive conditional on ceasefire hold""。SOXLロング→ 原油低下で製造コスト軽減、risk-on継続で追い風。SOXS等ショートは逆風。TECL/SPXL も間接的に追い風 (VIX -2.56%、risk_on強化)。ポジション判断は 4/22 ceasefire期限を監視しつつ、期限直前のreversal risk管理が必須。",indirect,https://www.cnbc.com/2026/04/17/oil-prices-wti-brent-israel-lebanon-ceasefire-trump.html,reviewed,2026-04-18 18:33:27.552551,scan-market
207,2026-04-18 05:00:00+09,market,"4/17 US close: S&P 500 +1.20% で 7,126.06 (新ATH、前日 7,041.28 から更新)、Nasdaq +1.52% で 24,468.48 (新ATH)、VIX 17.48 (-2.56%)。Driver: Iran FM Hormuz開放宣言 → 原油-10.5%急落 → risk-on強化。Netflix -9.7% (Q2ガイダンス失望) も指数全体で吸収、SPX/Nasdaq のMega-cap+半導体主導の全面高。",positive,S&P/Nasdaq新ATH更新 + VIX低下 = risk_onレジーム継続の価格追認。Parquet整合: VIX 4/17 = 17.48 (Parquet値一致)、S&P ATH更新継続。SOXL/TECL/SPXL/TQQQロングには追い風、SOXS/TECS/SQQQショートは逆風。ただし 4/22 Iran ceasefire期限通過時に反転リスクあり → ポジション保持は期限前後の再評価が必要。Netflix個別-9.7% は指数に吸収され systemic risk 示唆なし、スコープ外 (NFLX非対象)。,direct,https://www.cnbc.com/2026/04/17/oil-prices-wti-brent-israel-lebanon-ceasefire-trump.html,reviewed,2026-04-18 18:33:27.554078,scan-market
208,2026-04-18 22:00:00+09,geopolitical,Iran がStrait of Hormuz を再び閉鎖 (4/18、NPR報道)。4/17 Araghchi FM「完全開放」宣言 (but書: 停戦期間中のみ) を事実上撤回。Iran側主張: US が海軍封鎖を解除しないことへの対抗措置。商業船舶通行再停止。,neutral,lesson照合: K-024「停戦違反の主張段階は price 影響ゼロ」「自主停止段階はまだ neutral」を適用。政府公式の再閉鎖 + 商業船舶停止は前進だが、ADR-003「供給に実被害」基準 (VLCC沈没・精製所停止・在庫急減) 未達。Brent 4/18 ($90.38水準) の即時反応は限定的で、Brent急騰 (+5.6%→$95.48) は後続の 4/19 Touska事件後に発生。ポジション影響: この単独eventではSOXL/TQQQロング過度警戒不要だが、4/22 期限前の累積エスカレーション要素として監視。ceasefire 期限 4/22 (明日) 到達時に再評価必須。,direct,https://www.npr.org/2026/04/18/nx-s1-5789852/iran-closes-strait-of-hormuz-israel-lebanon-ceasefire-tenuously-holds,reviewed,2026-04-21 17:46:20.497814,scan-market
209,2026-04-20 02:00:00+09,geopolitical,"US Navy 駆逐艦が Iran国籍 cargo ship ""Touska"" を Gulf of Oman で攻撃・拿捕 (4/19 Sun、6時間の対峙後 US Marines が乗船)。Trump 公式発表: ""blew a hole in the engineroom""。Iran は報復を示唆し、4/20 Islamabad 第2ラウンド和平協議への代表団派遣を中止。",negative,lesson照合済み (K-024/K-009): 過去の negative→neutral 修正は (a) 攻撃側繰り返しイベント (b) Trump SNS修辞 (c) 迎撃成功パターンが対象。本件は (1) US proactive naval interdiction (2) 物理的艦船損傷 (3) Iran による和平協議離脱という外交的fallout を伴い、これらはどの lesson パターンにも該当しない。価格反応の実証: Brent 4/17 $90.38 → 4/20 $95.48 (+5.6%、Parquet確認済み) = market が escalation を material と認識。VIX 17.48→18.87 (+8.0%) も連動。ポジション影響: (a) SOXLロングは oil-driven インフレ連想で利下げ期待後退の逆風 — 4/28-29 FOMC 接近で特に警戒 (b) SOXSロングはリスクオフドリフトで有利だが、和平協議breakdownが部分的なら急反転リスクあり (K-009 亜種) (c) VIXYロングは短期有効だが ceasefire 延長発表で一瞬で蒸発。4/22 停戦期限が主要カタリスト。,direct,https://www.cnbc.com/2026/04/19/trump-navy-iran-ship-gulf-of-oman.html,reviewed,2026-04-21 17:46:20.501681,scan-market
210,2026-04-21 05:00:00+09,market,"4/20 US close: S&P 500 -0.24% で 7,109.14 (4/17 ATH 7,126.06 から pullback)、Nasdaq -0.26% で ~24,404、VIX +7.9% で 18.87。Iran-US escalation (Touska拿捕、Iran談判離脱) を受けた軽度リスクオフ。",neutral,小幅 pullback (0.24%) かつ ATH から -0.24% のみ、VIX < 20 で構造的リスクオフ転換ではない。lesson照合: 地政学escalation 起点の限定的調整は単独では neutral。ポジション影響: 4/21 (火) は UAL/DHR/GE Aero/NOC/UNH/RTX 決算 → defensive/industrial sector の earnings 次第で方向性確認。TQQQ/TECL は AAPL CEO移行発表 (別event登録) により個別逆風ある可能性、但し futures は上昇。,direct,https://finance.yahoo.com/news/live/stock-market-today-dow-sp-500-nasdaq-mixed-after-trump-orders-hormuz-blockade-against-iran-145712025.html,reviewed,2026-04-21 17:46:20.502302,scan-market
211,2026-04-21 01:00:00+09,market,"Apple CEO 交代: Tim Cook (65) がstep down を公式発表 (4/20 Mon letter)。John Ternus (SVP Hardware Engineering, 25年勤続) が 2026年9月1日付で CEO 就任、Cook は executive chairman として残留 (政策engagement focus)。",neutral,後任が事前指名済み (orderly transition)、移行期間 4.5ヶ月、Cook残留で継続性確保。発表後 US futures 上昇で市場は negative reaction せず (4/21 CNBC)。ポジション影響 (indirect): AAPL は QQQ ~11%、SPX ~6%、XLK ~20% の大組入銘柄 → TQQQ/TECL/SPXL に直接影響するが、短期 (日〜週) では corporate structure event より Iran escalation + 決算シーズンが支配的。中期 (9月移行前後) で Ternus の戦略方向性 (AI product line 等) 発表時に再評価必要。,indirect,https://www.cnbc.com/2026/04/20/tim-cook-apple-reactions-ceo.html,reviewed,2026-04-21 17:46:20.503002,scan-market
212,2026-04-22 04:00:00+09,geopolitical,"Trump indefinitely extends Iran ceasefire (announced ~15:00 ET 4/21, just hours before original 2-week ceasefire expiry on 4/22). Trump cited ""seriously fractured"" Iranian government, gave Iran 3-5 days to engage in negotiations. The April 7 ceasefire (post 2/28 war start) is now extended indefinitely pending unified Iranian proposal.",positive,"Trump executive action is a concrete government decision (not modal threat) — extends ceasefire status. Lesson check K-009: ""may not extend""修辞パターン (4/21時点) vs 実際の延長アクション、後者は具体行動なので K-009 非該当。K-024 (戦争繰り返しイベント) も非該当 (de-escalation方向)。価格反応も positive 確認: SPX +1.05% to 7,137.90 ATH、Nasdaq +1.64% to 24,657.57 ATH、SOXL +7.7% to $105.64、Brent +3% (war-no-war binary 不確実性除去)。SOXL/TECL ロングなら追い風、SOXS/TECSは逆風。",indirect,https://www.cnbc.com/2026/04/21/trump-iran-war-ceasefire.html,reviewed,2026-04-28 17:38:07.854853,scan-market
213,2026-04-22 22:00:00+09,geopolitical,"Iran IRGC seizes 2 cargo ships in Strait of Hormuz post-ceasefire-extension, citing ""unauthorized"" crossing. US blockade of Iranian ports/vessels also continues. Hormuz remains effectively closed despite ceasefire formally extended. Brent +3% to $101.91 on the day.",neutral,lesson照合: K-024 (進行中戦争の繰り返しイベント、IRGC声明) 該当。停戦延長後でも shipping disruption 継続パターンは ADR-003「実害」基準に達せず (VLCC沈没・精製所停止・在庫急減なし)。Brent価格反応 +3% は K-024「transient negative / conditional on no-deal」型で half-life <12h の可能性。SOXL 影響は限定的 (+7.7%日次は ceasefire 延長 event 主因)。,indirect,https://www.npr.org/2026/04/22/nx-s1-5795405/iran-middle-east-updates,reviewed,2026-04-28 17:38:07.858278,scan-market
214,2026-04-23 05:00:00+09,market,Tesla Q1 2026 earnings (AMC 4/22): EPS $0.41 adj vs $0.37 expected (beat)、revenue $22.39B vs $22.64B expected (miss、+16% YoY)。Auto rev $16.2B (+16% YoY)、Energy $2.41B (-12% YoY)。Capex guide $25B (up from prior $20B、+25% increase) for AI/Optimus/Dojo investment. Stock initially +4% AMC then gave back gains.,neutral,"Mixed result: EPS beat軽微、revenue miss、capex 大幅引き上げ ($5B 上振れ) は cash flow懸念。""Growth story is dead"" narrative (Electrek)。QQQ/SPX 内 Tesla weight ~3% で間接影響。AMC initial +4% → 失速で market 反応 neutral 確定。SOXL/TECL 直接影響なし、TQQQ 軽微マイナス可能性。",indirect,https://www.cnbc.com/2026/04/22/tesla-tsla-q1-2026-earnings-report.html,reviewed,2026-04-28 17:38:07.858878,scan-market
215,2026-04-24 05:00:00+09,semiconductor,"Intel Q1 2026 blowout earnings + Q2 guide raise (AMC 4/23). Significantly stronger-than-expected results validating data center CPU demand for AI workloads. AMD読み替えでDA Davidson (Gil Luria)がAMD価格目標を$220→$375に大幅引き上げ (agentic AI structural demand)、Barrons ""AMDがIntel earnings最大の勝者"" Buy upgrade。AMD 4/24 +13% to $347.81、SOXL +13.8% (4/23 $112.77 → 4/24 $128.32)。SOX (PHLX Semiconductor Index) 4/23に10,000突破、17日連続上昇 (32年史上最長記録、累計+41%)。",positive,"Intel beat単独でなく ""data center CPU AI demand structural validation"" として全SOX銘柄にre-rate効果。AMD/NVDA直接、SOXL/TECL direct beneficiary。Parquet確認: SOXL 4/23 $112.77 → 4/24 $128.32 +13.8%、SOXL週次 4/21 $98.09 → 4/24 $128.32 +30.8% は AI cycle re-acceleration の実証。SOX index 17日連続+41% は overbought リスク兆候も含むが (mean reversion 注意)、event自体は positive direct catalyst。SOXL ロング追い風、SOXS急減リスク。",direct,https://www.fxleaders.com/news/2026/04/23/amd-stock-surges-toward-320-after-hours-as-chip-demand-and-upgrades-fuel-rally/,reviewed,2026-04-28 17:38:07.859428,scan-market
216,2026-04-27 23:00:00+09,geopolitical,"Iran offers Hormuz Strait reopen deal: Iran will end chokehold on Hormuz IF US lifts blockade and ends war. Pakistan-mediated proposal. Nuclear program negotiations deferred to later phase (no concession). Trump reportedly discussed with Rubio at White House. Trump previously vowed not to lift blockade until ""100% complete"" deal — acceptance uncertain. Brent reacted: $108.23 (4/27 close) → $102.69 (4/28 morning) -5.2%。",positive,lesson照合: 過去lesson「Counter-proposal (具体行動)は口先拒否(修辞)と区別すべき。neutral より positive 寄りが妥当」(Iranが10項目対案提示時) 適用。今回はPakistan経由で具体的terms付きの diplomatic proposal、modal threat ではない → positive。Brent -5.2% reversal で価格反応positive確認。SOX/equity 二重効果: (a) oil 下落で risk-on (b) 戦争終結期待でvolatility圧縮。SOXL/TECL/TQQQ ロング追い風、SOXS/TECS逆風、VIXY 軟調。Trump 拒否の場合 reversal リスクあり (next 24-48h watch)。,indirect,https://www.axios.com/2026/04/27/iran-us-hormuz-strait-nuclear-talks-proposal-pakistan,reviewed,2026-04-28 17:38:07.860054,scan-market
217,2026-04-30 03:00:00+09,fed,"FOMC April 28-29 meeting: rate decision announcement (4/29 14:00 ET / 4/30 03:00 JST)、Powell press conference 14:30 ET / 03:30 JST。Polymarket 99.9% implied probability で no-change at 3.50-3.75% (3会合連続hold)。March CPI 3.3% YoY (Feb 2.4% から急加速、war-related supply disruption起因)。Powell 最終会合 (Warsh 後継承認imminent)。注目点: ""transitory"" インフレ language 削除/維持、PCE/growth forecast 更新、second half 2026 policy direction。",neutral,"99.9% pricing で rate decision自体 surprise 余地ほぼゼロ (no-change baseline)。市場反応は statement language + Powell tone に依存: (a) ""transitory"" 削除 + hawkish tone → SOXL/TECL pullback リスク (10Y上昇/PE圧縮) (b) dovish tone (war温情考慮) → 既ATH追加rally。Powell最終会合の history-making 発言可能性。SPX ATH (7,173.91) かつ SOX overbought (17日連続+41%) でのhawkish surprise = mean reversion catalyst になり得る。中立判定だが、両裾リスク広い。",indirect,https://www.conference-board.org/research/global-economy-briefs/fomc-meeting-preview-april-2026,reviewed,2026-04-28 17:38:07.860612,scan-market
218,2026-04-28 18:00:00+09,oil,UAE が OPEC・OPEC+ 離脱を正式発表。5/1 効力発生で 59 年加盟終了。第3位生産国離脱で OPEC 結束に打撃。Energy Minister Mazrouei: 「政策決定、現在・将来の生産水準を考慮」。2027年までに 5MMbpd 生産能力目標。Hormuz 封鎖継続中で UAE 輸出は当面 Iran 制御下にあり。,neutral,SOXL/TQQQ への影響: indirect。原油市場への影響は両論並走。(1) UAE 自由化 → 長期 supply 増加 = price negative、(2) OPEC+ 結束弱体化 → coordination 喪失で price volatility 増 = mixed。Hormuz 封鎖下では即時供給影響限定。lesson照合: 既存 oil lesson (Brent急騰 K-024 transient) 非該当 = 構造変化イベント。equity への波及は oil 経由 indirect で限定的、ただし risk-on レジーム下では news flow としては watch。SOXL/TECL ロングなら sector-neutral、SQQQ なら direct positive シグナルではない。Tier 1 (UAE WAM 政府公式) + Tier 2 (CNBC/Al Jazeera/WaPo 4ソース) で確認,indirect,https://www.cnbc.com/2026/04/28/uae-opec-oil-iran.html,reviewed,2026-05-03 10:26:20.91462,scan-market
219,2026-04-30 03:30:00+09,fed,FOMC 4/29 結果: rates held 3.5-3.75% (99.9% pricing通り)、ただし 8-4 dissent は 1992 以来最大。Miran cut 派 vs Hammack/Kashkari/Logan no-easing-bias 派の split。Powell press conf: chair 任期 5/15 終了後も Fed governor として残留 (Trump 投資調査懸念で「他に選択肢なし」)。声明文: インフレは上昇・elevated、global energy 価格・Middle East 不確実性が経済見通しに影響。,neutral,SOXL/TQQQ への影響: indirect。(1) rate decision 事前 priced in、surprise 余地ゼロ → market neutral default。(2) 8-4 dissent 1992 以来最大は dovish/hawkish split 顕在化で次回会合 path 不確実性増 → VIX に微影響可だが現状 16.99 で吸収。(3) Powell governor 残留は Trump pressure 継続要因 = institutional independence narrative 補強で long-run positive。lesson 照合: K-009 modal threat 非該当 = 確定発表。レジーム転換シグナルなし、現 risk_on (5日前) 維持。SOXL ロング・SOXS ショートで position 変更不要シグナル。Tier 1 (Federal Reserve 公式 + FOMC press conf transcript) + Tier 2 (CNBC/CNN 多数) で確認,indirect,https://www.federalreserve.gov/newsevents/pressreleases/monetary20260429a.htm,reviewed,2026-05-03 10:26:20.918553,scan-market
220,2026-04-30 04:00:00+09,oil,Trump が Iran 海上 blockade 継続を Axios に明言: 「blockade は爆撃より有効、Iran は窒息死寸前」。核合意成立まで blockade 維持の意向。即時反応で Brent +6% close $118.03 (4/29 ET 5pm)、WTI +7% close $106.88、4/30 intraday Brent $126 = 4年ぶり高値。Iran 反応: blockade は oil 価格上昇継続させると牽制。,neutral,SOXL/TQQQ への影響: indirect。lesson照合: K-009 (modal threat 修辞) **非該当** = executive action 継続実行 + 価格反応 confirm。K-024 (進行中戦争繰り返し) **部分該当** = oil price 一時 spike 後 retracement パターン。Parquet 検証: Brent 4/29 close $118 → 4/30 peak $126 → 5/01 close $108.17 (-8.5% retracement) で transient pattern 確認、residue は $105 base から $108 への +2.9% 程度 = floor raised but not regime change。equity 側は VIX 16.99 維持で吸収。SOXL ロングなら oil 高経由 risk-off 波及 watch だが急変なし、SOXS なら direct positive シグナルではない (transient 性)。次の Trump pivot (Iran 14-point proposal review 5/2 進行中) 次第で flip risk あり、conditional negative tilt。Tier 1 (White House/Axios 一次) + Tier 2 (CNBC/CNN/Al Jazeera/WaPo 多数) で確認,indirect,https://www.cnbc.com/2026/04/29/oil-prices-brent-wti-trump-iran.html,reviewed,2026-05-03 10:26:20.919266,scan-market
221,2026-04-30 05:00:00+09,market,Mag7 4/29 AMC earnings 4社: GOOGL Q1 rev $109.9B (Cloud +63% to $20B、estimate 大幅 beat) → AH +10%。AMZN AWS +28%、capex $200B 2026 commit → AH +4%。MSFT Azure +40%、EPS $4.27 beat → AH -4% (Azure beat 下げと評価)。META rev miss + Iran 戦争で user 数減 + AI strategy 不安 → AH -9%。combined 5社 (incl AAPL) 2026 capex $650B+。,neutral,SOXL/TQQQ への影響: direct (TQQQ/TECL 上位構成銘柄)。mixed reactions で QQQ aggregate neutral 相殺 (GOOGL+10/AMZN+4 = +14 vs MSFT-4/META-9 = -13、相殺後 ≈ +1)。lesson 照合: 個別銘柄 mixed の index aggregate neutral pattern (Wells Fargo/Citi Q1 lesson 照合適用)。AI capex $650B commit は SOXL/TECL 下流 (NVIDIA/AMD chip 需要) structural positive bias、ただし short-term は META/MSFT capex over-spend 懸念で margin 圧迫の警戒声も。TQQQ ロングなら GOOGL/AMZN 寄与で marginal positive、SOXL ロングなら capex commit + Cloud growth で structural support、SOXS なら counter-trend signal。,direct,https://www.cnbc.com/2026/04/29/stocks-making-the-biggest-moves-after-hours-googl-msft-amzn-meta.html,reviewed,2026-05-03 10:26:20.919836,scan-market
222,2026-05-01 05:00:00+09,market,AAPL Q2 FY2026 earnings (4/30 AMC): Revenue $111.2B (+17% YoY、estimate を $1.5B beat)、EPS $2.01 (+22% YoY、estimate $0.06 beat)。iPhone $57B (March quarter record だが estimate 二度目 miss)。Greater China $20.5B (+28% YoY、地政学下 surprise positive)。Services revenue 過去最高 $31B。$100B 追加 buyback 認可、配当 $0.27 (+$0.01)。AH +3%。,positive,SOXL/TQQQ への影響: direct (TQQQ ~12% / TECL ~17% weight Apple)。+3% AH は modest だが overall beat + Greater China 28% growth は China 地政学リスク下では surprise positive、$100B buyback で EPS 下支え。iPhone 17 cycle + WWDC AI catalyst (5月後半-6月) で structural narrative 補強。lesson 照合: Mag7 mixed の中で AAPL は relatively clean beat、QQQ aggregate に +3% の lift contribution。TQQQ ロングなら direct positive、SOXL ロングなら indirect (chip supply chain 下流支持)、TECS なら counter-trend。Tier 1 (Apple 公式 IR) + Tier 2 (CNBC/Variety/MacRumors) で確認,direct,https://www.apple.com/newsroom/2026/04/apple-reports-second-quarter-results/,reviewed,2026-05-03 10:26:20.920334,scan-market
223,2026-05-05 05:00:00+09,semiconductor,AMD Q1 2026 earnings (5/4 AMC ET): Revenue $10.3B (+38% YoY、estimate beat)、Data Center +57% to $5.8B (EPYC + Instinct GPU driven)、Non-GAAP EPS $1.37 vs $1.25 est (+9.6% beat)。Q2 2026 guide $11.2B ± $300M (+46% YoY mid)、Non-GAAP GM ~56%。Meta deploys up to 6 GW of AMD Instinct GPUs + lead customer for 6th-gen EPYC server CPUs。,positive,SOXL/TECL direct正impact。Q1 beat + Q2強気guidance (+46% YoY) + Meta 6GW deployment lead customer = AI capex cycle継続confirmation。lesson照合: K-009/K-024非該当 (個別企業 clean beat + 構造的partnership)。Bank of America AMD target上げ報道、Intel best month ever in April、Micron +700% YoY market cap past $700B でSOX全体momentum。SOXLロング順風、SOXSは逆風。ただし AMD Q1直前にSOX RSI 80.97 overboughtで5/5 post-earnings reaction次第。CNBC + stocktitan SEC filing + Investing.com で確認。,direct,https://www.cnbc.com/2026/05/05/amd-q1-2026-earnings-report.html,reviewed,2026-05-19 00:47:14.996232,scan-market
224,2026-05-05 14:00:00+09,geopolitical,US Operation Project Freedom launch (5/4 ET): Strait of Hormuz commercial shipping護衛軍事作戦開始。CENTCOM運営。Iran attacks on shipping への応答措置として宣言。<48時間で停止 (5/5 ET) 「Iran deal great progress」理由でTrump pause指示。,neutral,K-024 transient pattern該当: 進行中戦争の繰り返しエスカレーション + Trump即pause = 修辞 + de-escalation pivot並走。Brent $108-110 range維持 (Parquet 5/18 110.83)、$118ピーク時から-8.5%retracement済み。lesson照合: 4/30 Trump blockade事件と同型 (announcement + retracement)。NPR + NBC + Department of War で確認。SOXLポジションは oil spillover限定的、Brent floor上昇が structural risk として累積中。,indirect,https://en.wikipedia.org/wiki/Operation_Project_Freedom,reviewed,2026-05-19 00:47:14.999846,scan-market
225,2026-05-07 22:00:00+09,geopolitical,"US-Iran fire exchange in Strait of Hormuz (5/7 ET morning): Iran forces missiles/drones/small boats attack USS Truxtun, USS Rafael Peralta, USS Mason 3 destroyers (CENTCOM確認)。US counterstrike 3 Iranian ports (Bandar Abbas、Qeshm、Bandar Kargan)。Trump「blew Iran away」声明。US 7 small Iranian boats沈没報道。両軍引き分け帰投。",neutral,K-024 transient pattern該当 (進行中戦争の繰り返し交戦) + K-038拡張lesson適用 (US proactive action でも de-escalation pivot並走時 neutral default)。死者0 + 物理損傷限定 + 両軍引き分け + 翌週Trump-Xi summit優先 = レジーム変化なし。lesson照合済み: 4/19 USS Touska拿捕事件の lesson revision「Trump政策反応で de-escalation pivot あれば neutral」適用、今回も Trump rhetoric 強硬だが Project Freedom既pause、5/2 Iran 14-point review継続中。SOXLポジション oil spillover限定、VIX +1pt程度。supply実被害なし + 米軍KIA発生なしで negative化基準満たさず。PBS + CNBC + WaPo + NBC で確認。,indirect,https://www.washingtonpost.com/national-security/2026/05/07/us-strikes-iran-ceasefire/,reviewed,2026-05-19 00:47:15.000448,scan-market
226,2026-05-08 21:30:00+09,fed,April 2026 Nonfarm Payrolls (BLS 5/8 08:30 ET release): +115K (vs +55K est、beat)、March上方修正 +185K。失業率 4.3% (前月同水準、低位安定)。Average Hourly Earnings +0.2% MoM / +3.6% YoY (vs est 0.3%/3.8%、両方miss = dovish wage)。セクター: ヘルスケア +37K、運輸倉庫 +30K、小売 +22K牽引。連邦政府 -9K継続減少、情報 -13K、製造業 -2K。,positive,Job数beat + 賃金miss (dovish wage) = soft landing narrative継続強化、FRB利下げpath正当化。4/29 FOMC 8-4 dissent (Hammack/Kashkari/Logan反対easing bias) 後の最初の主要データ。AHE 3.6% YoY (12月ぶり連続上昇) はインフレ圧力後退signal、Miran continuous dovish dissentに追い風。TQQQ/SOXL/SPXLロングはmarginally positive (rate-cut期待)、SQQQ/SOXSは逆風。lesson照合: 過去NFP beatでmarket positive react一般的だが、4.3%失業率維持 = 過熱でない = neutral境界。dovish wage 要素が dominantで positive採用。BLS公式 + CNBC + Bloomberg で確認。,indirect,https://www.bls.gov/news.release/empsit.nr0.htm,reviewed,2026-05-19 00:47:15.001013,scan-market
227,2026-05-11 04:00:00+09,geopolitical,Trump rejects Iran 14-point peace proposal (5/10 ET evening): Iran提案を「totally unacceptable」と公式拒否、ceasefire「on massive life support」発言。Iran側「never bow」声明で対立継続。提案ポイント: Iran求めた「first stage = 敵対停止 + Hormuz海上安全保証」 vs 米側「核問題優先解決」で構造的不一致。Iran は440kg濃縮ウラン (60%) 一部希釈 + 残り第三国移送、米離脱時返却条項要求。,neutral,K-009 modal threat pattern完全該当 (Trump SNS/演説での修辞、裏チャネル交渉並走)。「life support」発言は5/2-3 Iran 14-point response → 5/6 Project Freedom pause「great progress」→ 5/7 fire exchange → 5/10拒否、と修辞と実行が並走する典型パターン。lesson照合: 4/22 Trump indefinitely extend ceasefire直後の IRGC ship seizure と同型、修辞反転 24-48h窓多発。SOXLポジション影響は oil spillover via Brent (5/18 110.83) のみ、equity直接影響なし。supply実被害なし + Iran提案継続中 = レジーム変化なし。CNBC + NPR + Al Jazeera + CNN で確認。,background,https://www.cnbc.com/2026/05/11/iran-war-trump-negotiation-hormuz-nuclear-talks.html,reviewed,2026-05-19 00:47:15.001593,scan-market
228,2026-05-15 14:00:00+09,market,Trump-Xi Beijing summit conclusion (5/14-15): 中国年$17B以上の米農産物購入 (2028年まで)、Boeing 200機購入、rare earth access合意。中国側読み出しはtariff削減言及、米側は言及なし。実質的tariff構造変化なし。CSIS/Atlantic Council/Heritage評価「underwhelming」「near-term escalation risk低下だが structural risks (tariff、export control、tech restriction、rare earth) 残存」。,neutral,"「Sell the news」パターン確認: 5/15 S&P 500 -1.24% close 7,408.50、Nasdaq -1.54% close 26,225.14、VIX 18.43 (+1pt程度)、Treasury yields multi-month highs。具体的tariff引き下げ発表なし + 「fantastic trade deals」修辞のみ = 期待先行unwind。lesson照合: 高位交渉mixed結果でindex全体 neutral相殺pattern (Wells Fargo Q1 NII miss neutralization lesson 適用) ＋ K-009 (Trump positive rhetoric の confirm 不足) ハイブリッド。TQQQ/SOXLポジションは事後 -1.5%程度、SQQQ/SOXSはmarginally positive、ただし structural change なしで5/16以降反転リスク。CNBC + CSIS + Atlantic Council + Heritage で確認。",direct,https://www.cnbc.com/2026/05/18/us-china-announce-deals-after-trump-xi-summit.html,reviewed,2026-05-19 00:47:15.002055,scan-market
229,2026-05-16 05:00:00+09,fed,Powell chair任期終了 (5/15 expiration): 4/29 FOMC最終議長会合済み、Powell governor残留方針確認 (Trump「I dont care」コメント)。Warsh Senate Banking Committee党派ライン投票で承認、本会議信任投票待機 (共和党多数で承認確実)。次回FOMC 6/16-17 (Warsh議長就任見込み)。,neutral,完全pricing済み移行 (4/29 FOMC事件で Powell confirm)、surprise要素なし。Warsh就任6/16-17 FOMCまで mode変化は宣言レベルでのみ。lesson照合: 5/3 scan-market event 2 (8-4 dissent neutral) と同型継続、Pricing通り表示は neutral default。TQQQ/SOXL/SPXLポジションへの即時影響なし。注視点: 6/16-17 FOMC Warsh初会合で hawkish/dovish initial signaling = 次の主要 fed catalyst。CNN + CBS + NPR + Fox Business で確認。,background,https://www.cnn.com/2026/04/29/economy/fed-decision-powell-warsh,unreviewed,2026-05-19 00:47:15.002553,scan-market
230,2026-05-18 13:00:00+09,geopolitical,Trump Iran 5/17 warning + 5/19 NSC meeting schedule (Axios報道): Trump「there wont be anything left of them」発言、Iran側にtimeline圧力。Axios「Trump 5/19 (今日) NSC会合で military action against Iran 検討、傾いている」と2人の米当局者引用。Iran 5/10再response (uranium dilution削除されたとTrump主張) で交渉退行。,neutral,K-009 modal threat pattern完全該当 (Trump rhetoric + 期限脅迫 + 実行未確認)。lesson照合: 5/3 scan-market event 3 (4/30 Trump blockade rhetoric → Brent retracement transient)、4/22 ceasefire extension直後 IRGC ship seizure 同型。「NSC会合検討」段階で executive order や実行表示なし = K-009 default neutral。SOXLポジション影響: Brent floor持続 (Parquet 5/18 110.83、WebSearch $106.01、4-5%乖離あり要注視) で構造的risk累積中。oil spillover via VIX 18.77、HY 2.80 (5/15) で risk_on境界線。**5/19会合結果でレジーム変化判定要**: military action実宣言+supply実被害 → K-024無効化 + negative reclassify候補。現時点でneutral維持。Axios + Al Jazeera + Wikipedia 2026 Iran war ceasefire で確認。,indirect,https://www.axios.com/2026/05/11/trump-iran-ceasefile-military-action,unreviewed,2026-05-19 00:47:15.003063,scan-market
231,2026-05-19 03:00:00+09,geopolitical,"Trump が 5/18 Iran 攻撃延期を Truth Social で発表 (5/18 月曜 ET午後): 5/19 火曜予定の military strike を Qatar Emir + Saudi MBS + UAE MBZ の要請で延期。「serious negotiations now taking place」+ 「Deal will include NO NUCLEAR WEAPONS FOR IRAN」。Hegseth国防長官 + Gen. Caine に「prepared to go forward with full, large scale assault on a moments notice」と conditional 指示。延期期間 2-3日。並走で Axios 報道: 上級米当局者「Iranの new offer は insufficient、war resumption risk」と評価。",positive,lesson照合: K-009 modal threat の de-escalation pivot 発動 = 4/22 Trump indefinite ceasefire extension の同型。lesson通り positive 設定 (4/22 後 SOXL 1週で +9%)。ただし重要 caveat: (a) 2-3日延期のみ (4/22 indefinite と vs 短期) (b) 「prepared to assault on moments notice」 で executable threat 残存 (c) Axios 上級官「Iran offer insufficient」で 2-3日内 deal成立確度 50%以下 = K-024 transient half-life 適用候補。SOXLポジション影響: 5/18 intraday $146.97 → close $151.75 (+3.2%) で de-escalation を即時織り込み済み、VIX 18.52→17.82 / Brent 111.00→109.74 で risk premium部分unwind。NVDA決算 5/20 AMC とのカタリスト連鎖で next 48h structural bullish bias。conditional negative reverse risk: 5/20-22 内に deal破綻 → military strike resume → K-024+K-038 reactivate で SOXL -10〜-15% 引き戻し。CNBC + Washington Times + Al Jazeera + Inquirer で確認、Tier 1-2 ソース複数。,indirect,https://www.cnbc.com/2026/05/18/trump-iran-attack-saudi-uae-qatar-deal.html,unreviewed,2026-05-19 10:40:37.608877,scan-market
232,2026-05-21 05:20:00+09,semiconductor,NVIDIA Q1 FY27 earnings (5/20 AMC ET = 5/21 ~05:00 JST): Revenue $81.6B (vs $78.75B consensus、+3.6% beat、+85% YoY)、EPS $1.87 (vs $1.77、+5.6% beat)、Data Center $75.2B (+92% YoY)、Q2 guide $91B ±2% (vs $87.3B consensus、+4.2% above)、$80B buyback authorized、dividend $0.01→$0.25。ただし AH 初動 -2.5% ($224.22 → $217.91) で sell-the-news 反応。中国Data Center revenue ゼロ前提の Q2 guide、reporting framework 刷新 (Hyperscale + ACIE)。,positive,"Fundamental: blowout beat (revenue/EPS/guide 全方位)、Data Center +92% YoY で AI capex 構造的継続を確認、$80B buyback で capital return commitment。SOXL/TECL の direct catalyst で positive 維持。ただし反応: AH -2.5%は (a) pre-NVDA SOXL +14% で priced in、(b) Q2 guide +$1.7B over consensus が whisper $90B 比で控えめ。lesson照合 #223 (AMD blowout + structural partnership = overbought continuation): NVDA は partial match — blowout YES だが AH 反応は counter-evidence、hypothesis 4 (Blowout + structural = continuation) 再考必要、'pre-earnings 14% run-up = whisper を pricing-in、actual beat vs whisper で sell-the-news 発生' を補正条件として追加候補。SOXLロング想定: 5/21 open 寄付 gap-down -3 to -5% 想定、Q2 guide 評価で日中 reversal あり得る (5/22 までに方向確定)。SOXSなら 寄付 gap で+3 to +6%、ただし $80B buyback structural タイル で短期 fade想定。",direct,https://www.datacenterdynamics.com/en/news/nvidia-posts-record-quarterly-revenue-of-816bn-as-company-splits-reporting-framework-into-data-center-and-edge-computing-segments/,unreviewed,2026-05-21 08:06:16.086928,scan-market
233,2026-05-21 03:00:00+09,fed,FOMC 4/28-29 minutes release (5/20 14:00 ET = 5/21 03:00 JST、Powell 任期最終会合 minutes): 8-4 dissent 詳細判明 — Miran は 25bp cut 主張 (dovish dissent 1)、Hammack/Kashkari/Logan は hold同意だが easing bias 維持に反対 (hawkish dissent 3)。Kashkari「growing rate hike risks、large price shock で inflation expectations unanchor 懸念」、Logan「easing imply すべきでない」。Majority が easing-bias language 削除に傾倒、Iran war の inflation 影響懸念。「最も formal な dissent 1992 以来」。,neutral,"市場反応: SPX +1.08% (Iran 'final stages' rhetoric が hawkish minutes を上書き、minutes release は3-day 連敗止め)、WTI -5.29% (Iran 期待)、Gold +1.44%。minutes 自体は hawkish surprise (rate hike 議論浮上、easing bias 削除) で risk-off 寄り、しかし同日 Trump Iran rhetoric dominance で表面化せず。lesson照合 #219 (FOMC dissent secondary catalyst — pricing-in済み rate decision でも dissent 構成で sentiment shift)、validated。hypothesis 1 (FOMC dissent secondary catalyst): validated だが今回は HAWKISH 方向 で発火、6/16-17 Warsh 初会合では dovish chair vs hawkish 3 dissent の対峙構造 = 二段階 catalyst。SOXLロング想定: Warsh dovish lean 残存で structural positive、ただし inflation persistent 認識でレジーム risk-on score 下押し圧力 (現 0.57 → さらに低下候補)。SOXSなら: minutes 単独では entry signal弱、Iran deal breakdown と複合時のみ short squeeze 逆風想定。",indirect,https://www.kitco.com/news/article/2026-05-20/fomc-minutes-show-fed-worried-divided-easing-bias-increasingly-worried,unreviewed,2026-05-21 08:06:16.090849,scan-market
234,2026-05-21 00:00:00+09,geopolitical,Trump 5/20 mid-morning ET (= 5/20 深夜 JST): US-Iran negotiations 「final stages」 statement。並行で Axios/CNN/Time報道: 1-page 14-point MOU (Witkoff/Kushner vs Iran)、30-day 詳細交渉期間+ Hormuz 制限解除 + 核 enrichment moratorium + 米国 sanctions lift + 凍結資金 release。ただし Iran 外務省 Baghaei「米国 plan は依然 review 中、Pakistani仲介経由で確定見解伝達予定」、Tasnim「US conditions 過大要求」継続報道。3 supertankers が Hormuz 通過 (satellite data) で supply restoration 期待先行。,neutral,"市場反応: WTI -5.29% to $97.60、Brent close $105.40 (-4.9% from prior $110)、SPX +1.08% (Iran期待 + NVDA前先回り買い)、SOXL +14.1%。lesson照合 #216 (Iran proposal-led positive判定は Trump反応 24h reversal risk常時警戒)、#220 (K-024 適用範囲: executive action + de-escalation pivot並走 = neutral 妥当)、#228 (sell-the-news pattern: high-profile summit + structural change無し = leverage reversion)。本event は positive rhetoric (de-escalation pivot延長) だが (a) Iran側「still under review」+ Tasnim「過大要求」で deadlock 継続、(b) 30-day MOU 詳細交渉開始前 = structural change未確定、(c) K-009 modal threat pattern: Trump deal rhetoric 24-48h 反転常時警戒。lesson 照合済みで impact = neutral 維持: 「positive 暫定 + Trump 24-48h 非反転確認後 upgrade」ルール (#216 lesson) を厳格適用。SOXLロング想定: 5/21-22 で Iran 公式 response 確認、deadlock 継続なら今回の oil/equity 反応は partial unwind 候補。SOXSなら: 5/21 open での oil 反発 + 'still under review' fade reaction で短期 entry 機会あり、ただし K-024 transient half-life (3日内 80% retracement n=複数) で短期限定。",indirect,https://time.com/article/2026/05/07/us-iran-war-deal-mou-axios-report-negotiations-strait-nuclear/,unreviewed,2026-05-21 08:06:16.091462,scan-market
235,2026-05-21 19:00:00+09,semiconductor,"NVDA 5/21 米プレマーケット 上値伸び悩み (fade) + 4連続決算後下落 (fourth-straight post-earnings slide) パターン確定。AH 初動 -2.5% から $224.22 への戻りで本日早朝は +2.5% プレマーケット ($229.72) を一時記録するも、アナリスト電話会議終了後にトーン反転、米先物 SPX -0.42% / Nasdaq -0.56% で米寄付前リスクオフ。CNBC「stock sank following the analyst call, on track for a fourth-straight post-earnings slide」、Benzinga 観測の「隠れた強気罠 (hidden bull trap)」パターン顕在化。ただし Bank of America Vivek Arya「目標株価 $300→$320 引き上げ (5/13)」、HSBC「$295→$325 (5/19)」、Morgan Stanley「$285 (1T data center forecast)」維持で構造的強気評価は揺らがず。",neutral,"決算は圧倒的好決算 (blowout) のままだが価格反応は「decision-relevant new fact」: AH +2.5% → プレマーケット fade → 米先物下落の流れで、5/21 寄付の SOXL ギャップアップ幅縮小が示唆。lesson照合 #223 (圧倒的好決算 + 構造的提携 = 上昇継続 / overbought continuation): AMD パターン (n=1) と NVDA パターン (今回) で hypothesis 4 は **partial counter-evidence** に修正候補、「pre-earnings n%-run-up が whisper > consensus 差以上 → continuation 失効、4連続後 sliding pattern 優位」を補正条件として強化。SOXLロング想定: 22:30 寄付 ギャップアップ縮小 ($178-183 程度に下方修正)、日中 mean reversion (平均回帰) で $168-175 着地確度上昇 = シナリオB (寄付高値→fade) 40% → 45-50% に再確率付け候補。SOXSロング想定: 寄付 gap-down が薄まる分、エントリー機会も縮小。引け間際 5/22 05:00 直前まで方向確定待ち。Section 232 関税は 1/14 発効 25% (NVDA H200, AMD MI325X) 維持、新規 escalation/de-escalation なし = baseline 継続。",direct,https://www.cnbc.com/2026/05/20/nvidia-nvda-earnings-report-q1-2027.html,unreviewed,2026-05-21 20:03:45.177294,scan-market
236,2026-05-21 18:00:00+09,geopolitical,Iran-US 交渉 5/21 進展: Tehran「ギャップは一部縮小 (gaps reduced to some extent)」評価、ただし米提案の一部条項を「強く拒否 (strongly rejected)」と Iran 外務省コメント。Pakistan 軍トップ訪問が MoU 正式受諾段階を目指す動きと NBC News 報道、Pakistan 外務省「仲介者として詳細は公表しない」声明。主要対立点: 米要求「Iran 核計画を10年間正式停止 + 既存440kg濃縮ウラン引き渡し」 vs Iran 要求「初期段階は停戦・制裁解除・海上封鎖解除に限定、核問題は後段階」。Trump「Negotiations are in final stages、もし合意できなければ a little bit nasty になる可能性」。,neutral,"lesson照合 #216 (Iran proposal-led positive判定は Trump反応24h窓内のreversal risk常時警戒)、#220 (K-024 適用範囲: executive action + de-escalation pivot並走 = neutral 妥当)、#228 (sell-the-news pattern: high-profile event + structural change無し = leverage reversion)。本event はギャップ縮小という positive 進展だが (a) 米要求の中核 (核計画 10年停止 + ウラン引渡し) は Iran が「強く拒否」継続、(b) Pakistan 軍仲介は強化されたが 30-day MOU 詳細交渉 開始前段階、(c) Trump「a little bit nasty」発言 = 通常脅迫パターン (K-009 modal threat) 並走、(d) 「strongly rejected」は前日 5/20 の deadlock 認識を裏付けるのみで実質的レジーム変化なし。impact = neutral 維持、「positive 暫定 + Trump 24-48h 非反転確認後 upgrade」ルール厳格適用。SOXLロング想定: Iran ギャップ縮小 narrative は 5/20 SPX +1.08% / SOXL +14% の partial extension 候補だが、「strongly rejected」報道との両論並走で 5/21 寄付前のリスクオフ (米先物 -0.5%) に下押し寄与の可能性。SOXSロング想定: Iran 公式 拒否報道が表面化すれば 5/20 oil/equity 反応の partial unwind トリガー候補、ただし一過性パターン (K-024 transient) で 3日以内 80% retracement (n=複数で確認済み) のため短期限定。",indirect,https://www.nbcnews.com/world/iran/iran-us-talks-trump-tehran-gaps-nuclear-deal-pakistan-war-rcna346258,unreviewed,2026-05-21 20:03:45.181809,scan-market
237,2026-05-21 21:30:00+09,geopolitical,Iran 最高指導者 Khamenei が濃縮ウラン国内保持 directive を発出 (Reuters 報道、5/21 米時間朝 = JST 21時前後と推定)。Trump 要求の「440kg 濃縮ウラン引渡し + 核計画 10年停止」に対する Iran 最高権力者からの **明確かつ正式な拒否**。Tehran のメディア・外務省コメントレベルではなく最高指導者 directive で、これまでの曖昧な「review中」段階から強硬転換。並行して米先物 SPX/Nasdaq 下落 + 原油 (Brent/WTI) 上昇 + SOXL 想定寄付値 $169.30 (前日 close $173.20 比 -2.25% ギャップダウン) で市場既反応。,negative,lesson照合: 通常脅迫パターン (K-009 modal threat) は Trump SNS/演説の rhetoric で 24-48h reversal リスク大が typical、本件はそれと **質的に異なる**: Iran 最高指導者 Khamenei による正式 directive は 国家政策確定発言で reversal 不能、レジーム変化を伴う。review-events の系統的ネガティブバイアス (51% negative→neutral 修正) の対象外: (a) Iran 政府高官・外務省の 'reject' 発言ではなく **最高権力者の directive** で正式性が桁違い、(b) 米国市場既反応 (米先物下落、原油上昇、SOXL -2.25% ギャップダウン推定) で価格反応にもう織り込まれ始めている、(c) Iran 提案の中核要求 (核計画停止+ウラン引渡し) への明確拒否でレジーム変化 (deal 期待 → deal 破綻リスク優勢) を伴う。SOXLロング想定: 想定寄付値 $169-170 ギャップダウンで 上値伸び悩み (fade、シナリオB) 寄り、引け値中央値 $168-172 想定、5/22 引けは予測 ID 6 ($173.20 下回り) の方向に強く寄与。SOXSロング想定: 寄付 gap-up +2-3% 想定、Iran 公式拒否 narrative が継続なら数日 持続候補、ただし一過性パターン (K-024 transient) で 3日以内 80% retracement の可能性も残る。,indirect,https://www.schwab.com/learn/story/stock-market-update-open,unreviewed,2026-05-21 22:20:55.783529,scan-market
238,2026-05-23 18:00:00+09,geopolitical,米イラン60日休戦MOU draftフレームワーク合意 (5/23 Sat 早朝、Trump+仲介団 5/24 Sun 発表予定): 60日休戦+Strait of Hormuz 開放 (toll なし)+Iran 機雷除去+米 blockade lift+sanctions waiver で Iran が自由原油販売、核交渉は 30-60日後の第二段階に分離。先行: 5/22 Qatari delegation Tehran 派遣 (Reuters)、Trump NY rally 'oil prices will tumble' 発言,neutral,"市場既反応: Brent $105.11→$100.21 (-4.7%)、SOXL $178.39→$190.56 (+6.82%)、S&P 7445→7473 で大幅 risk-on positioning。lesson照合 K-009/K-016: 'Iran proposal-led positive判定は Trump反応24h窓内のreversal risk常時警戒。提案単独で positive とせず、Trump追加rhetoric 24-48h 確認後にimpact確定すべき。中間的にneutral default'。今回は draft proposal が leak されたが 5/24 Sun 公式発表前 + Iran 内部承認 (Khamenei green light) 未確認。sell-the-news pattern 警戒: #32米中合意 SOXL 5日後-11.9% lesson 該当。Trump 5/24 announcement + 24-48h Iran 内部承認確認後に positive upgrade pattern。SOXL長期保有なら: 月曜 5/25 Memorial Day休場の3日 gap 持ち越し → 5/26火曜寄付 で gap 反映、announcement成功なら +3-5% additional rally、崩壊なら gap down -5-8%",indirect,https://www.cnbc.com/amp/2026/05/23/us-iran-war-talks.html,unreviewed,2026-05-24 14:35:51.376007,scan-market
239,2026-05-22 23:00:00+09,fed,Cleveland Fed 5月 Inflation Nowcasting: 4月→5月 PCE 上昇予測 4.18% (+38bps、March 3.5% YoY 比 大幅上振れ)。Powell 5/23 'looking through energy not in front of us right now' コメント+ FOMC利上げ確率 climbing 報道 (Motley Fool 5/22)、2026年中の利下げ removed from table,negative,lesson照合済み: Fed/inflation 系も短期過大評価傾向あるが、今回は (a) Cleveland Fed 公式 nowcast 数値 (4.18%) + (b) Powell 最終発言 hawkish tilt + (c) 利下げ期待 removal の 3要素 converge。entry reasoning でも 4月PCE 上振れ risk 40-50%警戒済。SOXLロングなら: 5/29 (木) 21:30 JST 4月 PCE 発表で nowcast 4.18% 確認なら半導体に重い (実質金利上昇 → high duration tech 圧力)、下振れなら一時的 dove 期待。Brent急落で inflation 圧力後退する dove化 counterシナリオも並走 (Iran peace deal 経由)、ただし PCE は backward-looking で oil 影響は7月 PCE 以降に出る → 短期 (5/29) は依然 hawkish bias,indirect,https://www.fool.com/investing/2026/05/22/uh-oh-probability-fomc-rate-hike-rapidly-climbing/,unreviewed,2026-05-24 14:35:51.380002,scan-market
240,2026-05-25 01:00:00+09,geopolitical,"Trump 5/24 Sun ET SNS post + 米官僚 briefing: Iran deal slow-walk pivot — 前回 scan-market が想定した「5/24 Sun 公式 MOU 署名発表」は実現せず、Trump「proceeding in an orderly and constructive manner」「time is on our side」「don't rush into a deal」と公的に減速指示。米官僚: 「signed in the coming days, not today」。Hormuz blockade は「agreement is reached, certified, and signed」まで full force 継続。別途、LNG タンカー 3隻が Hormuz を通過 (Pakistan/China/India 行き) = 物理的 de-escalation continuation evidence。5/25 Mon weekend futures は S&P +0.9% / Nasdaq +1.3%、S&P 7,500+ record high pricing で Iran deal 期待を更に織り込み。Brent は $98 (前回 $100.21 から -2.2%)、WTI $91 (-5%超)。",neutral,"lesson照合: K-009 (Iran proposal-led 24h reversal risk) — Trump 自身が proposal を意図的に slow-walk するパターンは、提案単独で positive とせず neutral default の典型 (cache lesson: ""Trump追加rhetoric 24-48h 確認後にimpact確定"")。今回は (a) deal 進展継続 (LNG passing + 米官僚「coming days」), (b) deal closure 遅延 (Trump「don't rush」), (c) weekend futures が既に positive pricing 完了 — の 3要素が拮抗し、5/26 Tue 米再開で sell-the-news risk と additional gap-up upside が両方存在。SOXLロング保有 (entry $176.11, 5/22 close $190.56, +8.2%) には: (i) deal final signing が 5/26-5/30 内に来れば +3-5% upside, (ii) 「don't rush」継続で 5/26 Mon-Tue は range-bound または sell-the-news -3-5% gap down リスク, (iii) 5/29 Thu 4月 PCE 発表 (Cleveland Fed nowcast 4.18%) との重畳で半導体 weight 増。verifyレベル: Tier-1 Trump SNS post + Tier-2 NPR/PBS/CBS/CNBC 報道、4ソース以上で確認。",direct,https://www.cbsnews.com/live-updates/iran-war-trump-us-peace-talks-strait-of-hormuz-control/,unreviewed,2026-05-25 23:48:10.844278,scan-market
241,2026-05-25 20:00:00+09,geopolitical,"Iran 国営 Fars news agency が Trump 5/24「Iran deal largely negotiated」を公的反論: 「Strait of Hormuz は Iran 管理下のまま (remain under Iran's management)、最新の Iran-US 交換text に基づく」と公表、Trump の Hormuz reopen 発表を 「incomplete and inconsistent with reality」と評価。前回 event (Trump 米側 slow-walk pivot) の counter-narrative、Iran 側から MOU draft 核心条項を拒否。同日 WTI $91.01 (-5.79%) 確定、weekend S&P 7,473.47 (5/22 close +0.37%、record high)、5/25 NYSE/Nasdaq Memorial Day 休場、5/26 Tue 通常取引再開。",neutral,"lesson照合: K-009 (Iran proposal-led 24h reversal risk) + K-024 (Iran rhetoric 繰り返し) — Iran 側が Trump 主張を拒否する pattern は提案合意の reversibility を示唆、cache lesson 「提案単独で positive とせず neutral default」「Iran diplomatic signal 24h 半減期」いずれも適用、neutral default 維持。ただし米側 (Trump「don't rush」) と Iran 側 (Fars「Hormuz は Iran 管理」) の 双方が MOU draft 核心条項を矛盾説明する状態は、weekend futures S&P 7,500+ pricing の optimism と乖離拡大。5/26 Tue 22:30 JST 米寄付で sell-the-news risk 増大 (前回 -3-5% 想定 → -5-7% リスク幅拡大)。SOXL ロング (P120136 1株 @ $176.00, in-flight) には: (i) 5/26 gap down で含み益 +8.27% → +3-5% 圧縮可能性、(ii) Trump-Iran 矛盾 narrative が 5/26 中に reconcile しなければ deal close 期待 frozen、(iii) 5/29 PCE までに deal 進捗示唆あれば再 rally、なければ「結局未署名」narrative で risk-off pivot 候補。verifyレベル: Fars (Iran 国営、Tier-2 寄り) + Western media 報道、元 Trump statement (Tier-1 SNS) と Iran 公式声明の direct conflict で 2ソース以上で確認可能。",direct,https://en.wikipedia.org/wiki/2025%E2%80%932026_Iran%E2%80%93United_States_negotiations,unreviewed,2026-05-26 01:57:03.611149,scan-market
242,2026-05-26 06:00:00+09,geopolitical,米軍 (CENTCOM) が Bandar Abbas (Iran南部、Hormuz海峡至近) で「self-defense strikes」実施 — missile launch sites + mine設置中のIRGC ships を破壊、IRGC personnel KIA。同時にDoha で Araghchi外相到着しMOU交渉継続中。Trump「peace talks proceeding nicely」発言、ceasefire維持。CNBC/Al Jazeera/NBC/Euronews 確認,neutral,lesson照合: K-024「進行中戦争のミサイル交換繰り返し」+ 改訂lesson「US proactive action でも Trump de-escalation pivot 並走時は neutral」適用。Trump発言「proceeding nicely」が de-escalation pivot に該当。物理損傷あり (IRGC KIA + ships破壊) だが外交fallout継続せず (Iran側はDoha交渉維持)。Brent反応は+2% to $98.26 (Asia trading) で限定的、WTI -5.1%でdiverge = 構造的negative ではない。SOXL ロング P120136 への影響: 半導体直撃なし、VIX/原油経由indirect。22:30 JST 米寄りで gap実体は news後 ceasefire維持priced in pattern が主流,indirect,https://www.aljazeera.com/news/2026/5/26/us-military-launches-strikes-on-southern-iran-amid-talks-in-qatar,unreviewed,2026-05-26 17:05:34.271832,scan-market
243,2026-05-26 03:00:00+09,geopolitical,"Iran Supreme Leader Mojtaba Khamenei が60日休戦MOU framework を broad approve (米官僚 briefing経由)。Iranian Foreign Minister Araghchi + Parliament Speaker Ghalibaf が Doha 到着、最終交渉段階。ただし (a) 「signed in coming days, not immediately」遅延 (b) Iran は核問題を MOU で扱うこと拒否、「最終合意で議論」のみ。Times of Israel + Jerusalem Post 確認",neutral,lesson照合: K-009「Trump SNS最後通牒/Iran外交positive判定は24h反転リスク」+ 「Iran提案単独 positive とせず Trump追加rhetoric 24-48h 確認後 impact確定」適用。Khamenei framework承認は positive 前進だが、negative noise 並走 ((a) signed delay (b) 核拒否 (c) 同時刻に Bandar Abbas US strike + IRGC KIA) で neutral default 妥当。前回登録 (5/25 20:00 Fars 反論) と本イベントは独立した進展 (Fars=public denial、Khamenei=private framework approval)。SOXL への影響: ceasefire延長確定なら risk_on confirm、gap up 寄り。ただし MOU 不成立リスク残存,indirect,https://www.timesofisrael.com/us-iran-said-closing-in-on-framework-for-permanent-deal-as-trump-renews-bomb-threats/,unreviewed,2026-05-26 17:05:34.275834,scan-market
244,2026-05-26 23:00:00+09,market,Conference Board Consumer Confidence Index 5月分 release (10:00 ET = 23:00 JST)。Memorial Day 後初の major US data。前月 (4月) は energy 高騰・geopolitical 不安で軟化していた経緯あり,neutral,事前 release はimpact未確定。data 結果次第。surprise 上振れ = risk_on confirm (SOXL/TECL pos)、下振れ = consumer weakness signal (TZA bear への注意)。Brent $96-98 + PPI 6.0% YoY 環境で 信頼感data は inflation expectation の代理指標としても機能。SOXL ロング P120136 への影響: 米寄り (22:30 JST) から 30分後 release、初動の半導体反応はindex全体 sentiment 経由 indirect,indirect,https://www.conference-board.org/topics/consumer-confidence/,unreviewed,2026-05-26 17:06:32.408884,scan-market
245,2026-05-27 05:00:00+09,market,"Salesforce (CRM) Q1 FY27 earnings AMC release (5/26 引け後 ET = 5/27 ~05:00 JST)。Wall St 予想: Rev $11.05B (+12.5% YoY), EPS $3.12 (+21%)。Agentforce (AI agent platform) traction が焦点。CRM YTD -32% で expectation low、surprise 余地大",neutral,CRM は TECL 構成銘柄 (Tech sector ETF)。Agentforce 進捗が AI demand 持続シグナルとして SOX セクター sentiment にスピルオーバー可能性。upside surprise = TECL/SOXL pos confirm、miss = AI bubble fatigue 警戒。引け後発表のため 5/27 寄り (22:30 JST) で TECL 反応確認。SOXL ロング P120136 は同日 reaction、5/27 寄りまで catalyst overhang,direct,https://moneymorning.com/2026/05/26/salesforce-crm-stock-earnings-agentforce-may-2026,unreviewed,2026-05-26 17:06:32.410392,scan-market
246,2026-05-26 22:00:00+09,semiconductor,"Micron (MU) UBS Timothy Arcuri が price target $535 → $1,625 (+204%) に大幅引き上げ、Street-high target 設定。MU 株 premarket +8% → 米寄り後 +18% で初の $800 突破、$1T 市場 cap 突入。根拠: HBM 業界が long-term agreement (3-5年、fixed volume + partial fixed pricing) 構造化、EPS 予測 上方修正 (CY27 $133→$155、CY28 $122→$167、CY29 $77→$117)、累積 FCF $400B+。本日 SOXL +18%/SOXX +5-6% rally の主因。",positive,"lesson 照合: K-009 (Trump SNS) や K-024 (戦争繰り返し) 該当せず、sell-side tier-1 analyst の structural upgrade で 24-48h 反転リスク低い。HBM 構造化 thesis は fundamental、analyst-driven spike fade 警戒は残るが reversal せず継続上昇展開を base case とする。SOXL ロング P120136 1株 $176→$210 で +$34 利確済 (Trade #8)、T126816 で IFD $215 約定 (Trade #9) は本 driver の継続性 に依存。MU 単独集中リスクあり、AMD/AVGO/TXN broadening 確認で risk 部分緩和。",direct,https://seekingalpha.com/news/4596810-micron-jumps-as-ubs-raises-price-target-to-new-wall-street-high-on-memory-momentum,unreviewed,2026-05-27 01:29:40.40836,scan-market
247,2026-05-26 23:05:00+09,fed,"Conference Board Consumer Confidence Index 5月 actual: 93.1 (forecast 92.0 上回り、prior 93.8 から -0.7pt 後退)。Present Situation -3.2pt to 121.2、Expectations +1.0pt to 74.4。survey 期間 5/1-19、Middle East 戦争による inflationary impact captured。""Consumer confidence edged downward in May as inflationary impacts intensified"" (Conference Board 公式コメント)。",neutral,"結果は mixed: forecast 上振れ (+1.1pt) は positive surprise だが headline 月次低下 (-0.7pt) で 両論あり。Present Situation -3.2pt は労働市場/事業環境の弱化示唆、Expectations +1.0pt は短期見通し改善。市場反応: SOXL/SOX は本データ後も rally 継続 ($218-220 維持)、データ自体の影響は限定的、MU UBS upgrade の driver が支配。lesson 照合: market data release は通常 neutral default、本件も該当。SOXL ロング Trade #9 ($215 entry) には影響軽微、CRM 決算 (5/27 05:00 JST AMC) の方が次の主 catalyst。",indirect,https://investinglive.com/news/us-consumer-confidence-for-may-931-vs-92-estimate-20260526/,unreviewed,2026-05-27 01:29:40.410656,scan-market
248,2026-05-27 05:00:00+09,market,"5/26 米市場 close: S&P 500 +0.61% で 7,519.12、Nasdaq Composite +1.19% で 26,656.18、両指数 とも record closing high を更新。Dow -0.23% で 50,461.68 と divergence。セクター: technology / industrials / materials が上昇、energy / consumer staples / healthcare が下落。半導体 leader: MU +19% intraday で 一時 $1T market cap touch (UBS upgrade $535→$1,625 効果)、AMD +5.83%、SOXX +5.10%、SOXL +15.38% (3倍)。NVDA -1.07% で 4連続 post-earnings slide パターン継続。driver: Iran deal optimism 持続 + MU UBS upgrade による semi-led tech rally。",positive,"broad market dual record close は risk_on レジーム継続を裏付け、SOXL trade #9 entry ($215, 同日 11:54 ET) の context として直接 supportive。lesson 照合: K-034 (Asia rally → US sell-off) は該当せず — US 自身が ATH 形成、Asia は遅れて反応する側のため。NVDA 単独 negative laggard を除き broad semi が買われた点で、半導体 sector rotation の構造的変化 (NVDA → MU/AMD への AI leadership shift) を示唆。SOXL ロングなら継続保有 + ピラミッディング検討、SOXS なら短期 cover。ただし VIX 16.9 で complacency 警戒は必要 (ATH + low VIX 同時は historic reversal precursor 確率上昇)。",indirect,https://www.cnbc.com/2026/05/25/stock-futures-today-live-updates.html,unreviewed,2026-05-27 21:35:20.153694,scan-market
249,2026-05-28 05:00:00+09,semiconductor,5/27 米セッション 半導体 brutal selloff: QCOM -13% (2020以来最悪)、INTC -8%、MU -6%、SOXX -5%、NVDA -1% (前日 record close 翌日で選別的)。SOXL は gap-up open $242.66 から low $204.00 に -19% intraday、close $217.98 (open→close -10.2%、prev close $225.79 比 -3.46%)。,negative,"半導体直撃 negative。SOXL ロング保有者は intraday $242→$204 で 19% drawdown、close base でも -3.46% の損失。Trigger: 5/26 Consumer Confidence 93.1 (forecast 88.5 大幅上振れ) + Iran 紛争による Brent 上昇 + Fed cut 期待後退 → 高 valuation tech から profit-taking。NVDA は前日 record close で選別的 -1%。SOXL ロング追加 entry は chip 安値 confirm 後、SOXS swing なら短期 only。lesson 照合: 個別銘柄 NII miss → sector neutral 化 (Wells Fargo) は 今回 sector-wide selloff のため不適用、market ATH positive lesson も close 下落で不適用。複数 Tier 2 source (Yahoo Finance, TheStreet) + Parquet 実価格で verified。",direct,https://finance.yahoo.com/news/qualcomm-micron-lead-brutal-chip-094036401.html,unreviewed,2026-05-28 22:30:27.566686,scan-market
250,2026-05-28 21:30:00+09,fed,Q1 GDP 2nd 推計 + 4月 PCE release (5/28 08:30 ET = 21:30 JST): GDP 2.0% 年率 (advance から不変)、PCE Price Index +4.5% (不変)、Core PCE +4.4% (+0.1pp 上方修正)、Real final sales to private domestic +2.4% (-0.1pp 下方)、Price index for gross domestic purchases +3.5% (-0.1pp 下方)。,neutral,"macro indirect neutral (hawkish 微傾斜)。headline GDP/PCE は完全に in-line、Core PCE のみ +0.1pp 上方修正で marginal hawkish — 単独で sentiment shift する revision 幅でない。TQQQ/SOXL/SPXL/TECL ロングへの影響は限定的だが、Core PCE 4.4% は Fed 2% target から大きく上方乖離継続で 6/16-17 FOMC まで rate-sensitive tech の上値抑制要因。lesson 照合: fed_dissent_secondary_catalyst は rate decision dissent 対応で data release 不適用、Cleveland Fed Inflation Nowcasting (5/22 neutral 評価) と consistent。Tier 1 (BEA) + Tier 2 (Kraken, heygotrade) で確認。",indirect,https://www.bea.gov/news/2026/gdp-second-estimate-and-corporate-profits-1st-quarter-2026,unreviewed,2026-05-28 22:30:27.57045,scan-market
251,2026-05-29 05:00:00+09,market,5/28 米セッション: S&P500・Nasdaq 揃って史上最高値更新 (各 +0.5%)。4月 PCE 3年ぶり高水準にも関わらず。AI infra/software 主導 (MSFT/ORCL/PLTR +3-4%、SNOW +30%)。SOXL 5/27 $217.98 → 5/28 $224.63 (+3.05%) で前日 chip selloff (-3.46%) を全戻し,positive,前日 AI capex sustainability doubt selloff thesis を市場が1日で否定し record close。SOXL/TQQQ/SPXL/TECL ロングに追い風、SOXS/TECS ショート不利。lesson照合: K-034 (Asia rally→US selloff) は US session 自体のため不適用、Wells Fargo 個別/指数分離も該当せず。戦争修辞イベントでないため negative bias 補正対象外、record + chip 全戻しの resilience は positive 妥当。検証: TheStreet (Tier2) + Parquet SOXL daily (217.98→224.63) で triangulate,direct,https://www.thestreet.com/stock-market-today/stock-market-today-dow-jones-sp-500-nasdaq-updates-may-28-2026,unreviewed,2026-05-29 19:51:38.91561,scan-market
252,2026-05-28 05:05:00+09,semiconductor,Marvell (MRVL) Q1 FY27 決算 (5/27 AMC ET): revenue $2.418B 過去最高 +28% YoY、EPS $0.80 (予想 $0.75 beat)、Q2 guide $2.7B、FY27/28 上方修正 (AI networking 需要)。aftermarket +5% → 5/28 premarket -2% sell-the-news,positive,"SOX 構成 AI networking 銘柄の beat+raise は AI capex sustainability thesis を fundamental に支持。sector は 5/28 +3% 回復。SOXL ロングに中期追い風。lesson照合: K-016 sell-the-news に該当し株単体は premarket -2% (織り込み済み反応)、ただし fundamental guidance 上方は sector signal として positive 維持。短期 sell-the-news は警戒。検証: SEC 8-K (mrvl-20260527.htm, Tier1) + Stocktwits/Yahoo (Tier2-3)",indirect,https://www.sec.gov/Archives/edgar/data/0001835632/000183563226000014/mrvl-20260527.htm,unreviewed,2026-05-29 19:51:38.919533,scan-market
253,2026-05-30 05:00:00+09,market,"5/29 金曜 米セッション: S&P500 7,580.06 (+0.22%)・Nasdaq 26,972.62 (+0.2%)・Dow 51,032.46 (+0.72%) で揃って史上最高値更新。S&P 9週連続上昇 (2023以来最長)、5月は Nasdaq +8%/S&P +5%/Dow +3% で月間記録的上昇",positive,Dell +32.76% (AI server blowout)・米イラン和平期待・WTI 5月 -16.2% (ディスインフレ) が複合ドライバー。TQQQ/SPXL/TNA はベータ経由で上値追い妥当。但し SOXL は Parquet で 224.63 (5/28)→224.34 (5/29) -0.13% と broad rally に乗れず半導体は出遅れ — record close を SOXL long シグナルに直結させない (K-034 類似の sector lag)。overbought 警戒: S&P は 50DMA +7%・RSI>70。lesson照合: 戦争修辞系の negative bias 補正は本イベント (US session record close) に不適用、positive 維持。,indirect,https://finance.yahoo.com/markets/live/dow-nasdaq-sp-gain-stock-market-today-friday-may-29-222720284.html,unreviewed,2026-06-01 20:05:09.918733,scan-market
254,2026-05-29 05:05:00+09,semiconductor,Dell Q1 FY27 決算 (5/28 AMC ET): 過去最高 revenue $43.8B (+88% YoY)、EPS $5.24 (+282%)、AI orders $24.4B・AI server revenue $16.1B 認識。FY27 通期 guide $165-169B (+47%、AI最適化サーバ ~$60B +144%)。株価 5/29 +32.76% で $420.91 引け,positive,AI インフラ capex の実需確認 (Dell AI server +144% guide)。SOXL/TECL/TQQQ に read-through positive — hyperscaler/OEM の AI server 需要は NVDA/MRVL/AVGO 等の chip 需要に直結。Dell 自体は保有銘柄外だが MRVL (5/27 beat) に続く AI infra 連続 beat で thesis 補強。lesson照合: K-016 sell-the-news は不適用 (Dell は報告後 +33% で買われ premarket 反落なし)。relevance=indirect (read-through 経由)。,indirect,https://www.sec.gov/Archives/edgar/data/0001571996/000157199626000021/exhibit991earnings8kq1fy27.htm,unreviewed,2026-06-01 20:05:09.923234,scan-market
255,2026-06-01 12:00:00+09,semiconductor,NVIDIA Computex 2026 基調講演 (5/31 20:00 PT): Jensen Huang が PC 向け Arm ベース新プロセッサ N1X (Microsoft 共同開発) と RTX Spark を発表。Microsoft/Dell/HP/ASUS/Lenovo/MSI から 2026年秋に搭載ノート投入。NVDA が x86 (Intel/AMD/Qualcomm) 支配の PC CPU 市場へ参入,positive,NVDA は SOXL 構成上位、PC 市場参入で TAM 拡大期待 ($200B CPU 市場、Huang 発言)。6/01 premarket で ARM/HPE/NOW/IBM 連れ高 → SOXL/TECL に sentiment positive。ただし INTC/AMD/QCOM には競争上ネガティブ要素 (x86 シェア侵食) で SOX 内に勝者敗者混在 — SOXL は NVDA weight 主導で net positive だが selloff 銘柄が drag する可能性あり。lesson照合: 製品発表は実売 (秋) まで時間差、premarket 反応の過大評価に注意。relevance=direct (NVDA 直撃)。,direct,https://www.cnbc.com/2026/05/31/nvidias-new-chip-to-power-fresh-line-of-windows-laptops-by-dell-hp.html,unreviewed,2026-06-01 20:05:09.923852,scan-market
256,2026-06-01 22:45:00+09,oil,Iran が米協議を停止 (Tasnim、Israelのレバノン攻撃に抗議) → 原油急騰: WTI +6% $92 / Brent +5% $95。5月の de-escalation ラリーが一部巻き戻し,negative,原油急騰は高バリュエーション・テックにリスクオフ圧力 → SOXL/TQQQ/TECL に逆風 (インフレ再燃→Fed higher-for-longer 連想)。SOXL long には逆風 (本日の売りの一因)、SOXS には追い風。Parquet BRENT 94.03 (6/01) が web $95 と整合・5/29 91.01から+3.3%で定量確認。lesson照合 (K-024/K-009): Iran の「協議停止」は外交headline で 24-48h 反転リスク高 (Trump off-ramp 模索の報道あり)、供給の実被害ではなく premium 再評価。よって negative は「原油の実価格上昇 (Parquet確認)」という実害consequenceに対して付与、Iran headline 自体は割引。原油が鎮静すれば impact 減衰。,indirect,https://finance.yahoo.com/markets/stocks/live/stock-market-today-monday-june-1-flat-225422503.html,unreviewed,2026-06-01 23:08:17.319559,scan-market
257,2026-06-01 23:00:00+09,semiconductor,"6/01 選別AIチップトレードの市場反応: NVDA Computex (N1X/RTX Spark) で incumbent が叩かれ INTC −6%/AMD −4%、NVDA は堅調($215-221)。SOX バスケットは incumbent 主導で下落 (SOXL 寄り224→日中安値210, 約−6%)",negative,"NVDA の PC市場参入は NVDA/MSFT に positive だが、x86 incumbent (INTC/AMD/QCOM) はシェア侵食懸念で売られ、これらは SOX index の大型weight。SOXL は NVDA が支えても incumbent の重しで net 下落 → 本日の SOXL long 含み損の主因。SOXS には追い風。但しアナリストは「rotation/profit-taking であり AI成長thesisの破綻ではない」と評価 → 構造的弱気signalではなく、204(レンジ無効化)を死守すれば押し目の範囲。lesson照合: 戦時バイアス補正は非該当。INTC-6%/AMD-4%/NVDA堅調は複数Tier2で確認。既登録の NVDA Computex(発表) に対する realized 反応として記録 (発表=catalyst, 本件=basketへの net 検証)。",direct,https://finance.yahoo.com/markets/stocks/live/stock-market-today-monday-june-1-flat-225422503.html,unreviewed,2026-06-01 23:08:17.321251,scan-market
258,2026-06-01 23:00:00+09,fed,5月 ISM製造業PMI = 52.7 (コンセンサス53.0 を下回るミス、4月52.7と同水準)。拡大圏(>50)維持だが期待未達,neutral,52.7 は拡大圏維持だが 0.3 のミスで「景気減速ヒント＋Fed利下げ後ずれ」連想。ただし市場の主因は chip rotation と oil であり ISM は脇役 (S&P -0.04% と無風)。SOXL long への direct impact は小。lesson照合: 単発データ、戦時バイアス非該当。記録は actual値 52.7 の reference 用途。,indirect,https://tradingeconomics.com/united-states/manufacturing-pmi,unreviewed,2026-06-01 23:08:17.322112,scan-market
259,2026-06-02 05:00:00+09,market,"6/01 米セッション引け: S&P500 7,599.96 (+0.26%)・Nasdaq 27,086.81 (+0.42%) ともに史上最高値で引け。テック・エネルギー主導で原油+8%スパイクとIran/Lebanonエスカレーションを吸収。SOXLは場中安値210.14から227.03 (+8%off低値) へ戻して引け",positive,"原油+8%・Iran協議停止・Israel地上進攻という逆風下でも最高値引け=risk_onの底堅さ確認。場中の半導体selloff(SOXL 210まで)は押し目買いで吸収され227.03引け。SOXLロング(trade#12 @218)は引け時点で含み益、resting@208(trade#13)は安値210.14で未約定。下落はrotation/profit-takingでthesis破綻でないとの前回判断を支持。Parquet照合: SOXL close 227.03確認",direct,https://www.thestreet.com/stock-market-today/stock-market-today-dow-jones-sp-500-nasdaq-updates-june-01-2026,unreviewed,2026-06-02 10:42:00.665526,scan-market
260,2026-06-02 03:00:00+09,geopolitical,Israel地上部隊がレバノン南部で26年ぶり最深部まで進攻+ベイルート郊外空爆(Jabal Amel病院損壊)。IRGCが「新戦線開設」「Hormuz封鎖継続」を威嚇。Trump-Netanyahu緊迫通話、停戦発表もNetanyahuは作戦継続を表明,neutral,lesson照合(K-024): 進行中戦争の繰返しイベント(空爆・IRGC声明)はnegativeバイアス補正でneutralデフォルト。Hormuz「封鎖継続」はレトリック威嚇で実際の物理封鎖・供給実被害は未確認(原油は流通継続)。市場は同日最高値で引け=エスカレーションを吸収・ディスカウント済み。lesson照合(K-009): Iran/Trump最後通牒は裏チャネル交渉と並行する修辞パターン。negative化条件(供給実被害/米軍KIA/レジーム変化)いずれも未該当。原油価格反応は既存oilイベント(6/01 22:45)で捕捉済み、本イベントは軍事エスカレーション+Hormuz威嚇の側面を記録(重複回避)。SOXLへの波及はindirect(原油→リスクセンチメント経由),indirect,https://www.npr.org/2026/06/01/g-s1-125285/iran-israel-us-lebanon-gaza,unreviewed,2026-06-02 10:42:00.669816,scan-market
261,2026-06-02 06:00:00+09,geopolitical,トランプがTruth Socialで対イラン協議は「急ピッチで進行中」と発言（イランの協議停止表明への反論）。さらにイスラエル/ヒズボラ間で「銃撃はすべて停止する」と停戦を主張。ただしNetanyahu首相は直後に「南レバノンでの作戦は計画通り継続」と矛盾発言、夜間に衝突継続。,neutral,デエスカレーション側のトランプ修辞だが、Netanyahuが即座に矛盾発言し混在シグナル。供給(Hormuz)に新規実被害なし、Brent $94で6/1 +4%から小幅反落($-0.42%)に留まる。SOXLロングには中立〜やや支援(risk-on/原油反落)だが、K-009(Iran/Trump修辞=24-48h反転リスク)・K-024(進行中戦争の繰返しイベント)該当でneutral default。SOXS側も同様に中立。lesson照合: 過去Iran/Trump positive判定→neutral修正パターン複数あり、トランプSNS単独でpositive化せず48h反応確認後に確定すべき。,indirect,https://www.cbsnews.com/live-updates/iran-war-us-trump-strikes-ceasefire-lebanon-israel/,unreviewed,2026-06-02 17:22:07.845672,scan-market
262,2026-06-03 05:00:00+09,market,"6/02 米セッション引け: S&P500 7,609.78 (+0.13%) で初の7,600超・史上最高値、Nasdaq 27,093.90 (+0.03%)、Dow 51,307.79 (+0.45%)。VIX 16.09 (+2.0%)。半導体主導の record close",positive,VIX 16で低位安定のまま指数最高値更新。リスクオン継続でSOXLロング地合いは良好。ただしNasdaq +0.03%とほぼ横ばい=上昇は半導体/AI個別に集中、breadth狭い点に留意（指数高値≠全面高）。SOXSは逆風,indirect,https://www.thestreet.com/stock-market-today/stock-market-today-dow-jones-sp-500-nasdaq-updates-june-02-2026,unreviewed,2026-06-03 18:25:34.185181,scan-market
263,2026-06-03 05:00:00+09,semiconductor,6/02 半導体ラリー: PHLX SOX指数 +約6%。Marvell (MRVL) +32%（Jensen Huangが Computex で「次の1兆ドル企業」と言及+Teralynx T100スイッチ発表）、HPE +19%（ガイダンス上方修正）、AVGO/MRVL/HPE が52週高値,positive,AIインフラ（ネットワーキング/データセンター）narrative でSOX +6%の強いブレイク。SOXLロングには直接追い風で順張り方針に合致。ただし単日 SOX +6%/MRVL +32%は過熱気味=高値追い（chase）リスク。新規エントリーは押し目待ち優先、寄り天リバーサル警戒。SOXSは厳禁地合い,direct,https://www.cnbc.com/2026/06/02/jensen-huang-nvidia-marvell-technology-trillion-dollar-ai.html,unreviewed,2026-06-03 18:25:34.189319,scan-market
264,2026-06-02 06:00:00+09,semiconductor,Alphabet が AI インフラ投資のため総額 $80B 株式調達を発表（6/01 ET）。$30B 公募 + $40B ATM + Berkshire Hathaway $10B 私募（Class A $5B @$351.81 / Class C $5B @$348.20）。背景: ハイパースケーラー (Meta/MSFT/AMZN/Alphabet) の2026 capex 合計 >$725B,positive,ハイパースケーラーの巨額 capex コミットは半導体（GPU/HBM/ネットワーキング）への持続的需要シグナルで SOXL ロングに構造的追い風。CNBC+TechCrunch+Axios+SEC filing で確認。ただし transmission は indirect（capex→チップ受注→SOX）で即日反応は限定的。注意: $80B の大型エクイティ調達自体は希薄化要因で GOOGL 個別株にはニュートラル〜やや重い。SOXL 文脈では需要側のみ評価。SOXS は逆風,indirect,https://www.cnbc.com/2026/06/01/alphabet-to-raise-80-billion-from-stock-sales-to-fund-ai-buildout.html,unreviewed,2026-06-03 19:12:48.096326,scan-market
265,2026-06-04 05:15:00+09,semiconductor,Broadcom (AVGO) Q2 FY26 決算 (6/3 米引け後 AMC ET = 6/4 05:15 JST頃)。コンセンサス: 総売上 $22B (+47% YoY)、AI半導体売上 $10.7B (+140% YoY、前Q $8.4B/+106% から加速)。AI受注backlog・カスタムASIC出荷・下期ガイドが焦点,neutral,binary catalyst→pre-event neutral default。AVGOはSOX第2の構成ウェイトでSOXLへdirect。SOXが16日連騰+38.7%(32年最長)の高値圏で迎える最大の near-term イベント。ビート+上方ガイドなら SOXLロングに追い風だが、AI$10.7B/+140%は既に高い織込みでmiss/慎重ガイド時は高値圏ロングの利確誘発→SOXL急落リスク(MRVL +32%等の楽観が剥落)。SOXSは逆。結果は 6/4 早朝 JST に判明するため、当日米セッション(寄り22:30 JST)に新規本体を高値で置くとイベント跨ぎになる点に留意。lesson照合: neg→neu修正多発(個別決算は指数全体センチメントと分離)に整合しpre-eventはneutral,direct,https://seekingalpha.com/news/4599887-broadcom-q2-2026-earnings-preview,unreviewed,2026-06-03 20:30:46.916945,scan-market
266,2026-06-03 21:15:00+09,fed,ADP 5月 全米雇用 +122K（予想+110K 上回るビート、4月105Kから加速、8/10セクターで増のbroad-based、2025年1月以来最強）。年収+4.4%,neutral,ビート＝労働市場底堅い→Fed利下げ動機後退のややタカ派。米金利上昇・株先mixed。ただしSOXLはプレで froth 高止まり（+5%台→+4.7%と小緩みのみ）で半導体は非反応＝マクロよりBroadcom待ち。lesson照合(K-016/個別マクロ印は指数全体センチメントと分離・反応で判定)に従い、反応が限定的なためneutral。SOXLロングには「高PER・高ボラ・過熱セクターに金利上昇は地味な逆風」として材料出尽くしリスクを僅かに上げる程度。6/5 NFP(本命)の前哨戦,indirect,https://www.cnbc.com/2026/06/03/adp-jobs-report-may-2026-payrolls-increase-by-122000.html,unreviewed,2026-06-03 22:13:19.267435,scan-market
267,2026-06-04 06:00:00+09,semiconductor,AVGO決算反応(sell-the-news): 売上$22.2B(+48%)/AIチップ$10.8B(+143%)/Q3ガイド$29.4B(+84%)とビートも、AI売上見通しがwhisper未達で失望売り。AH/プレ-13〜15%、semi全面安(SOXL-13.77%/CRWD-11%/SMCI-7.2%),negative,sell-the-news(K-016): 絶対値は強いが期待超え不足で失望売り。SOXLロングは寄りでギャップダウン直撃(プレ-13.77%、6/3終値$280.54比)。ただし基礎数値は記録的に強く、broad semi連れ安は数日でmean-reversionの可能性=深押し買いの好機にもなりうる(本セッションで評価中)。lesson照合: negativeバイアス補正の対象は戦争系反復イベント。本件は広範な実価格被害が発生済みでnegative維持。,direct,https://www.indmoney.com/blog/us-stocks/why-avgo-stock-is-falling-after-broadcom-q2-fy2026-earnings,unreviewed,2026-06-04 20:43:03.20801,scan-market
268,2026-06-04 21:30:00+09,fed,"6/4 21:30 JST(米寄り前1h) 新規失業保険申請(予想211K/前215K)・継続1,780K・非農業生産性0.8%",neutral,ルーチン週次。サプライズ無ければ影響軽微。AVGO主導のsemi売りが支配的な地合いで寄り前のリスクセンチメント補助材料。SOXL方向への独立影響は小。,indirect,https://www.investing.com/news/stock-market-news/initial-jobless-claims-highlight-thursdays-economic-calendar-93CH-4724977,unreviewed,2026-06-04 20:43:03.210981,scan-market
269,2026-06-05 21:30:00+09,fed,5月 雇用統計(NFP) 6/5 21:30 JST発表(米寄り前)。4月は+115K。Warsh新議長の初FOMC(6/6開始)直前の最重要マクロ,neutral,結果次第で両振れ。強い雇用→利下げ期待後退でsemiにマイナス/弱い雇用→景気懸念だが利下げ期待。SOXLは寄り前ギャップで反応。現時点は方向未定でneutral。明日のポジション持ち越し判断に直結。,indirect,https://www.kiplinger.com/investing/economy/this-weeks-economic-calendar,unreviewed,2026-06-04 20:43:03.211546,scan-market
270,2026-06-05 05:00:00+09,market,"6/04 米セッション引け: セクターローテーション。Dow +1.73% 51,561.93 史上最高値(JPM+3.3%/UNH+5.2%/GS+4.9%/JNJ+4.6%)、S&P500 +0.41% 7,584.31、Nasdaq -0.09% 26,830.96。資金が半導体からfinancials/healthcareへ回転、SOX leadership停止",negative,SOXLロングには逆風: AVGO sell-the-news後、資金が半導体からfinancials/healthcareへローテーション、SOXのleadershipが停止。ただしDow史上最高値・S&P上昇でbroad marketはrisk-on維持。半導体の天井ではなくleadership pauseで、SOXSへの逆張りエントリー根拠にはならない(逆張りSOXS停止方針)。SOXL順張りは半導体への資金回帰確認まで様子見が妥当,direct,https://www.thestreet.com/stock-market-today/stock-market-today-june-4-2026-nasdaq-futures-slide-amid-iran-war-concerns,unreviewed,2026-06-05 14:00:27.622358,scan-market
271,2026-06-05 22:30:00+09,market,6/05 米セッション: 5月NFP 172K(予想85Kの倍)・失業率4.3% → 10年債4.5%超・利下げ期待消失(good news is bad news) → 全面リスクオフ。半導体最深(SOX≈-8%): SOXL-25%($197)/TECL-17%/TQQQ-11%/SPXL-6%、SOXS+25%。Nasdaq-3%(10/10以来最大)・S&P-1.6%・Dow-0.7%(引け前・進行中),negative,SOXLロング直撃(-25%)。ただしドライバーは景気悪化でなく強雇用→金利急騰のrate-repricing+AVGO半導体売りの重なり=経済はリセッションでなく堅調、構造的悪材料でなく金利調整で利回り安定なら半導体は反発余地(K-009的反転リスクをロング不在側にも適用)。当日はhigher-low未形成の継続下落でナイフキャッチ/逆張り不可、buy-stop反発確認待ちが規律。VIX17.94止まり・HY2.74タイト=マクロ恐怖/信用ストレス未発生でリスクオフは金利/sector主導。lesson照合済み(market neg→neu): 本件は地政学過剰ネガティブでなく実現した広範リスクオフのためnegative維持。SOXS逆張りは停止方針で対象外,direct,https://www.cnbc.com/2026/06/05/the-jobs-report-doubled-expectations-why-the-stock-market-doesnt-like-it.html,unreviewed,2026-06-06 03:19:38.91264,scan-market
272,2026-06-08 21:00:00+09,semiconductor,"6/8 プレ市場 半導体リバウンド: 6/5暴落(SOX -10%・6年来最悪, AVGO弱気AIガイダンス+NFPショック)からの戻し。iShares半導体ETF(SOXX)プレ +約4%, Micron +5%(前日-13%), NVDA/AVGO高い, Nasdaq100先物 +1.3%。SOXLプレ +11.1% $202.85(裏取りtiingo_iex $203.25)",positive,半導体主導の反発でSOXLロングは戻り益方向。ただし(a)pre-market frothで薄商い、寄り(22:30 JST)まで保たない可能性(K-041)、(b)6/5 -30.5%($182.54)に対し+11%は半値戻し未満の部分回復、(c)K-034: pre/プレの上昇をday1エントリーシグナルに即用いるのは誤り(US寄りでsymbol固有反応がoverride)。SOXSロングは逆方向。実勢は寄り直前に取り直す。検証: CNBC+TheStreetで報道,direct,https://www.cnbc.com/2026/06/07/stock-market-today-live-updates.html,unreviewed,2026-06-08 21:28:25.439978,scan-market
273,2026-06-08 09:00:00+09,geopolitical,6/7-6/8 イスラエル・イラン ミサイル応酬(4月停戦後初の本格衝突)。日曜: Hezbollahロケット→イスラエルがBeirut郊外空爆→イランがミサイル斉射→月曜未明イスラエル反撃。イランは「攻撃停止」を宣言(Khatam al-Anbiya声明)、ただし南レバノンでの攻撃継続なら再報復と警告。Trumpの60日停戦努力を脅かす,neutral,lesson照合(K-024/K-009): 進行中戦争のミサイル交換+イラン側「攻撃停止」宣言は neg→neu 修正パターンに該当。供給(半導体)への実被害なし・米軍KIAなし・レジーム変化なしのためneutral default。SOXLへは中東リスクオフ→半導体リバウンド反転の材料となりうるindirect downside risk(原油も+4-5%)だが、イランde-escalation並走でstructural changeとは見ない。再エスカレ(供給被害/Hormuz完全封鎖)時はnegativeへ再判定。SOXLロングは中東悪化が戻し剥落リスク、SOXSは逆。検証: GPB(AP)+Times of Israelで報道,indirect,https://www.gpb.org/news/2026/06/08/israel-and-iran-exchange-missile-fire-threatening-middle-east-truce,unreviewed,2026-06-08 21:28:25.441825,scan-market
274,2026-06-10 21:30:00+09,fed,"5月 CPI発表 6/10 21:30 JST(08:30 ET, 米寄り前)。4月は総合+0.6% m/m・3.8% y/y, コア+0.4% m/m・2.8% y/y。6/5 NFP 172K(予想倍)で10Y 4.5%超・利下げ期待消失後、Goldman等は2026利下げなし観測。6/16-17 FOMC直前の最重要インフレ指標",neutral,"スケジュール済データ発表で発表前は二値不能のためneutral default(K-027 lesson照合: fed系は結果未知のうちはneutral)。relevance=indirect(マクロ→金利→高マルチプル半導体)。ポジション影響シナリオ: SOXLロング(trade16, 3株, OCO TP$233/SL$180)に対し、ホットCPI(コア>0.4% or 総合>3.8%y/y)→10Y一段高・利下げ後退→高マルチプル半導体に売り→SL$180方向。クールCPI(コア<=0.3%)→利下げ期待復活→半導体ラリー→TP$233方向。trade16の半身判断(CPI前に確信度0.45・risk3%へ縮小)の根拠カタリスト。発表後12h以内に反応確定",indirect,https://www.bls.gov/schedule/news_release/cpi.htm,unreviewed,2026-06-09 19:49:41.041351,scan-market
275,2026-06-10 01:00:00+09,market,"6/09 米セッション(ET): トランプのイラン発言ホイップソーで半導体主導の場中急落→V字。寄り後SOXLは$231(+14%)まで上昇後、トランプが「対イラン協議2-3日で合意・ホルムズ即再開」と鳩派発言→直後に報復攻撃を示唆→Nasdaq場中-3%→引け-1%($25,678.82)へ回復。半導体が最も売られた(SOXL寄り→安値-30.5%[$157.83]→引け-11%、SOX換算-10%、指数の2-3倍)。pre-CPIデリスク重なる。",neutral,"lesson照合(K-009): トランプの鳩派↔鷹派の同日ホイップソーは裏チャネル交渉と並行する修辞で反転リスク高い。実際このイベントは引けにかけV字回復(-3%→-1%)し、realized damageでなく rhetoric-driven vol。よってneutral。但しSOXL3xは指数の2-3倍ブレるため、レバETF保有では同じ修辞でも往復のMAEが致命的(本イベントで Trade#16のSL$180が場中フラッシュ($157)中に発火、+14%含み益→-11%確定の往復)。SOXLロングは pre-CPI+地政学再燃の二重イベント前で利を伸ばす局面でなく利確優先が示唆された。",indirect,https://www.thestreet.com/stock-market-today/stock-market-today-dow-jones-sp-500-nasdaq-updates-june-09-2026,unreviewed,2026-06-11 19:02:10.856025,scan-market
276,2026-06-10 21:30:00+09,fed,5月CPI結果(6/10 21:30 JST/08:30 ET): 総合4.2% YoY(予想通り、2023年4月来最高・3年ぶり4%超)、前月比+0.5%。コアは+0.2% m/m(予想+0.3%下回る・軟調)・2.9% YoY。エネルギー+3.9% m/m(12カ月+23.5%、ホルムズ封鎖=米イラン戦争起因、Brent$93)が主因。株は下げ縮小・10年債利回り低下。Fed次の一手は12月利上げを織込み・年内は据置観測。,neutral,lesson照合(FOMC lesson: priced済みイベントは二次catalyst、surpriseが効く): 総合4.2%は予想通り・コアは予想下回り軟調で、CPI自体はdownside surpriseでなく株は下げを縮小(pared losses)→impact=neutral。但し背景レジーム(4.2%・3年ぶり4%超・利下げ期待消失・12月利上げ織込み)はレバロング向かい風。インフレ再加速がエネルギー(ホルムズ)起因=金融政策で抑えにくい供給インフレで、SOXL/TQQQロングはhigher-for-longer〜hike biasの逆風下。当日の主たる下落driverはCPIでなく米イラン攻撃(別途登録)。,indirect,https://www.cnbc.com/2026/06/10/cpi-inflation-report-may-2026.html,unreviewed,2026-06-11 19:02:10.858912,scan-market
277,2026-06-11 02:00:00+09,geopolitical,6/10 米セッション(ET): 米がイランへの攻撃を実行(US completes strikes against Iran)→Dow場中-900。CPIのエネルギー寄与に続き地政学が主driver。NVDA-3.1%/AMD-4.8%/Super Micro(SMCI)-20%。ホルムズ海峡の原油輸送は2月末以降途絶しBrent$93・CPIエネルギー+23.5%y/yに波及。,negative,lesson照合(K-024/K-009の neutral default は不適用): 本件は脅迫/修辞でなく米軍による攻撃の実行(realized kinetic)であり、ホルムズ封鎖による原油供給の実被害(エネルギー+23.5%y/y、CPI4.2%へ波及)を伴う=スキル基準「供給に実被害」「レジーム変化」に該当しnegative維持。SOXL/TQQQロングはリスクオフ＋エネルギー起因インフレ→金利higher-for-longerの二重逆風。SOXSは順張り側だがADR-028で当面不可。反転条件: 停戦合意成立かつホルムズ再開でリスクオン回帰。次カタリスト=FOMC 6/16-17(Warsh初)。,indirect,https://www.cnbc.com/2026/06/10/stock-market-today-live-updates.html,unreviewed,2026-06-11 19:02:10.859503,scan-market
278,2026-06-12 05:00:00+09,geopolitical,"6/11 米セッション: トランプが対イラン攻撃を中止・「今週末にも合意可能、ホルムズ再開」と表明→緊張緩和ラリー。S&P+1.75%(7,394.30)/Nasdaq+2.54%(25,809.66)/Dow+1.86%(50,848.75)、Brentは約$89へ-4%(3月来安値)。",neutral,lesson照合(K-009/K-024): Trump/イラン緩和修辞はpositiveでなくneutral default。最終合意文書は両国未承認、CNBCも「ceasefire価格化→long grind価格化」へ転換と警告し地政学リスクプレミアム残存。当日の株高/原油安は実需でなく緩和期待主導でTrump追加発言24-48hの反転リスク常時警戒。SOXLロングには追い風だが本イベント単独でpositive扱いせず、higher-low確認後の逆指値エントリーが原則。,indirect,https://www.thestreet.com/stock-market-today/stock-market-today-dow-jones-sp-500-nasdaq-updates-june-11-2026,unreviewed,2026-06-12 18:38:26.389422,scan-market
279,2026-06-12 05:00:00+09,semiconductor,6/11 半導体リバウンド: Oracle(ORCL)好決算+来年約$70Bのデータセンターcapex計画→AI需要シグナルでチップ株急反発。NVDA+1.73%、Intel+11.19%、Micron+9.87%(6/6のSOX-10%暴落からの回復)。,positive,戦争・修辞でなく企業capex/AI需要の構造シグナル(K-009/K-024のneutral-defaultカテゴリ外)→positive直撃。Oracleの$70Bデータセンター投資はGPU需要拡大に直結しSOXL/TECLロングに追い風。ただし6/6 Broadcom弱気ガイダンス主導のSOX-10%暴落からのリバウンド局面でもあり、戻り売り併存。SOXLロングなら順張りの根拠、SOXSは逆風。reference-firstでSOXX/SMHの寄り後維持を確認してからエントリー。,direct,https://www.tipranks.com/news/nvda-amd-dell-smci-why-ai-hardware-and-chip-stocks-are-rising-today-june-11-2026,unreviewed,2026-06-12 18:38:26.393538,scan-market
280,2026-06-18 03:00:00+09,fed,FOMC 6/16-17(決定6/18 03:00 JST=6/17 14:00 ET): Warsh新議長の初会合。CME FedWatch 98.2%で3.50-3.75%据置。焦点はdot plot存続/forward guidance撤廃/緩和バイアス除去(中立化)とWarsh会見トーン。,neutral,lesson照合: 据置はほぼ価格済(98.2%)で決定自体はサプライズ余地ゼロ。ただしWarshがdot plot廃止・forward guidance巻き戻し・緩和バイアス除去に動けばタカ派サプライズ(金利上昇→半導体逆風)、dissent構成がdovish寄りならhato解釈(risk_on)で両側catalyst。forward scheduled eventのためneutral default。post-event 12h以内の反応がエントリー判断材料。SOXLロングは決定前のサイズ抑制(二項イベント跨ぎK-044)を推奨。,indirect,https://www.chase.com/personal/investments/learning-and-insights/article/kevin-warsh-first-federal-reserve-meeting-as-chair-june-2026,unreviewed,2026-06-12 18:38:26.394077,scan-market
281,2026-07-01 09:00:00+09,tariff,"Section 232 半導体報告期限 7/1: 商務長官がデータセンター用半導体市場の最新評価を大統領に提出→25%関税(Proclamation 11002, 1/15発効)を修正するか大統領が判断。",neutral,lesson照合(Section232 4/14過去lesson: tariff overhang lifted=relief rally): 期限通過時に新関税/拡大なしなら半導体positive(relief)が過去base case。一方で関税拡大方向なら半導体negative。forward eventで結果未知のためneutral default。SOXL/TECLに直撃(対象は高性能AIチップ)。7/1前後のヘッドラインで両側に振れうるため、期限接近時はサイズ抑制+発表後の反応確認を推奨。,direct,https://www.whitehouse.gov/presidential-actions/2026/01/adjusting-imports-of-semiconductors-semiconductor-manufacturing-equipment-and-their-derivative-products-into-the-united-states/,unreviewed,2026-06-12 18:38:26.394663,scan-market
282,2026-06-14 21:00:00+09,geopolitical,米イラン和平合意、早ければ日曜6/14署名へ(欧州で)。ドラフトに米の石油制裁解除+イランが30日内にホルムズ再開を明記、核は「概念的に」合意。残る論点: 凍結資産$24B解放/ウラン在庫/レバノン。,neutral,"lesson照合(K-009/K-024): イラン外交シグナルは24-48h反転リスク+未署名(論点$24B資産/ウラン/レバノン残存)でneutral default。署名されれば月曜6/15 risk-onギャップ、決裂なら逆。SOXL #17をフィル後に週末持ち越す場合、FOMC6/16-17に加えこの6/14署名が週末ギャップ二項catalystになる。石油制裁解除観測でBrent-3.84%($86.91)=インフレ圧力後退でFed pathに間接プラスだが、地政学プレミアム剥落で半導体の地政学起因の戻り材料は減衰。",indirect,https://www.thestreet.com/stock-market-today/stock-market-today-dow-jones-sp-500-nasdaq-updates-june-12-2026,unreviewed,2026-06-12 22:20:39.054909,scan-market
283,2026-06-15 21:00:00+09,geopolitical,米イラン和平: 「最終合意文書」到達(パキスタン仲介=Islamabad declaration)。署名は G7エビアンサミット(仏6/15-17)の場でGeneva挙行へ=当初の6/14から後ろ倒し・FOMC6/16-17と同週にクラスタ。ただしトランプ「100%でない」・米イラン公式未確認。,neutral,lesson照合(K-009/K-024): 未署名+トランプ自身が「100%確実でない」+米イラン公式未確認(出所はパキスタンPM)=neutral default維持、24-48h反転リスク。署名タイミングが6/14→G7週6/15-17に修正され、FOMC6/16-17と3日窓に重なる=半導体ロングは2大二項(地政学署名+金利)を同週に跨ぐ高分散局面。成立なら石油制裁解除でBrent続落+risk-onギャップ、決裂なら逆。SOXLロングはこの週またぎでK-044(事前部分利確)を厳格適用。前回登録の6/14署名targetを時期修正で上書きする位置づけ。,indirect,https://www.bloomberg.com/news/articles/2026-06-12/us-and-iran-nearing-a-peace-deal-around-g7-meeting-next-week,unreviewed,2026-06-13 14:34:23.65692,scan-market
284,2026-06-15 22:30:00+09,geopolitical,6/15 米イラン和平合意を正式発表(戦争終結+ホルムズ海峡再開のMOU、米の海軍封鎖解除)。署名は金曜ジュネーブ(G7エビアン6/14-17後)、残課題は今後60日交渉。市場はリスクオン急騰=Nasdaq100先物+2.1%/S&P+1.3%/Dow+1%、原油3ヶ月安値。SOXLプレ+13.76%($266.96 vs 6/12終値$234.68)。,neutral,lesson照合(K-027): 過去のIran de-escalation positive判定はTrump反応24-48h窓でreversal頻発(neutral default→non-reaction後positive upgrade pattern)。今回は提案でなく両者発表のMOU+市場confirm(Nasdaq+2.1%/原油3mo安値)と強材料だが、(a)署名は金曜で未了、(b)60日交渉残、(c)K-009(Trump交渉並行修辞)で署名前reversal riskが残るためneutral維持。ポジション影響: SOXLロングは署名confirmまでgap frothで寄りまで持たない可能性(瞬間値をstop/entry基準にしない)、SOXSは逆張りで当面回避(CLAUDE.md)。Trump non-reaction 24-48h+金曜署名confirmでpositive upgrade。,indirect,https://www.npr.org/2026/06/15/nx-s1-5858590/us-iran-deal-updates,unreviewed,2026-06-15 21:39:13.1491,scan-market
285,2026-06-15 22:00:00+09,oil,6/15 原油3ヶ月安値: WTI~$84.88(-3.2%)/Brent~$82.78(parquet 6/15)、ホルムズ再開期待で供給リスク後退(3月の$114超から急反落)。ただし正常化には機雷除去・停止油田再稼働の物理障害が残る。,neutral,原油安は株式リスクオンに追い風(regime入力Brent$82.78に反映済)。但し半導体への直接効果は薄くbackground〜indirect。3mo安値は実現値だが、ホルムズ正常化は機雷除去・油田再稼働の物理障害+和平署名(金曜)依存で、deal stall時は反発リスク→neutral。ポジション影響: SOXL/TECLには間接的プラスだが単独でentry根拠にしない(geo headlineと同一ドライバー)。,indirect,https://www.tradingkey.com/analysis/commodities/oil/261953422-iran-oil-wti-brent-trump-iea-hormuz-price-tradingkey,unreviewed,2026-06-15 21:39:13.15113,scan-market
286,2026-06-16 05:00:00+09,market,6/15 米セッション引け: イラン和平のrisk-onが引けまで維持。Nasdaq +3.07%/S&P +1.65%/Dow +0.92%、tech主導。SOXL終値$272.50(寄り$265.99のgap維持)。半導体は連騰継続(SOX歴史的streak)だが伸長。6/16 pre先物はフラット〜小安でFOMC待ち(VIX 16.2),positive,gapが引けまで維持されtech主導でrisk-on確認=SOXL/TQQQ/TECLロングの背景は支持的。ただし(1)既に織り込み済み・extended、(2)前方はFOMC 6/18 03:00 JST(Warsh初・dot-plot利上げ示唆余地)で頭打ち、(3)K-027: イラン和平起点のpositiveはTrump反転/署名6/19崩れの反転リスク常在。従い背景positiveだが新規ロングを現値で追う根拠にはせず、押し目/FOMC通過後の確認を要する。lesson照合(K-034 Asia rally→US selloff): 本件は米引け実績の維持確認でありAsia先行楽観ではないため該当せず、positive維持,direct,https://tradingeconomics.com/united-states/stock-market,unreviewed,2026-06-16 20:08:00.813577,scan-market
287,2026-06-17 02:00:00+09,semiconductor,6/16 半導体固有のローテーション売り: SOXL日中-10.5%($272.50→$243)/SOXS+11%/TECL-5.6%、一方で広範指数はフラット(S&P+0.13%/Nasdaq+0.02%/Dow+0.78%/Russell+0.72%、SPXL-0.9%)。risk-offでなく伸長した半導体リーダーシップ(SOX 16日連騰+38.7%)からのFOMC前利確ローテーション。6/16固有の単一銘柄カタリストは検索で特定できず(positioning/profit-taking),neutral,"parquet確認済の実下落(SOXL-10.5%, SOXS+11%)。広範指数フラットでSPXL-0.9%のみ→マクロrisk-offでなく半導体集中のde-leadership=overbought leaderのmean-reversion/positioning unwind。forward方向はFOMC(6/18 03:00 JST)依存でneutral: hawkishなら下方加速(SOXLロング-8.4%@SL$210リスク顕在化)、in-line/dovishなら半導体リーダーシップ再開余地。この押しがgap-fill $246指値を約定させた(#18 5株long)。lesson照合(K-034 Asia→US selloff/scan-market負バイアス51%): 本件は地政学/戦争でなく市場内ローテーションのためneg-defaultは非適用、実態は方向未確定のpositioning reset→neutralが正直。BOJ利上げが加速材料(別途登録)",direct,https://www.thestreet.com/stock-market-today/stock-market-today-dow-jones-sp-500-nasdaq-updates-june-16-2026,unreviewed,2026-06-17 02:14:06.549435,scan-market
288,2026-06-16 12:00:00+09,market,6/16 BOJ 利上げ 0.75%→1.0%(約30年ぶり高水準、7-1でAsada反対)。円160.22へ小幅高、Nikkei+0.46%、JGB10年2.615%(+3bp)。反応は限定的だがcarry unwindが世界の高ベータ資産を圧迫する背景リスク,neutral,即時反応は限定(円muted・Nikkeiプラス)だが、yen carry trade unwindは流動性を吸い高ベータtech(SOXL/TQQQ/TECL等crowded long)に下方圧力の背景リスク。FOMC(6/18)hawkishと重なれば加速材料。単独では方向を決めずneutral、ただし6/16半導体ローテーション売りの加速要因の一つと整合,background,https://www.cnbc.com/2026/06/16/boj-rate-hike-historic-inflation.html,unreviewed,2026-06-17 02:14:06.550947,scan-market
289,2026-06-17 05:00:00+09,market,"6/16 米最終引け: Dow +0.64%で最高値(~52,000)一方Nasdaq -1.15%(7,548.60付近はS&P)/S&P -0.08%/Russell後退。VIX 16超(+0.93%)。FOMC前にグロース→バリュー/ディフェンシブ回転が引けまで継続(半導体de-leadership確定)",neutral,"lesson照合: K-034/指数moveはneutral-default。Dow最高値とNasdaq -1.15%の分岐は risk-off崩落でなくFOMC前のバリュー回転。SOXL #18($246保有)には逆風だが構造的risk-offでなくセクター内ローテ=neutral維持。FOMC 6/18 03:00 JST通過で方向確定",indirect,https://www.thestreet.com/stock-market-today/stock-market-today-dow-jones-sp-500-nasdaq-updates-june-16-2026,unreviewed,2026-06-17 10:42:31.655921,scan-market
290,2026-06-16 21:30:00+09,fed,5月 米住宅着工 -15.4% m/m → 年率117.7万戸、2020年5月来の低水準(予想下回る)。景気減速シグナルだがFOMC 6/16-17の本丸はCPI 4.2%(インフレ高止まり),neutral,lesson照合: 単一マクロ指標、5月CPI 4.2%(高止まり)と相反。住宅弱含み=dovish寄りだが利下げ織込み(98.4%据置)を動かさず、FOMC/dot plotが支配的。SOXLロングへの直接インパクト薄=background neutral。Warsh初会合のSEP解釈待ち,background,https://www.thestreet.com/stock-market-today/stock-market-today-dow-jones-sp-500-nasdaq-updates-june-16-2026,unreviewed,2026-06-17 10:42:31.657908,scan-market
291,2026-06-18 03:00:00+09,fed,FOMC結果(6/18 03:00 JST): 金利据置3.5-3.75%(全会一致)だがタカ派サプライズ。dot plot大幅引上げ=2026利下げ消滅・中央値3.8%(=年内利上げ示唆)・18名中9名が利上げ票(6名は複数回)。声明は341語→130語に短縮し緩和バイアス文言を削除(Warsh初会合)。,negative,"lesson照合済み(なぜ今回は異なるか): Fed過去lessonは「FOMC4/29 neutral→positive(dovish dissent評価)」で、これはハト派寄りの修正。今回はそのタカ派ミラー=利下げ前提の剥落+利上げ示唆という構造的(regime-relevant)金融シフトのため、K-024/K-009(戦争修辞のneg→neu)系には該当せずnegativeを維持。実反応は分岐: 広範指数は下落(SPY-1.2%/QQQ-1.0%/TQQQ-3.0%/IWM-0.8%/TNA-2.4%, parquet 6/17)、一方半導体は前日6/16の-16.8%暴落からリバウンド(SOXX+1.4%/SOXL+3.4%/SOXS-3.7%)。ポジション影響: TQQQ/TECL/SPXLロングはrates higher-for-longerの逆風(multiple compression)で構造negative。SOXL #18(@246)は当日+3.4%で逆行=半導体decoupling(self-inflicted crashからの戻り)が一時的にFOMC逆風を相殺、#19(@220深押し増し)が待つ深flushはFOMCでは発生せず未約定継続=K-041「falling knife追わずデプロイ0で正解」。SOXSは半導体リバウンドで不利。検証: NPR/CNBC/TheStreet/TradingKeyで確認(据置全会一致+dot plot 3.8%+9名利上げ票)。",indirect,https://www.cnbc.com/2026/06/17/fed-interest-rate-decision-june-2026.html,unreviewed,2026-06-18 22:32:49.586319,scan-market
292,2026-06-19 17:00:00+09,geopolitical,6/19 米イラン: ジュネーブ(Bürgenstock)の対面署名式が急遽延期。14項目MoUは両国が電子署名で成立済(60日停戦+ホルムズ無料再開+米海軍封鎖解除+核交渉窓)。週末も協議継続,neutral,lesson照合: イラン提案/外交イベントは Trump 24-48h 反転リスクで neutral default(K-009/Iran diplomatic 24h半減期)。対面式延期=ネガに見えるが電子署名で枠組み自体は成立、protocol延期に過ぎず構造変化なし。SOXL再エントリー視点では peace=risk-on素地だが、署名形式のニュースだけでは寄与限定的。Al Jazeera(電子署名6/17)+CNBC(対面延期6/19)で確認,indirect,https://www.aljazeera.com/news/2026/6/17/iran-confirms-that-mou-has-been-signed-electronically-by-both-sides,unreviewed,2026-06-22 20:19:50.368302,scan-market
293,2026-06-22 12:00:00+09,geopolitical,"6/22 米イラン和平: カタール+パキスタンの共同声明で「High Level Committee」が60日内の最終合意へのロードマップに合意。""encouraging progress""報道で oil 緩み・米株先物やや軟調(今週のインフレ指標待ち)",neutral,lesson照合: Iran proposal-led positive は Trump反応24-48h窓でreversal常時警戒(positive→neutral修正パターン)→neutral維持。ロードマップ=合意でなく交渉継続宣言で、60日窓内に決裂・脅迫の余地。SOXLロング再開なら oil鎮静→インフレ懸念後退→Fed利上げ圧力緩和でindirect追い風だが、合意未確定でサイズは確信度ベース。CNBC+TheStreet(6/22)で確認,indirect,https://www.cnbc.com/2026/06/21/stock-market-today-live-updates.html,unreviewed,2026-06-22 20:19:50.369785,scan-market
294,2026-06-19 22:00:00+09,geopolitical,6/19 レバノン新フロント: イスラエルが南レバノン空爆(24h死者68→83、当該紛争で2番目に多い日)。Trumpが米/カタール/イラン仲介でイスラエル-ヘズボラ停戦を現地16時発表も、直後に12+の空爆・砲撃で違反,neutral,lesson照合: K-024(進行中戦争の反復イベント=ミサイル/空爆)+停戦合意/違反は系統的ネガバイアス対象→neutral default。供給実害(原油施設・Hormuz)はなく、レバノンは産油国でない。oil 6/19バウンスの一因だが背景要因。SOXLポジション直接影響は限定的だが、中東リスク再燃の背景として監視。Al Jazeera+CNN+Times of Israelで確認,background,https://www.aljazeera.com/economy/2026/6/19/oil-prices-rise-as-lebanon-fighting-erupts-and-hormuz-traffic-still-slow,unreviewed,2026-06-22 20:19:50.37041,scan-market
295,2026-06-19 23:00:00+09,oil,6/19 Brent +0.9% $80.57へバウンス(ジュネーブ対面協議延期+レバノン戦闘+Hormuz通航依然鈍化、テヘランがHormuz通航に将来有料化含み保険義務化を示唆)。6/22には$78.5前後へ反落(parquet BRENT 78.53),neutral,lesson照合: oil往復(78→80.57→78.5)で供給実害なし、Hormuz再開方向は中期下押し→neutral。Brent $80.57は6/19 CNBC+Al Jazeera 2ソース一致(parquetは休場で6/19値なし、6/22=78.53で反落確認、矛盾なし)。SOXLロング視点ではoil鎮静=インフレ/Fed利上げ圧力後退で追い風方向、油価スパイクは逆風だが今回はスパイク不発。CNBC+Al Jazeera(6/19)で確認,indirect,https://www.cnbc.com/2026/06/19/oil-prices-wti-brent-crude-us-iran-deal-strait-hormuz-shipping-recovery.html,unreviewed,2026-06-22 20:19:50.370972,scan-market
296,2026-06-21 22:00:00+09,geopolitical,6/21 イランがStrait of Hormuzを再閉鎖(イスラエルのレバノン停戦違反を理由、6/21タンカー通過ゼロ=7日平均0.9隻/戦前比2%)。Trumpは協議妥結後も対イラン再攻撃を威嚇。6/22ロードマップ楽観の反対側の重し,neutral,lesson照合: Trump威嚇=K-009(裏チャネル交渉と並行する修辞、24-48h反転)→neutral。Hormuz再閉鎖は本来供給実害だが、市場反応はoil下落(Brent$79前後、ロードマップ60日窓を優先しposturing視)=negativeに振らない。K-024(進行中戦争の反復・開閉)とも整合。SOXLロング視点では油価が現状$79で鎮静なら追い風維持、ただし★Hormuz物理閉鎖(通過0)は本物のエスカレ余地でBrent$82-85超ブレイクならインフレ再燃→Fed利上げ圧力でnegative転換、油価を監視トリガーに。CNBC+Wikipedia(2026 Strait of Hormuz crisis)+iransitrepで確認,indirect,https://www.cnbc.com/amp/2026/06/22/oil-prices-wti-brent-crude-trump-iran-threat-strait-hormuz-closure.html,unreviewed,2026-06-22 22:21:01.873707,scan-market
297,2026-06-25 05:30:00+09,semiconductor,Micron(MU) FY26 Q3決算 6/24米引け後(=6/25 05:30 JST頃、call 2:30pm MT)。コンセンサス売上~$34.5B(+271% yoy)/EPS~$19.7、HBM4配分・FY26ガイダンス・粗利持続性が焦点、アナリストStrong Buy。MUはSOXX筆頭構成11.62%=半導体直撃,neutral,lesson照合: 決算は二項カタリストで事前方向不定→neutral default。★K-016(sell-the-news)警戒: MUは今週既に+9.8%上昇・SOX全体リバウンド進行で期待先行、6/3 AVGO好決算でもアフター-3%の前例あり=好決算でも織込み済なら反落リスク。SOXL/SOXX/TECLに直撃(MU筆頭+メモリ主導の今局面)。SOXLロング保有でMU決算をまたぐのは二項エクスポージャ=K-044(二項前にMFE利確/フラット化)の判断対象。現在フラットゆえ、再エントリーするなら6/24引け前にサイズ/持ち越し可否を判断。StockTitan(MU公式IR告知)+TradingKey+marketchameleonで確認,direct,https://www.stocktitan.net/news/MU/micron-technology-to-report-fiscal-third-quarter-results-on-june-24-22gcrbths4gp.html,unreviewed,2026-06-22 22:21:01.875125,scan-market
298,2026-06-23 22:30:00+09,semiconductor,6/23 AI半導体ラウト: 韓国KOSPI -10%(サーキットブレーカー2回)・SK Hynix/Samsung -12%・Kioxia -15%発→米へ伝播、SOXX -7.9%/SOXL -23.1%/NVDA -3.2%/MU -11.4%/TSM -5.2%、Nasdaq -2.21%/S&P -1.44%(Dow -0.1%=半導体特有),negative,"SOXLロング直撃(3x増幅で-23%、当session #20/#21が寄り約定→即stop)。ただし決算等の単発材料でなく「最も混み合ったトレード(BofA調査73%がlong semis=最混雑)」のポジション/バリュエーション巻き戻し＋債務調達AI capex懸念+タカ派Fed(BofA note)。マクロregimeはrisk_on維持(信用タイト/VIX翌日19へ低下)＝マクロ破綻でなくセクター/持ち高要因→6/24プレ+5%急反発。K-016 sell-the-news/平均回帰で割引、構造healthy派(Huang/Ives/RBC Mui)と弱気派(Hartnett)で二分。次テスト=Micron 6/24決算(implied~14%)。SOXSは逆に+のはずだが当方針で逆張りSOXS不採用。",direct,https://www.cnn.com/2026/06/23/business/stock-market-kospi-dow-nasdaq-ai,unreviewed,2026-06-24 17:35:53.573528,scan-market
299,2026-06-24 15:30:00+09,semiconductor,6/24 アジア半導体が反発: 韓国KOSPI +3.3〜4.6%(Samsung +9〜10%/SK Hynix +2.7%)、6/23の-10%ラウトからの戻り。駆動=Samsung自社株買い観測報道 + SK Hynix が約$29B Nasdaq ADR 上場計画(7/10上場予定・45.45兆ウォン/1779万株新規発行)。Nikkei -0.88%で分岐。,neutral,"lesson照合 K-034(Asia rally→US day1はsymbol-specific reactionがoverrideしbroad SOX rallyは遅延、Asia close positiveを即SOXL entry signalにしない)+ソース自身が「short-covering主導でfundamental shiftでない」と明記+本命Micron決算(6/25 05:30 JST, 織込み~14%)前で方向未確定。SOXLロングならアジア戻りは追い風だがプレSOXL+3.4%はthinで寄り持続性未確認、SOXSなら戻りは逆風。SK Hynix Nasdaq ADRは中期の米メモリ供給/センチメント材料(直接ポジ材料でなくbackground寄り)。CNBC+Bloombergで確認(Tier2×2)。",indirect,https://www.cnbc.com/2026/06/24/asia-tech-stocks-rebound-after-global-rout.html,unreviewed,2026-06-24 21:45:41.177869,scan-market
300,2026-06-25 21:30:00+09,fed,"5月 米PCE物価指数発表 6/25 21:30 JST(08:30 ET, 米寄り前)。Personal Income & Outlays。4月はコアPCE上振れ(3年ぶり高水準)、FOMC 6/17でPCE見通しを3.6%(コア3.3%)へ大幅上方修正済→年内利上げ確率50-57%が織込み。5月コアPCEのhot/coolが利上げ織込みを動かす",neutral,スケジュール済データ発表でサプライズ方向は事前不明→neutralデフォルト(lesson照合: バイアス補正対象の戦争/Trump修辞/迎撃に非該当・データ発表は方向未確定)。非対称シナリオ: hot(コア>予想)→利上げ警戒再燃でgood-news-is-bad、SOXLロングは金利チャネルで逆風/SOXSは追い風。cool→risk-on回帰でSOXL追い風。Micron(6/25 05:30)通過後・同日21:30の二段目マクロ印で、決算で動いたSOXL建玉が金利再評価に晒される。indirect(マクロ→金利→レバETF),indirect,https://www.bea.gov/data/personal-consumption-expenditures-price-index-excluding-food-and-energy,unreviewed,2026-06-25 02:23:06.591255,scan-market
301,2026-06-25 05:30:00+09,semiconductor,"Micron(MU) FY26 Q3結果=記録的ブローアウト: 売上$41.46B(+346%YoY,+16%ビート)/EPS$25.11/粗利84.9%/Q4ガイド$50B(+16%上)/HBM2027完売・$100B契約。但し反応はメモリ偏重(NVDA+1.3%鈍い)・MU AH+14.5%→プレfade兆候・3月24%ビート翌日-3.8%前例(sell-the-news)",positive,"結果=構造的ブローアウト: 売上$41.46B(+346%YoY,コンセン~$35.7B比+16%)・非GAAP EPS$25.11(+22%)・粗利率84.9%(記録)。Q4ガイド$50B±1B(コンセン$42.9B比+16%)・Q4 EPS$31・粗利~86%。HBMは2027年まで完売(HBM4含む)・16社$100B契約(SCA RPO)・データセンター売上$25B/Q4 FCF>$30B。SK Hynix/Samsung決算波及。アナリストPT一斉上げ(JPM/MS/DAD/Susquehanna)、但しGoldmanのみ慎重(risk-reward均衡)。非対称: 反応はメモリ偏重(MU+17%/SNDK+12.6%/WDC+11.7%)でNVDA+1.3%/AMD+3.8%は鈍い→SOXX(NVDA/AVGO主力)の追随はヘッドラインほど強くない(K-035/036)。lesson照合(K-016 sell-the-news): 26年3月MUは24%ビートでも翌日-3.8%の直接前例あり。6/22 ATH$1,213→6/23-13%(最混雑巻き戻し)→拒否された天井へギャップ戻り・プレで既にfade兆候(AH+14.5%$1,199→プレ寄り~$1,082)。ポジション含意: SOXLロングは構造材料で多日的にpositiveだが、day1はメモリ偏重+sell-the-news+PCE逆風で方向はコイン投げ(K-017/035)。SOXSは順張り対象外。検証: SEC 8-K + CNBC + Investing.com transcript + StockTitan + TradingKey(Tier1-2複数)",direct,https://www.investing.com/news/transcripts/earnings-call-transcript-micron-tops-q3-2026-estimates-shares-jump-146-93CH-4759504,unreviewed,2026-06-25 18:51:38.23507,scan-market
302,2026-06-25 21:30:00+09,fed,5月core PCE結果=絶対ホットだが予想比一致: core 3.4%y/y(2023年10月来最高)・headline 4.1%y/y、core m/m+0.3%(予想0.1pp下)。上振れサプライズ無し→市場見送りrisk-on(利回り低下・半導体ラリー・S&P+0.52%),neutral,実数: core PCE 3.4% y/y(4月3.3%→上昇、2023年10月来最高)・headline 4.1% y/y(2023年4月来最高)。core m/m +0.3%(予想を0.1pp下回り)、core y/y 3.4%はDow Jonesコンセンサス一致。絶対水準はホットだが予想比で上振れサプライズなし→市場は見送り: 先物プラス維持・米国債利回り低下・半導体ラリー(S&P+0.52%/Nasdaq+0.24%引け、Micron+15.78%)。9月利上げ織込みは概ね維持(やや低下)。インフレ加速の主因は対イラン戦争由来の原油高、停戦で燃料は天井から低下も鈍化。lesson照合: 上振れ無し=risk-offトリガー回避でSOXLロングに当日中立〜軽微プラス。ただしcore3.4%/headline4.1%の高水準+Warsh利上げバイアス(9月hike期待)はレバレッジ・ロングへの遅効性の背景逆風(金利再プライス時にギャップ下げ要因、K-016的なsell-the-news増幅も)。検証: CNBC+Fox Business+TradingEconomics+FXStreet(Tier1-2 4ソース triangulate),indirect,https://www.cnbc.com/2026/06/25/pce-inflation-report-may-2026-.html,unreviewed,2026-06-26 02:25:05.222101,scan-market
303,2026-06-26 05:00:00+09,market,Micron決算 sell-the-news 剥落: 史上最高級メモリ決算(MU intraday+17%)も6/25引けでNasdaq-0.46%にフェード→6/26プレで半導体再下落(SOXX-3.3%/SOXL3x-9.27%、SPY-0.68%でセクター固有)。AIバリュエーション・リセット相場(6/23アジアメモリ-10%起点)の再燃。新規カタリストは無く既存テーマ反復,negative,lesson照合: K-034「Asia rally→US sell-off」の親類だが本件は逆方向の good-news-rejection。戦争系の系統的ネガバイアス補正(K-024/K-009)は market構造シグナルには非該当。ベストケース決算(+17%intraday)が引けで剥落し翌プレでセクター-3.3%=モメンタム枯渇の弱気テル。ただしSPY-0.68%で大型は限定的=半導体固有・薄商いfroth(寄りまで持たない可能性)。ポジション影響: SOXLロングは寄りの方向確認まで見送り妥当(プレ瞬間値をstop/entry基準にしない、S37/K-041)。SOXSは逆張り当面停止方針(エッジ未証明)につき手出さず。直近のテーマがrisk-on維持かneutralに振れるか/update-regimeで再判定要,direct,https://www.thestreet.com/stock-market-today/stock-market-today-dow-jones-sp-500-nasdaq-updates-june-24-2026,unreviewed,2026-06-26 18:44:35.889465,scan-market
304,2026-06-28 12:00:00+09,geopolitical,6/28(日) イラン-米 直接交戦→即時stand-down: イランが米Ali Al Salem基地(クウェート)+第5艦隊司令部(バーレーン)へ弾道ミサイル/ドローン(米のイラン沿岸5拠点攻撃への報復)。カタール民間人1名が破片で死亡。直後に米イランがtit-for-tat停止+ホルムズ通航容認で合意、6/30(火)ドーハで技術協議予定。Brentは逆に-10%/週で$72(供給実被害なし),neutral,lesson照合(K-024/51%neg→neu補正): ミサイル交換は進行中戦争の繰り返しイベントでneutral default。negativeにする条件(供給実被害/米軍KIA/レジーム変化)を満たさない — 米軍KIAなし(死者はカタール民間人)、供給実被害なし(Brent -10%/週=市場は供給途絶でなく和平進展と解釈)、即時stand-down+6/30ドーハ協議継続。ポジション影響: SOXLロングは6/29(月)寄りで escalation 見出しによる gap down リスクあるが、stand-down+Brent急落で反応は限定的(risk-on地合い維持)と読む。SOXSの escalation pop は K-024 で短命化想定。反転条件: 6/30ドーハ協議決裂 or 米軍KIA発生なら negative へ再評価。,indirect,https://www.cbsnews.com/live-updates/us-iran-war-israel-hezbollah-strait-of-hormuz-peace-deal-talks/,unreviewed,2026-06-29 19:57:01.211157,scan-market
305,2026-07-02 21:30:00+09,fed,7/2(木)21:30 JST(08:30 ET) 6月 米雇用統計(NFP)発表。独立記念日(7/3観測休)前倒しで木曜。5月は+172k/失業率4.3%。利下げ織り込みが「2026年ゼロ利下げ」79.8%+年内利上げ観測(SEP 9名)へタカ派シフトした局面での雇用データ=金利パス再評価の最大カタリスト,neutral,予定された経済指標で結果未知のためneutral default。高stakes理由: Warsh議長下でゼロ利下げ織り込み~80%・年内利上げ観測まで出ており、強い雇用→利上げ観測強化→実質金利上昇でSOXL/TECL等高duration資産に逆風、弱い雇用→利下げ復活期待でrisk-onの非対称。SOXLロングは結果後12h以内の反応で方向確認推奨。SOXSは強雇用サプライズ時のヘッジ妥当性が上がる。発表前の建玉は雇用リスクを織り込んでsizing抑制を検討。,indirect,https://www.bls.gov/schedule/news_release/empsit.htm,unreviewed,2026-06-29 19:57:01.213499,scan-market
306,2026-07-07 08:00:00+09,semiconductor,Samsung 暫定Q2 2026決算 7/7(火)朝 KST(≈JST)。メモリ大手の post-rout 初 hard datapoint。事前ガイダンス=HBM売上meaningful増・DRAM/NAND価格上昇トレンド・営業益YoY大幅増。7/23に確報。,neutral,"チャネル台帳lookup: メモリ/HBM需給(確定チャネル2, ADR-034)への直接データ点。7/1-7/2ラウトの駆動仮説「HBM需要天井/メモリ需給悪化」に対する反証or追認の post-rout 初 hard datapoint。impact=neutral(両側): 事前ガイダンスは強含み(HBM meaningful増・メモリ価格上昇)だが、Micron FY26Q3(6/24引け後)が記録的ブローアウトでも6/25にsell-the-news剥落した直近前例(DB登録済)があり反応方向は不確定。SOXLロング視点: 強prelim+買い継続なら7/1-7/2ラウトの反転確認材料、sell-the-news型なら反落再燃リスク。SOXSは逆。realized impactはreview-eventsで事後採点しチャネル2の重み更新(look-ahead回避)。relevance=indirect: Samsungは当ETFバスケット非構成の外国名、メモリsentiment→MU(SOXX構成)/SOXX/SOXLへの read-through 経路。",indirect,https://www.thestreet.com/stock-market-today/stock-market-today-dow-jones-sp-500-nasdaq-updates-july-6-2026,unreviewed,2026-07-06 20:47:55.700729,scan-market
307,2026-07-07 09:00:00+09,semiconductor,"7/7 半導体 sell-the-news de-rating: Samsung Q2記録的ブローアウト(営業益89.4兆W/+19倍, コンセンサス+16兆W超, DRAM +44%/NAND +53% QoQ)にもかかわらずアジア半導体が急落。KOSPI -5%/Nikkei -2%/Samsung -約10%(28万W試し)/Kioxia -12%/SK Hynix・SoftBank下落。ナラティブ=AI capex持続性・ROI不均衡懸念(Meta余剰compute ピーク需要説の再燃)+7/6 +7.3%ラリー巻き戻し",negative,"チャネル照合: Channel 1(AI compute需要のピークアウト懸念=負方向ショック)+Channel 5(7/6ラリーのpositioning巻き戻し)。relevance=direct(半導体を直接駆動)。米半導体プレに波及: SOXX -3.58%/SOXL -10.6%/SOXS +10.8% vs QQQ -0.94%(7/7 05:26 ET, is_thin)。QQQとの乖離=半導体固有デカップリング(7/1-7/2ラウトと同型)。ポジション影響: SOXLロング(保有10株@196)は含み悪化・stop$168.88射程接近、SOXSなら追い風。lesson照合(K-046境界): 今回は触媒あり(Samsung sell-the-news+AI capex ROI懸念)=無触媒クラウデッド巻き戻しでない→""翌日反発しやすい""パターンの適用対象外の可能性。ただしsell-the-news/healthy-correction系は反転リスクも高く(analystは""high-valuation資産の健全な調整""と評)、デッドキャットか構造的de-ratingかは米寄付(22:30 JST)反応で判定。K-024/K-009(戦争・rhetoric)非該当ゆえneg→neuバイアス補正の対象外、負方向維持。",direct,https://www.tradingkey.com/analysis/stocks/more/262015057-kioxia-nvda-samsung-skhynix-dram-mu-spcx-sndk-tradingkey,unreviewed,2026-07-07 18:30:50.639219,scan-market
308,2026-07-08 06:00:00+09,geopolitical,7/8 Trump「イラン停戦は終了」宣言＋Hormuzで3隻(＋Omani沖LNG船)被弾への報復として米がイラン攻撃。財務省はイラン石油販売の適用除外を撤回。Brent +5.6%>$78/WTI +5.8%$74.55、Dow先物-700pt。ただしTrump同一発言で「交渉は継続可」と walk-back、水準は3月の$120ピーク大幅下方,neutral,Channel 6(システミックrisk-off)。米空爆(kinetic)＋Hormuz船舶被弾＋石油waiver撤回＝rhetoric超えの実行動でoil+5.6%は自前parquet Brent$78.43(7/08)と整合。だがlesson照合: K-009(Trump停戦レトリックは24h反転リスク、今回も「交渉継続可」の同時walk-back)＋K-024(進行中戦争の繰返しkinetic eventはneutral default)＝過去51%がneg→neu修正。供給実被害は限定的(shipping normalise継続・水準は戦時ピーク下)、米軍KIA無し、MOUレジームは正式崩壊せず→neutral維持が妥当。SOXLロングへは半導体de-rating(idiosyncratic)にrisk-off(macro)が重畳しデカップリング前提が崩れる方向=indirect逆風。upgrade条件: 空爆継続/60日MOU正式崩壊/oil上げ定着なら negativeへ,indirect,https://www.cnbc.com/2026/07/08/oil-prices-brent-wti-iran-us-hormuz.html,unreviewed,2026-07-08 19:40:34.890829,scan-market
309,2026-07-09 03:00:00+09,fed,FOMC 6/16-17 議事録リリース(7/8 14:00 ET=7/9 03:00 JST)。6月会合はWarsh議長下で全会一致3.50-3.75%据置だが利下げ示唆を削除しインフレ抑制へタカ派シフト。市場は年末までの追加利上げシグナル有無を注視(12月までに3.75-4.00%への利上げ確率≈40%),neutral,Channel 3(金利・割引率)。予定カタリストで方向未定、タカ派傾斜は6月会合で一部織込済。lesson照合: FOMC議事録はdissent構成の解釈で二次catalyst化しうる(neutral→positive修正前例)が事前は判定不能→neutral default。SOXLロング(long-duration成長株)へはタカ派サプライズ=割引率上昇で逆風/ハト派解釈=relief。今夜の半導体de-rating＋Iran risk-off重畳下では、タカ派議事録がrisk-offを増幅するテールに注意,indirect,https://www.cnbc.com/2026/07/06/us-treasury-yields-investors-look-ahead-to-fomc-meeting-minutesu.html,unreviewed,2026-07-08 19:40:34.892326,scan-market
310,2026-07-07 22:30:00+09,semiconductor,7/7 DeepSeek(中国)が自社AIチップ開発と報道(Reuters exclusive・関係者3人)。推論(inference)向けカスタムチップでNvidia/Huawei依存低減が狙い。Meta余剰compute再販報道と重なりNvidia -1.5%(pre)/Micron -4.7%/WD -6.3%/SMH -3%。7/7半導体de-ratingのSamsung sell-the-newsと並ぶ第2の触媒,negative,"Channel 1(AI compute需要のピークアウト/Nvidia需要破壊narrative)。地政学バイアス(K-009/K-024)対象外の競争・需要シグナル。ただし限定要因: (a)推論専用で学習向けでない (b)DeepSeekは既に対中輸出規制で最上位Nvidiaチップアクセス制限済=直接revenue毀損は限定的 (c)""開発中""でタイムライン不透明→ファンダよりsentiment主導。既登録の7/7 Samsung de-rating(09:00)とは別catalystとして分離登録(独立した前方relevance=Nvidia独占への構造的脅威narrative)。SOXLロングへはde-ratingを増幅する方向=direct逆風だがsentiment性が強く反発余地も残る(K-046境界)",direct,https://kelo.com/2026/07/07/exclusive-chinas-deepseek-developing-its-own-ai-chip-sources-say/,unreviewed,2026-07-08 19:40:34.892906,scan-market
311,2026-07-09 21:00:00+09,geopolitical,7/9 Iran戦争エスカレーション: 米が追加空爆(CENTCOM ~80標的/IRGC快艇60隻超)、イランIRGCが報復でヨルダンのAl-Azraq米軍基地へ弾道ミサイル10発。停戦崩壊後の相互打撃継続,neutral,Channel6(システミックrisk-off)。lesson照合: K-024(進行中戦争の繰り返しイベントはneutral default)＋6/28の類似パターン(Iran→米基地攻撃→stand-down)に該当。米KIA/レジーム変化/供給実被害いずれも未確認(基地被弾のみ・迎撃/損害規模不明)ためneutral維持。inclusionは値動きでなくチャネル該当で判定(look-ahead回避)。ポジション影響: SOXLロングには背景リスク=Hormuz供給に実被害が出れば油価スパイク→risk-off再燃でbeta下押し、出なければ織り込み継続。SOXSは当面不使用(スタンス)。relevance=background,background,https://www.cnn.com/2026/07/09/world/live-news/iran-war-trump,unreviewed,2026-07-10 13:56:11.259869,scan-market
312,2026-07-10 22:30:00+09,semiconductor,7/10 SK Hynix(SKHY) Nasdaq ADRデビュー: $26.5B調達($149/ADR、当初~$165から下振れ価格、7倍超オーバーサブスクライブ)。HBM 60%シェアのメモリ大手のUS上場=AIブーム持続性の信認テスト。米寄り前に半導体プレ売り(SOXX -1.2%/SOXL -4.3%),neutral,チャネル2(メモリ/HBM需給)＋チャネル5(ポジショニング)への直接ショック。両面リスクの二値カタリストで look-ahead 禁止によりneutral: 7倍超オーバーサブスクライブ=強い需要 vs $149価格が当初$165から下振れ=需要軟化懸念、が拮抗。SOXLロングには、好受容(初値堅調)ならHBMテーマ再燃でV字回復継続=追い風、弱受容(初値割れ)ならAIトレード天井懸念でSOXX分水嶺$551.69再テストのリスク。lesson照合: K-034(Asia semi rally→US day1 sell-off)は当てはまらず(IPO単独イベントでAsia rally起点でない)。negativeにはしない(供給実被害/レジーム変化なし・純粋な需給/センチメントのテスト),direct,https://finance.yahoo.com/technology/ai/articles/sk-hynix-set-marquee-us-072234248.html,unreviewed,2026-07-10 21:27:09.143847,scan-market
313,2026-07-13 23:00:00+09,geopolitical,7/11-13 Iran-US戦争再エスカレーション+Hormuz封鎖再導入: 6月MOU停戦決裂、米が3夜連続空爆(7/11-12に~140標的・7/13 CENTCOM継続)。7/13 Trumpがイラン港湾「封鎖」再導入+通航料20%($30M/大型タンカー)要求で「守護者」宣言。IRGCがHormuz封鎖宣言、UAEタンカー2隻被弾+イランが「2大型タンカー無力化」主張、通航~6隻/日に激減(平時18-22)。Iran反撃はKuwait/Bahrain/Jordan/Oman/Qatarの米基地へ。Brent +9.6%(月)+2.8%(火)=$85.67(6/15来高値)、VIX +2.0で17.1、SOXX -2%。,negative,"チャネル#6システミックrisk-off(地政学ショック)への実ショック。lesson照合(K-024繰り返し空爆/K-009 Trump rhetoric→neutral default)を適用したが今回は異なる: (1)封鎖「再導入」はrhetoricでなく実行動(通航料徴収+3夜空爆)、(2)タンカー実被弾+Hormuz通航6隻に激減=供給実被害(bias補正のnegative該当要件「供給に実被害」を満たす)。SOXL long影響: risk-off+油価急騰のダブルで高beta半導体に下押し圧力、7/13にSOXX-2%で顕在化。逆に停戦観測(K-009/Iran diplomatic48h半減期)で急反転リスクも常時警戒—封鎖解除/停戦報道が出れば油価反落→risk-on回帰でSOXL反発。保有SOXL 13株には向かい風、次カタリスト=停戦交渉再開か更なる供給被害の有無。",indirect,https://www.aljazeera.com/economy/2026/7/14/oil-hits-1-month-high-as-us-iran-fighting-clouds-strait-of-hormuz-outlook,unreviewed,2026-07-14 17:13:58.116848,scan-market
314,2026-07-11 12:00:00+09,semiconductor,7/11 AI「循環取引(circular financing)」ナラティブが主流化: Nvidiaが7/10に時価総額$5T突破の翌日、Beth Kindig(io-fund)の分析(6/12公開)がHacker News前面でバズし懸念に「名前」が付いた。事実関係: NvidiaがCoreWeave/Nebiusに各$2B出資+GPU販売+CoreWeaveの未利用capacityを2032/4まで買取保証($6.3B)。CoreWeave債務$24.86B・FCF -$4.71B/四半期・利払$536M(売上の25.8%)・2026capex$30-35B vs 営業CF$8.68B=資金ギャップ$17B超。Nvidia対OpenAI $100B LOI(9月)+$30B(2月)。空売り筋Chanos「赤字企業に金を入れて自社チップを買わせている」/Burry(NVDA/PLTR/SOXX/QQQ put)。Nvidiaは7ページメモで反論(顧客は53日以内入金・vendor financing非依存・会計不正でない)。マクロ: capex-収益ギャップ~$600B(Sequoia)、乖離46%>2001telecom 32%。,negative,"チャネル#1(AI compute需要)の耐久性への疑義+#5(ポジショニング/crowded unwind)。relevance=direct。7/13のテック固有売り(Nasdaq-1.55% vs Dow-0.26%の乖離、SK Hynix-10%=バリュエーション/利確)の真driverはこのAIバリュエーション懸念であり、同日登録のIran risk-offイベントではない(Iranは主に油価チャネル、株の下げは半導体固有=本イベント)。方向性: 需要が一部vendor-financed/自己資金で前倒しされているとのthesisが信認を得ると、AI-compute需要の「durability premium」に負の圧力=SOXL longに向かい風。ただし両論あり両論併記が必須—強気反証: Nvidia $1T受注(FY26売上の5倍)/DC空室率1-2%/新設75-100%事前リース/leading-edge 12-18ヶ月先まで完売/JPM 5-factor診断「バブル基準に非該当」/tech HYスプレッド2.56%(良性)。影響が顕在化するなら経路=neocloud資金ギャップ(CoreWeave $17B/年)が閉じられず→GPU受注減→半導体収益エアポケット→de-rating、SOXL 3xで増幅(2001 telecom類似なら数年調整)。但し即時性は低い(HYスプレッド良性・完売backlog)。市場「感応度」上昇が主効果=悪材料への下方反応がシャープ化。保有SOXL 13株のtail riskであり、stop規律(現stop$100非機能)是正の論拠を強める。次カタリスト=Q2ハイパースケーラ決算のcapex/ROI言及。",direct,https://io-fund.com/ai-stocks/nvidia-coreweave-nebius-circular-financing-gpu-boom,unreviewed,2026-07-14 17:24:16.435982,scan-market
315,2026-07-14 03:00:00+09,fed,7/13 油価急騰→インフレ期待→金利上昇の割引率チャネル発火: Iran-Hormuz封鎖の油高で10Y利回り4.60%(5月来高値)、2Y 16ヶ月ぶり高値。「Fedが利上げ必要」観測が再燃(2026利下げゼロpricing~76.5%と整合)。Bloomberg/報道: 油→インフレ長期化懸念→長短金利上昇。WaPo「Hormuz封鎖のインフレが金利上昇→拡大するAIインフラ増設の借入コスト増」。Cleveland Fed inflation nowcast ~4%。,negative,"チャネル#3(金利・割引率)。これがIran(油)と半導体を繋ぐ実経路: 油高→インフレ→利回り上昇の二重効果=(a)long-duration成長株(AI/半導体)の割引率上昇でバリュエーション圧縮、(b)AIインフラ(neocloud/hyperscaler)の借入コスト増。後者は循環取引イベント(CoreWeave資金ギャップ$17B/年・利払25.8%)を直接悪化させる=金利チャネルとAI-financingチャネルが相互増幅する点が重要。7/13の半導体売りを「risk-off」でなくこの割引率経路で捉え直す(同日Iranイベントの過大risk-off帰属を訂正)。SOXL long影響: 金利上昇局面はレバ成長株に構造的向かい風。反証/緩和: 弱い雇用統計が出れば利上げ観測後退で成長株反発(7/3にDowを支えた前例)。次カタリスト=7/29 FOMC・今後のCPI/PCEとhyperscaler決算のcapex言及。",indirect,https://www.bloomberg.com/news/articles/2026-07-13/treasury-two-year-yield-rises-to-highest-since-2025-on-oil-gain,unreviewed,2026-07-14 17:35:44.62611,scan-market
316,2026-07-13 15:30:00+09,semiconductor,7/13 メモリ/HBM固有の減速シグナル: SK Hynixが韓国上場で史上最悪の-15.4%(Kospi-9%で20分サーキットブレーカー)。韓国投資証券レポートがQ2営業益コンセンサス比-8%と予想、理由=HBM価格が汎用チップより上昇鈍化。米韓上場20%超ディスカウントの裁定巻き戻しも。Samsungも-9%。7/10 Nasdaq ADRデビュー(登録済)後の失速だが、本件は価格変動でなく「HBM収益上振れ限定」のファンダ触媒(brokerageレポート)。,negative,"チャネル#2(メモリ/HBM需給)。7/10 SK Hynix debutイベント(信認テスト)とは別の新触媒=HBM価格上昇の鈍化とQ2利益miss予想(韓国投資証券)。メモリ主導局面ではロジックより先行/深く動く境界注記に合致。ただし「価格は依然上昇、ただ鈍化」=需要contractionでなくdecelerationであり過度なnegative視は禁物(bias注意)。SOXL(半導体全体)への波及はindirectだがメモリ経由でsentiment伝播。relevance=direct(半導体セクター内)。反証: HBM需給は依然タイト(DC空室1-2%)で一時的利確の可能性。次カタリスト=SK Hynix/Micron正式Q2決算でHBM ASP/gross marginの実数確認。",direct,https://www.cnbc.com/2026/07/13/sk-hynix-shares-fall-after-stellar-nasdaq-debut.html,unreviewed,2026-07-14 17:35:44.627654,scan-market
317,2026-07-14 21:30:00+09,fed,6月 米CPI 予想を大きく下回る disinflation: 前月比-0.4%(6年超ぶり最大の下落)、年率3.5%(予想3.8%)。Fed利上げ観測後退→Nasdaq+0.9%/チップ反発を主導。7/13売りのhawkish-Fedレグを反証,positive,チャネル帰属=Channel 3/5(割引率/ポジショニング): disinflation→金利上昇圧力後退→成長/テック倍率の下方圧力緩和。SOXLロングにポジティブ(7/13$165→7/14$176.66 反発の主driver)。帰属バイアス補正: Iran/Hormuz継続下でも市場が反発した事実は、7/13半導体売りの主因が地政学risk-off(Channel 6)でなく金利/Fed経路だったこと(K-052)を追認。ただしdisinflationは需要減速シグナルの側面もあり=need(数量)悪化なら両刃(K-053/054)。lesson照合: FOMC neg→pos修正(dovish寄りはrisk_on側positive妥当)に整合。realized上昇はlook-ahead回避のため帰属根拠にせずチャネル方向で判定,indirect,https://www.thestreet.com/stock-market-today/stock-market-today-dow-jones-sp-500-nasdaq-updates-july-14-2026,unreviewed,2026-07-15 19:46:55.686975,scan-market
318,2026-07-14 20:15:00+09,market,JPMorgan Q2ブローアウトも株価-2.5% (sell-the-news): EPS$7.70(予想~$5.5)/売上$58B(予想$51B)/利益+47%で過去最高も、インフレ・地政学懸念で銀行株売られる。Q2決算シーズン開幕のローテーション初動,neutral,チャネル帰属=Channel 5(ポジショニング/リスク選好)への弱いシグナル。記録的ビートでも売られる=市場が好決算を報酬しない防御的地合い→TSMC(7/16)前のcaution。半導体への直接経路は無く background。lesson照合: K-034/sell-the-news default neutral(Samsung Q2 7/7・TSMC 4/16 -2.5%と同型)。SOXLロングには直接影響薄いが、ブローアウト無視の地合いはリスク選好の頭打ちを示唆しトリム判断の傍証。realized(-2.5%)はinclusion根拠にせず,background,https://www.cnbc.com/2026/07/14/jpm-bank-of-america-citi-bank-earnings-live-updates.html,unreviewed,2026-07-15 19:46:55.690568,scan-market
319,2026-07-16 15:00:00+09,semiconductor,TSMC Q2 2026決算 7/16(14:00 台湾時間/15:00 JST): AIブームのhealth check。株価YTD+52%も決算前5日で-2%(AI売りが波及)。5月売上+30.1%YoY。need(数量)の硬さvsバリュエーションの試金石,neutral,チャネル帰属=Channel 2(需要/need)の直接検証イベント。pre-eventにつきneutral default。TSMCガイダンス/CoWoS capex/AI受注backlogがセクターneed(数量)の硬さを独立検証(K-053/054: need≠return≠price)。SOXLロングにとって当面最大の決着catalyst=強ければ7/14反発を裏打ち、弱ければ7/13 de-rating再燃。sell-the-newsリスク常時(TSMC 4/16は58%増益でも-2.5%/K-034)。予測起草候補,direct,https://www.fool.com/investing/2026/07/13/taiwan-semiconductor-reports-earnings-july-16-here/,unreviewed,2026-07-15 19:46:55.691226,scan-market
320,2026-07-15 21:30:00+09,fed,6月 米PPI(卸売物価)も予想以上に鈍化: 前日のCPI(6年ぶり最大の下落)に続くdisinflationの二重確認。Fed利上げ観測をさらに後退させ7/15プレでテック続伸,positive,チャネル帰属=Channel 3/5(割引率/ポジショニング): PPIはCPIと独立した卸売段階のdisinflation確認→金利上昇圧力後退→成長/テック倍率支持。SOXLロングにポジティブ。7/14 CPIイベントと同方向だが別リリース(卸売vs消費者)で独立確認価値あり。lesson照合: FOMC neg→pos(dovish寄りrisk_on側positive妥当)に整合。realized(プレ続伸)はlook-ahead回避でチャネル方向判定に使わず,indirect,https://www.schwab.com/learn/story/stock-market-update-open,unreviewed,2026-07-15 22:29:05.660949,scan-market
321,2026-07-15 20:00:00+09,semiconductor,ASML 年間売上見通しを市場予想超で上方修正＋チップ製造装置の生産能力+30%(AI需要背景): テック株プレ続伸を主導、Micron/Lam Research +5%。半導体供給ボトルネック懸念を緩和,positive,チャネル帰属=Channel 2(需要/need)の直接シグナル。ASML(EUV露光=チップ製造装置の川上独占)のガイダンス上方修正はAI設備投資=数量needの硬さを独立検証(K-053/054: need≠return≠price、これはneed=数量側の硬さ). 7/16 TSMC決算のread-through(装置→foundry→AIチップ)としてポジティブ. SOXLロングに追い風=7/14反発を裏打ち. ただしニュースはASML固有guidanceでSOXL価格そのものの再導出でない(inclusion可). sell-the-newsリスクはTSMC本番まで残存,direct,https://finance.yahoo.com/markets/live/stock-market-today-wednesday-july-15-dow-sp-nasdaq-091813320.html,unreviewed,2026-07-15 22:29:05.662414,scan-market
322,2026-07-14 22:00:00+09,geopolitical,Iran紛争で実供給被害: 米が7/14 16:00 ET封鎖発効＋Abadan製油所(中東最古)/Mahshahr港を空爆(4夜連続)、IRGCがHormuzでスーパータンカー2隻攻撃。7/9は22隻通過(開戦前147隻)と通航激減,neutral,チャネル帰属=Channel 3(油→金利→割引率). 実供給被害(製油所/タンカー/通航激減)は本来negative候補(supply damage exception). だが判定=neutral: Brentは$85.66でほぼ横ばい=市場が供給被害を織込み済みでChannel 3(油→金利)が現在発火していない. 7/15市場はASML(need)+PPI(disinflation)を優先しリスクオン. lesson照合: K-024進行中戦争の繰り返し+51%がneg→neu修正パターン. ただしBrent>$90ブレイクなら金利チャネル再発火でnegativeに転じるリスク=監視継続. SOXLロングへの現時点の実効影響は限定的,indirect,https://www.cnn.com/2026/07/14/world/live-news/iran-war-trump,unreviewed,2026-07-15 22:29:05.663036,scan-market
323,2026-07-16 15:30:00+09,semiconductor,TSMC Q2 2026 RESULT: 売上$40.2B(+36%YoY)/純利益+77.4%(過去最高)/GM67.7%で全項目予想超、2026年AI関連売上見通しを「40%超成長」へ上方修正。だが capex ガイドを$52-56B→$60-64Bへ引上げ＋Arizona追加$100B＋2nm量産でGM3-4pp希薄化見通し。ADRは寄前-5%→引け-3%,neutral,Channel 1(AI compute需要)＋Channel 2(HBM/先端ノード)の同時ショックだが方向が逆で相殺。need側は硬い(HPC比率66%・AI見通し40%超へ上方修正・N2が初の商用売上3%)一方、return側は悪化(capex+$8B・US投資$100B追加・2nmでGM3-4pp希薄化)。K-054(need≠return≠price)の教科書例で、需要の量が確認されても資本コストと利益率が同時に悪化するため net neutral と判定。SOXLロングにとっては「セクターneedの下支えは確認されたが、マージン経路の悪化で株価の即時サポートにはならない」。単一方向に断定しないのが正しい読み。,direct,https://www.investing.com/news/company-news/tsmc-q2-2026-slides-ai-demand-drives-record-margins-hpc-surges-20-93CH-4794789,unreviewed,2026-07-21 16:40:15.926754,scan-market
324,2026-07-16 12:00:00+09,semiconductor,Moonshot AI(中国)が Kimi K3 を公開: 2.8兆パラメータの open-weight マルチモーダル推論モデル(公開重みとして史上最大)、100万トークン文脈。独立評価でフロンティア4位(Claude Fable 5・GPT-5.6 Sol に次ぎ Claude Opus 4.8 を上回る)。完全な重み公開は7/27予定。「DeepSeek 2.0」懸念で高価な専用AIハードの必要量前提が再考され半導体売りが加速,negative,Channel 1(AI compute需要)への効率ショック。中国が米compute制限を回避して frontier 級に到達＝「専用ハードへの巨額支出が必要」という前提を弱める。ただし反証material を明記する: Kimi K3 の価格は$3/$15 per Mトークンで米トップ系と同等の premium 価格帯＝フロンティアAIの運用に依然大量の計算資源が要ることを示唆し、むしろチップ支出を支持するとの分析もある(初動売り後に同日中に大半戻した)。K-052の3点確認: (1)VXN-VIX乖離=7/17時点 VXN29.03 vs VIX18.77(比1.55、7/16は1.63)でテック固有 (2)時系列先行性=売りは7/15(SOXL-6.29%)から既に始まっており本イベント(7/16)は加速要因であって起点ではない、より広いde-ratingは7/6-8起点 (3)divergence交絡の排除=7/17は equal-weight S&P が+1.0%と上昇する中で SMH-3.70%、つまり広範risk-offでは説明できず半導体固有。よって主driverはChannel 1/5で、地政学(Channel 6)は副次。SOXLロングには短期negativeだが、DeepSeek初回(2025)は数週間で織り込みが戻った前例があり半減期は短い可能性。,direct,https://www.bloomberg.com/news/articles/2026-07-17/china-s-powerful-new-moonshot-ai-model-closes-gap-with-us-rivals,reviewed,2026-07-21 16:40:15.928606,scan-market
325,2026-07-17 06:00:00+09,market,Netflix Q2 2026(7/16引け後): 売上$12.56B(予想$12.58B miss)・EPS$0.80(予想$0.79)、Q3ガイドが売上$12.86B/EPS$0.82(予想$13.0B/$0.84)と下振れで時間外-8%超。エンゲージメント開示の削減も発表,neutral,lesson照合: Wells Fargo Q1のNII missで「個別銘柄negativeはセクター全体センチメント転換ではない、指数影響と分離せよ」との修正実績があり本件も同型(半導体と因果チャネルを共有しない単独メガキャップの減速)。Channel 5(ポジショニング)への波及は間接的で、7/17のNasdaq下落の主因は半導体側にある。SOXLロングへの直接的な含意はほぼ無いが、メガキャップ決算週(7/22 Alphabet/Tesla)のガイダンス下振れ耐性を測る先行サンプルとして background で捕捉。,background,https://www.cnbc.com/2026/07/16/netflix-nflx-earnings-q2-2026.html,unreviewed,2026-07-21 16:40:15.929196,scan-market
326,2026-07-18 12:00:00+09,geopolitical,米軍に戦死者発生(CENTCOM発表): 7/17ヨルダンでイランの弾道ミサイル/ドローン攻撃を防空中に米兵2名が戦死・1名行方不明・4名後送、さらに7/18イラクで撃墜したイラン製ドローンの不発弾処理中に1名戦死(計3名)。米はイランへ7夜連続の空爆を継続、イランはカタール/クウェート/ヨルダン/オマーンの米軍資産へ報復。クウェート石油公社は基幹石油施設が「甚大な物的損害」を受けたと発表,negative,K-024(進行中の戦争の繰り返しイベントは neutral 既定)の**例外条項に該当**するため negative を維持する。例外条項は「供給に実被害があった場合、米軍KIA発生、レジーム変化を伴うイベント」と定義されており、本件は米軍KIA(3名)と供給実被害(クウェート石油施設の甚大な物的損害)の2つを同時に満たす。lesson照合: 「US proactive action でも de-escalation pivot 並走時は neutral」への修正実績があるが、今回は米側の主体的行動でなく**米側の被害**であり、KIAは米国内政治の圧力を通じてエスカレーション経路を非対称に固定する(撤退より報復が政治的に容易)。Channel 6(システミックrisk-off)＋Channel 3(油→金利)。ただし重要な留保: 7/15-17の半導体売りをこのイベントに帰属してはならない(K-052)。実際 7/17の米10年金利は4.62%→4.55%と**低下**しHYスプレッドも2.69→2.73と横ばいで、Channel 3/6 は発火していない。SOXLロングにとっては tail risk の拡大であって当該下落の説明要因ではない。,indirect,https://www.cnn.com/2026/07/18/politics/iran-war-us-service-members-killed-jordan,unreviewed,2026-07-21 16:40:15.929759,scan-market
327,2026-07-20 22:00:00+09,oil,Houthi(イエメン、イラン支援)がサウジアラビアに対する海上封鎖を即時発効と宣言。報道官Yahya Sareeが「目には目を」としてBab al-Mandeb海峡をサウジ船舶に閉鎖、サヌア国際空港攻撃とイエメン封鎖への報復と説明。サウジはHormuz攻撃を避けるため日量数百万バレルを紅海側輸出ターミナルへ迂回済みで、その迂回路自体が標的に。Brentは一時$91超→$88へ反落(米イラン外交再開報道),neutral,Channel 3(油→インフレ期待→割引率)への潜在ショックだが、現時点では宣言段階で実際の通航阻止・実損は未確認。バイアス補正ルールの「攻撃宣言不実行」パターンに該当し neutral を既定とする。加えて価格側の反証: Brentは$91を一時超えた後$88へ反落し、7/21時点でも$89.20と横ばい圏。7/15-17の半導体売り局面で米10年金利はむしろ低下(4.62→4.55)しており、油→金利の伝達は現に働いていない。ただしHormuzの代替路という構造的意味は大きく、**Brentが$92超で定着した場合はChannel 3の再発火として negative へ再判定**する(次回review-eventsの検証条件)。SOXLロングには現時点で直接影響なし、background に近いindirect。,indirect,https://www.cnbc.com/2026/07/20/iran-houthi-yemen-saudi-arabia.html,unreviewed,2026-07-21 16:40:15.930313,scan-market
328,2026-07-20 23:00:00+09,semiconductor,Googleが Gemini専用の推論チップ「Frozen v2」を開発中と報道(The Information)。Geminiのアーキテクチャの一部をシリコンに恒久的に焼き込み、最新TPU比で電力あたり6-10倍のトークン処理を目標。2028年配備予定でTPUを置換でなく補完、Google Cloudの社内compute不足の緩和が狙い。Alphabet株は+2.9%,neutral,Channel 1(AI compute需要)の*総量*でなく*構成*の変化。カスタムシリコン内製化はNvidiaのシェア(ハイパースケーラ支出$1あたり57セントを吸収)を長期的に削るためSOXX構成銘柄の中で勝ち負けが割れる一方、製造はファウンドリ(TSMC)に落ちるためセクター総需要としては中立。2028年配備＝現在の株価への割引寄与は小さく、7/20の反発局面では「AI効率化＝compute制約の緩和」と好感された。Kimi K3と同じ「効率でneedが薄まる」テーマの米国版で、この2件は台帳Channel 1の境界注記(capex拡大=positive/天井=negative)に**効率シグナルという第3の軸**を追加すべき兆候。SOXLロングには短期影響軽微だが、AI capex thesis の構造的な逆風要因として捕捉。,indirect,https://www.cnbc.com/2026/07/20/alphabet-googl-stock-ai-chip-report.html,unreviewed,2026-07-21 16:40:56.490831,scan-market
329,2026-07-21 09:00:00+09,market,半導体ETFで記録的な資金流入と最悪級の月次下落が同居: SOXXが7月の月初来で+$6.13B(2018年以降のデータで最大の月次流入)を集めながら-18.6%と2008年11月以来最悪の月へ。SMHも+$2.06Bの流入で-15.2%。投資家はAIトレードの最も混雑した領域から逃げるどころか買い増している,neutral,Channel 5(ポジショニング・流動性)の直接シグナル。価格から再導出できない**フロー情報**なので登録対象(ADR-034 Standard層Q3をクリア)。両義的なので neutral: (a)下支え解釈=押し目買いの確信が強く売り枯れが近い (b)危険解釈=混雑度が解消されておらず、押し目買い勢が降参する第2段階の下げ余地が残る。K-046(無触媒のpositioning巻き戻し vs 触媒drivenのde-rating)の境界条件に照らすと今回は触媒(TSMC capex/Kimi K3)がある de-rating 側で、フロー流入だけを底打ち根拠にするのは危険。SOXLロングには「まだ大衆が投げていない＝底の必要条件が未成立」という警戒材料として読むのが安全側。,direct,https://www.benzinga.com/markets/tech/26/07/60550501/chip-etfs-record-inflows-worst-month-since-2008,unreviewed,2026-07-21 16:40:56.492203,scan-market
330,2026-07-21 15:00:00+09,market,"7/21アジア半導体リリーフラリー(4日ぶり反発): 韓国Kospi+4.7%(6,821.41)・日経225+2.8%(65,926.41、月曜は休場)・台湾加権+3.6%、MSCIアジア太平洋+1.7%。Samsung+7.4%/SK Hynix+6.4%/TSMC+2.8%/Kioxia+15.9%/Advantest+6.9%。Kospiは年初来+50%超だが直近1ヶ月で-20%超",neutral,lesson照合: K-034「アジアのラリー→米国の売り」パターンで、Asia closeの上昇を day1 の SOXL/TECL エントリーシグナルとして使うのは誤りという修正実績が2件ある(4/15・4/16 Nikkei高値でいずれも positive→neutral へ修正)。よって positive でなく neutral を採用する。Channel 5(ポジショニング)の巻き戻し反発だが、現地観測筋も「全面解除でなく安堵ラリー」と評し、継続は(a)油価の抑制と(b)テック決算によるAI支出の正当化に依存すると明示。SOXLロング(平均$188.94・現値$136.81)にとっては含み損の一時的縮小要因になりうるが、K-034に従い当夜の米寄りの方向を先取りする根拠にはしない。,indirect,https://www.clickorlando.com/business/2026/07/21/asian-shares-mostly-gain-and-south-korea-and-japan-recover-some-losses-from-ai-stock-sell-offs/,unreviewed,2026-07-21 16:40:56.492755,scan-market
331,2026-07-23 05:00:00+09,semiconductor,Alphabet Q2 2026決算 7/22引け後(=7/23 05:00頃 JST、Teslaも同時刻・IBMも同日引け後): 2026 capexガイダンス$180-190B(前四半期に引上げ済)と「2027は大幅増」の更新が最大の焦点。Google Cloudの$462Bバックログも注目。ハイパースケーラ5社(Amazon/Microsoft/Alphabet/Meta/Oracle)の2026 capexは$700-900B(前年比+36%)見込みで、AI設備投資と実売上の差は年$600B規模に拡大中,neutral,Channel 1(AI compute需要)の総量シグナルとして今週最大のカタリスト。予定イベントなので方向は未定＝neutralで登録し、review-eventsで事後採点する。判定の分岐: capexレンジの再上方修正または2027の具体化=need確認でSOXLにpositive、逆にcapex据置/慎重化=AI設備投資サイクルの天井シグナルでnegative。ただしTSMC(7/16)が「記録的need＋capex増」を出しても株価が下げた直後であり、**capex増がそのまま半導体株positiveに変換されない局面**に入っている点に注意(K-054 need≠return≠price)。SOXL保有(平均$188.94)にとっては、7/16の教訓上「良い数字が出ても株価が反応しない」リスクを織り込むべきカタリスト。,direct,https://www.cnbc.com/2026/07/19/earnings-playbook-alphabet-tesla-headline-this-weeks-big-reports.html,unreviewed,2026-07-21 16:43:53.597075,scan-market
332,2026-07-24 05:00:00+09,semiconductor,Intel Q2 2026決算 7/23引け後(=7/24 05:00頃 JST): 市場予想は売上$14.42B(前年比+12%、会社ガイド$13.8-14.8B)/EPS$0.21、オプション市場は12-15%のスイングを織込み。18Aノードの歩留りが約85%(前四半期65%)へ改善しApple/Microsoftが初期設計パートナーとしてIntel Foundryを採用、一方Foundryは外部売上$174Mに対し営業損失約$2.4B。INTCは年初来+163%,neutral,Channel 1(AI推論需要)＋Channel 4(通商・国産化)。予定イベントにつきneutral。半導体セクターが弱気相場入りした直後の主要決算で、SOXX/SOXL構成への影響に加え「18A量産の現実性」がセクター全体の米国内製化ナラティブを左右する。オプションが12-15%スイングを織り込む=単独でSOXL(3倍)に数%級の寄与を持ちうるサイズ。lesson照合: Samsung(7/7)・TSMC(7/16)いずれも記録的決算に対しsell-the-newsで反応しており、現局面では「beatでも売られる」非対称性を既定に置く。,direct,https://seekingalpha.com/news/4614869-earnings-week-ahead-gm-tsla-goog-intc-vz-amc-t-ibm-nok-lmt-and-more,unreviewed,2026-07-21 16:43:53.598532,scan-market
333,2026-07-30 03:00:00+09,fed,FOMC 7/28-29(結果発表=7/30 03:00 JST): 据置(3.50-3.75%)が中心シナリオだが**利上げ**確率が25-46%へ上昇。6月議事録では予測提出18名の半数が年内利上げを支持、残り半数が据置/利下げ支持と真っ二つ。Warsh議長は「物価は高すぎる」と発言。SEP(ドットプロット)を伴わない会合,neutral,Channel 3(金利・割引率)。据置が中心シナリオのため既定neutralだが、**利上げ側のテールが25-46%と異例に厚い**点が通常のFOMCと異なる。long-durationのAI/半導体は割引率上昇に最も脆弱で、利上げまたはタカ派的据置はSOXLに直接negative。lesson照合: 4/29 FOMCで「pricing済みの決定でもdissent構成が二次カタリストになる」としてneutral→positiveへ修正した実績があり、今回も決定そのものより**分裂した委員会のdissent構成**が反応を決める可能性が高い。留意: 直近の6月CPI(-0.4%MoM)・6月PPIはいずれもdisinflation方向で、この2データは利上げ確率を押し下げる材料。7/15-17の半導体売り局面で10年金利は4.62→4.55%と低下しており、現時点でChannel 3は半導体売りの駆動要因になっていない。,indirect,https://www.federalreserve.gov/monetarypolicy/fomcminutes20260617.htm,unreviewed,2026-07-21 16:43:53.599097,scan-market
334,2026-07-23 01:00:00+09,semiconductor,AMD「Advancing AI 2026」7/22-23 サンフランシスコ(Moscone、キーノートは7/22米朝=7/23 01:00頃 JST): Lisa Su CEO登壇、Instinct MI450アクセラレータ・Zen6世代EPYC Venice(前世代比1.7倍)・ROCm更新・次世代ラックスケール「Helios」のプレビューが予定。登壇パートナーにMeta/OpenAI/xAI/Oracle/Microsoft/Cohere/Red Hat。AMD株はピーク比-17%,neutral,Channel 1(AI compute需要)の直接カタリスト。予定イベントにつきneutralで登録しreview-eventsで事後採点する。**この登録は自己批判の産物**: 当初のスキャンでは28本の検索のうち約1/3を「selloff/plunge/fell/bear market」など結果を前提化した語で組み立てており(結果ありきの探索)、下落の説明を探す方向に偏ってAMDの自社イベントという予定カタリストを取りこぼしていた。中立枠(「semiconductor outlook」「price targets」)で再検索して初めて浮上した。判定の分岐: MI450/Heliosの顧客採用の具体名が出ればNvidia一極集中の緩和かつセクターneedの裏付けでSOXXにpositive、内容が既知情報の再確認に留まればsell-the-newsのパターン(Samsung 7/7・TSMC 7/16)を踏襲するリスク。,direct,https://www.amd.com/en/corporate/events/advancing-ai.html,unreviewed,2026-07-21 16:49:09.858119,scan-market
335,2026-07-06 22:00:00+09,semiconductor,SIA(米半導体工業会)が7/6に発表: 2026年5月の世界半導体売上高は$120.6Bで月次として過去最高、前月($110.5B)比+9.2%、前年同月($59.1B)比+104.1%(2倍超)。月次の前月比プラスは15ヶ月連続。米州・アジア太平洋・中国の前年比成長が牽引,positive,Channel 1(AI compute需要)の**実売上による裏付け**。株価やアナリスト見通しでなく業界団体(Tier 1)が集計した出荷実績であり、need(数量)の硬さを独立検証する物理プロキシとして価値が高い(K-054のneed≠return≠priceのうちneed層の証拠)。前年比2倍という数字は当初過大に見えたためSIA一次ソースで検証し、$59.1B→$120.6Bの内訳まで確認して採用した。**登録漏れの補正**: 発表は7/6で前回スキャン(7/15)以前だが未登録だった。当初の今回スキャンが結果ありき(下落の説明探し)に偏っていたため、中立枠での再検索まで浮上しなかった。留意: これは5月分データで、7月の弱気相場入りは同じ現実の別の層(価格・バリュエーション)で起きている。「売上が記録的だから株価も戻る」と読むのはK-054が禁じる短絡であり、SOXL保有の含み損(-27.6%)を正当化する根拠には**ならない**。,direct,https://www.semiconductors.org/global-semiconductor-sales-increase-9-2-month-to-month-in-may/,unreviewed,2026-07-21 16:49:09.859481,scan-market
336,2026-07-21 09:00:00+09,semiconductor,TSMC が2027年のウェハ価格を5-10%引き上げる交渉を顧客と実施(6月開始・7月に基準値確定、先端/成熟ノード両方)。HPC向けの合意数量超過分にはさらに10-15%のサーチャージで合計10%超も。TSMCは公式に価格を認めず「戦略的であり便乗ではない」とコメント,positive,チャネル1(AI compute需要)＋チャネル2(メモリ/HBM需給)の価格決定力シグナル。値上げを顧客が飲む=需要の量が硬い証左でファウンドリ側のマージン拡大要因、7/22アジア半導体高の主因の一つ。ただしK-054の3層分離を適用すると、これはneed(数量)とTSMCのreturnの改善を示すが、顧客(ファブレス/hyperscaler)のコスト増でもありSOXL構成銘柄への影響は一様でない。SOXLロングには追い風だが2027年の話で近期株価への即効性は限定的。Bloomberg(Nikkei報道)+Taipei Timesの2ソースで確認,direct,https://www.bloomberg.com/news/articles/2026-07-21/tsmc-in-talks-to-raise-prices-by-up-to-10-in-2027-nikkei-says,unreviewed,2026-07-22 20:14:12.796923,scan-market
337,2026-07-21 09:00:00+09,semiconductor,韓国関税庁: 7月1-20日の輸出が前年比+52.3%の$54.9B(7月として過去最高)、うち半導体が+180%の$22.1Bで牽引。輸入+20%で貿易黒字$12.2B。7月1-10日も+53.9%と同水準,positive,チャネル1(AI compute需要)の物理プロキシ。企業ガイダンスや受注backlogと違い政府統計の実出荷額なので、K-054のneed(数量)層を株価・センチメントから独立に検証できる希少データ。半導体+180%は需要が2-3年スパンで硬いという強気thesisを支持する。ただしK-054の通りneed≠return≠priceであり、これはSOXLの近期株価を保証しない(実際7/22米プレは-5.8%)。impact判定にrealized priceは使わず出荷実績のみで評価。Korea Herald+Xinhua(いずれも関税庁一次データ)の2ソースで確認,direct,https://www.koreaherald.com/article/10814464,unreviewed,2026-07-22 20:14:12.798425,scan-market
338,2026-07-22 19:00:00+09,oil,Hormuz海峡で実供給被害が発生しBrentが$95台へ: 米が11夜連続でIran空爆、Iranは7/21早朝にHormuzでタンカーを攻撃、Houthiがサウジへの海上封鎖を宣言(サウジ産2.5百万バレル/日がリスク)。Trump封鎖発効以降Hormuz通航量が激減し船主が回避,negative,チャネル3(金利・割引率)が主、チャネル6(システミックrisk-off)が副。油高→インフレ期待→長期金利上昇→long-duration成長株の割引率上昇という経路でSOXLに効く。lesson照合: K-024(進行中戦争の反復イベントはneutral)を検討したが今回は該当しない。理由=ミサイル交換の反復でなくタンカー被弾・通航停止という供給への実被害が発生しており、scan-marketのneutral既定の除外条件「供給に実被害があった場合」に当たる。SOXLロングには逆風(金利経由)。ただし7/22の半導体売りをこれ単独に帰属しない(帰属バイアス補正は次項)。CNBC 2本(7/21空爆/タンカー、7/21 Hormuz通航)で確認,indirect,https://www.cnbc.com/2026/07/21/us-iran-war-trump-hormuz-houthis.html,unreviewed,2026-07-22 20:14:12.799004,scan-market
339,2026-07-23 05:30:00+09,semiconductor,Texas Instruments Q2 2026決算 7/22引け後(=7/23 05:30頃 JST): 市場予想 non-GAAP EPS$1.92-1.95 / 売上$5.24B。会社ガイドは売上$5.00-5.40B・EPS$1.77-2.05で中点は前期比+8%の季節性上振れ。Q1はEPS$1.68(予想+$0.32)・売上$4.83B(+18.7%YoY)と上振れ済み,neutral,チャネル1(AI compute需要)の周縁。TXNはアナログ/組込みで産業・車載の景気連動が主だがデータセンタ電源系の露出もあり、AI以外の半導体需要の広がりを測る。SOXX構成比は小さくSOXLへの直接寄与は限定的だが、7/22引け後にAlphabet/Tesla/IBMと同時刻に出るため半導体セクターのアフター/翌日寄りのセンチメントに合流する。予想を織り込み済みのため事前はneutral、方向はガイダンス次第。SOXLロングなら翌日寄りのギャップ要因として認識する,direct,https://www.stocktitan.net/news/TXN/texas-instruments-to-webcast-q2-2026-earnings-conference-kbt87oxtpj90.html,unreviewed,2026-07-22 20:14:12.79956,scan-market
340,2026-07-23 05:30:00+09,semiconductor,Texas Instruments Q2 2026 RESULT: 売上$5.46B(+23%YoY)・EPS$2.14・analog+26%/embedded+16%、industrial+30%/auto mid-teens/data center倍増。Q3ガイド$5.65-6.15B(中点$5.9B=予想+4.9%上方),positive,Channel1(AI compute需要)の周縁＝AI外の広範チップ需要＋data center倍増はChannel1直撃。analog/industrial/autoの全end-market回復＝need(数量)の硬さの独立検証(K-053)。ガイド上方修正は先行指標。lesson照合(WFC neg→neu:個別beat≠指数転換):TXNは広範end-market網羅のbellwetherで指数シグナル性が高く該当せず、positive維持。SOXLロングには需要側の下支え材料。realized price不使用。検証:Benzinga決算トランスクリプト＋StockTitan 8-K。,direct,https://www.stocktitan.net/news/TXN/ti-reports-second-quarter-2026-financial-results-and-shareholder-fjwrl0t8xj0f.html,unreviewed,2026-07-23 18:53:57.534382,scan-market
341,2026-07-23 05:00:00+09,semiconductor,Alphabet Q2 2026 RESULT: 売上$112.11B(予想超)・capex$44B(拡大)、初のFCFマイナス-$5.8B。AI/cloud成長を背景にhyperscaler設備投資を積み増し,positive,Channel1(AI compute需要)直撃。台帳境界注記「capex拡大=positive」に該当＝AIインフラ投資総量の増加シグナル→アクセラレータ(NVDA/broad)需要の下支え。ただしK-054(need≠return≠price):初のFCFマイナス-$5.8Bはreturn/資金持続性の論点で候補チャネル「AI融資・信用構造」の観察対象。need(capex量)はpositiveだがreturn(ROI)未実証。SOXLロングには需要量の追い風だが、capex-ROI懐疑が強まればChannel5巻き戻し/信用ストレス経由でdownside。realized price不使用(株価反応を判定根拠にしない)。検証:Yahoo Finance earnings live＋SEC 8-K。,direct,https://finance.yahoo.com/markets/live/earnings-live-second-quarter-results-tesla-google-july-115324842.html,unreviewed,2026-07-23 18:53:57.536535,scan-market
342,2026-07-24 05:00:00+09,semiconductor,Intel Q2 2026 RESULT: 売上$16.1B(+25%YoY、約15年ぶりの伸び・予想$14.42Bを$1.7B超過)・調整後EPS$0.42で予想超。DCAI(データセンタAI)はXeon 6主導でサーバ+59%YoY、AI関連が全社売上の約70%。一方 Foundry外部売上は$293Mに留まり14A/18Aは大口顧客の量産受注が未確定。2026年capexを$20B超へ引上げ、2027年はさらに大幅増を予告。Q3ガイドは売上$15.8-16.8B/GM42%/EPS$0.38。,negative,チャネル: 1(AI compute需要)と5(ポジショニング)の同時発火。need(数量)は強い=売上+25%・サーバ+59%で確認された一方、return(収益性)は未実証のまま資金要求だけが増える構造が明示された(capex$20B超へ引上げ＋2027さらに増、Foundry外部売上$293Mで大口アンカー顧客なし)。K-054(need≠return≠price)の教科書的ケースで、需要の硬さは価格を保護しない。lesson照合: 個別銘柄のmissをセクターnegativeに拡大しない(Wells Fargo lesson)が該当するか検討したが、今回はmissでなくbeatであり、かつ論点がIntel固有の業績でなくAI capexのROIというセクター共通の評価軸のため、lessonの射程外と判断してnegativeを維持する。帰属の断面テスト(K-055、チャネル特定のみに使用しimpact方向の根拠にはしない): 当日SOXX -4.40%に対しSPY +0.10%・IWM -0.31%で、広範risk-offでなく半導体固有。VXN 28.39 vs VIX 18.94(比1.50)もテック固有ストレスと整合(K-052)。ポジション影響: SOXLロングは「決算beatで戻る」前提が効かない局面。capexガイド引上げが売り材料になる構図が続く限り、好決算はエントリー根拠にならない。,direct,https://www.fool.com/coverage/stock-market-today/2026/07/24/stock-market-today-july-24-intel-reverses-gains-on-foundry-and-ai-spending-concerns/,unreviewed,2026-07-28 19:56:05.164938,scan-market
343,2026-07-27 08:00:00+09,semiconductor,NvidiaがOpenAIのデータセンタ向けに約$250Bの資金調達保証(backstop)を交渉中とWSJが報道。対象はSoftBank子会社SB Energyがオハイオ州南部で開発する10GWプロジェクトのリース＋債務で、総事業費$500B超・第1期800MWは2028年完了予定。保証はデータセンタ側で、Nvidia製チップ自体は対象外だが、別途最大$350B規模のチップ購入ファイナンスも協議中。契約条件は未確定。同時期にBloombergがNvidiaの進行中ディール総額$750B超を報じ循環ファイナンス懸念が再燃。,neutral,チャネル: 候補チャネル「AI融資・信用構造」の最大級の実例(docs/event-channels.md)。同時にチャネル1(AI compute需要)にも該当し、方向が正反対のため単独ではneutralとする。need側=Nvidiaが自社チップの数年分の需要を実質的に固定する強力な受注可視化。return/資金側=売り手が買い手の債務を保証する構造そのもので、需要の一部がNvidiaのバランスシート経由で作られていることを意味する。K-054の3層分離(need≠return≠price)でいえば、needを強くする材料が同時にreturnの質を弱める、という両義性が本質。重要なのは「交渉中・条件未確定」であり、確定イベントとして扱わない。ポジション影響: SOXLロングにとって短期はニュース次第で両方向。成立報道ならチャネル1経由でpositive、破談または保証条件の詳細判明(Nvidia側の偶発債務認識)なら信用構造チャネル経由でnegativeに転じうる非対称イベント。K-009パターン(発表と実行の乖離)との照合: 未署名のディール報道は実行前に撤回・縮小されうるため、この報道単独をエントリー根拠にしない。,direct,https://finance.yahoo.com/technology/ai/articles/nvidia-talks-openai-guarantee-250-233930971.html,unreviewed,2026-07-28 19:56:05.166968,scan-market
344,2026-07-28 01:00:00+09,semiconductor,中国が国産の液浸DUV露光装置の量産を開始(Reuters独占、The Informationも報道)。上海の国有企業 Shanghai Aishengna Electronic Technology Group が国内露光スタートアップ(Yuliangsheng等)のチームを統合して主導。生産目標は2026年に約5台・2027年に約20台で、年内にSMIC・華虹(Hua Hong)・CXMTへ納入予定。28nm級を想定するがマルチパターニングで7nm、低歩留まりなら5nmも射程。部品の大半は国産だが一部の重要部材は日本製に依存。SMICは2025年9月から試用中で2027年の本格量産を視野。,negative,チャネル: 4(通商・輸出規制)の裏返し=対中輸出規制の実効性低下という新しい向きのショック。従来チャネル4は「規制強化→中国向け売上減」の経路で捉えてきたが、本件は「規制が代替内製を促し、装置メーカーの長期TAMそのものを削る」逆向きの経路である。半導体製造装置(ASML/AMAT/LRCX/KLA)に直撃し、SOXX/SOXL構成銘柄の評価倍率に効く。ただし規模は限定的であることを明記する: 2026年5台・2027年20台はASMLの年間出荷数と比べて実物の代替効果は小さく、短期の装置需要を数量ベースで奪う話ではない。効くのは数量でなく「中国市場を将来失う」という長期TAMの織り込み=評価倍率チャネル。また報道は単一ソース(Reutersの匿名source)由来で、量産の定義(mass production vs limited production)が報道間で揺れている点も割り引く必要がある。帰属の断面テスト(K-055、チャネル特定のみに使用): 中国株(Hang Seng +0.4%・上海-1.2%)が相対的に耐性を示す一方で韓国・台湾・日本の半導体株が売られており、広範risk-offでなく「中国内製化の受益者と被害者の入れ替え」という本イベント固有の構図と整合する。ポジション影響: SOXLロングは装置株の比重を通じて直接的に不利。このチャネルは地政学ヘッドラインと違い一過性で戻る性質ではなく、K-024/K-009のneutral化lessonは適用しない(繰り返しの修辞でなく、実物の製造能力に関する構造変化のため)。,direct,https://www.tomshardware.com/tech-industry/semiconductors/china-begins-mass-production-of-domestic-immersion-duv-lithography-machines,unreviewed,2026-07-28 19:56:05.167572,scan-market
345,2026-07-27 09:00:00+09,geopolitical,米がIranへの連夜の空爆を13夜で停止し、技術・政治交渉を再開。Trumpは「Iran側の要請で停止した」とし、新たな停戦合意に至らなければ攻撃を再開すると警告。Iran側は「現時点で米との交渉はしていない」と表明し、双方の説明は食い違う。Hormuz海峡の通航は月曜朝時点で商船10隻未満(戦前は1日約100隻)と、物流は未回復。サウジは同日、イラクから発射され東部油田地帯とリヤドを狙ったドローン数機を迎撃したと発表。,positive,チャネル: 6(システミックrisk-off)の解除、および3(金利・割引率)の油価経由の緩和。lesson照合: 過去lessonは「Iran提案主導のpositiveはTrump反応24-48h確認後までneutral defaultにすべき」だが、本件は提案でなく空爆停止という実行済みの行動であり、国際的な油価にも実際の帰結が出ているためlessonの射程外と判断してpositiveとする。ただし可逆性は高い: Trumpが「合意なければ再開」と明言し、Iran側は交渉の存在自体を否定しており、合意文書のない停止であるため、K-009(修辞と実行の乖離)の逆パターンとして数日単位で反転しうる。サウジのドローン迎撃成功はK-024の迎撃成功パターンに該当し、それ単独ではneutralとして扱う。Hormuz通航が戦前比10%未満に留まる点は、停戦報道にもかかわらず物流面の正常化が未達であることを示し、positiveの度合いを割り引く根拠になる。ポジション影響: SOXLロングにとっては油価低下→インフレ期待低下→長期金利低下の経路で追い風だが、現在の半導体売りの主因は地政学でなく半導体固有要因(AI capex ROI・中国内製化)であるため、このpositiveがSOXLを支える力は限定的と見る。salience biasで地政学の改善を過大評価しない(K-052)。,indirect,https://www.cnn.com/2026/07/27/world/live-news/iran-war-trump,unreviewed,2026-07-28 19:56:05.168241,scan-market
346,2026-07-28 15:30:00+09,market,"7/28アジア半導体株が大幅安。韓国Kospiが-10.8%の6,023.66(4月来安値)で引け、取引が一時中断。Samsung Electronics -13.4%、SK Hynix -14.7%。日経225は-4%の62,364.92、台湾加権は-4.7%(TSMC -3%)。一方で香港ハンセンは+0.4%の25,310.85、上海総合は-1.2%に留まり、欧州はDAX +0.6%・CAC40 +0.5%と上昇、米先物はまちまち。報道はAIブームがバブルだったのではという懸念を売りの背景として挙げている。",negative,チャネル: 5(ポジショニング・流動性)主、1(AI compute需要)副。登録理由はKospi・日経・台湾加権が当プロジェクトのparquet対象外であり、価格系列から再導出できない情報を含むため(ADR-034の除外基準3に非該当)。帰属の断面テスト(K-055、チャネル特定のみに使用): アジアの半導体集中市場(韓国・台湾・日本)が二桁から-4%規模で売られる一方、中国本土・香港は耐性を示し欧州は上昇しており、広範なrisk-offでは説明できない。これは中国国産DUV量産報道の受益/被害の非対称と整合し、salience biasによる地政学への過大帰属を避けるべき局面である(K-052)。時系列先行性の確認: 半導体売りは7/6-8に始まり7/15-17に加速しており、直近のIran停戦(7/26-27)より前から進行している。停戦という地政学positiveと同時にアジア半導体が急落している事実自体が、この下げの駆動因が地政学でないことの証拠になる。ポジション影響: SOXLロングは、米国株が下げ渋ってもアジアが先に織り込みにいくギャップリスクに晒される。K-034(アジアの上昇を米day1のエントリーシグナルにするのは誤り)の裏返しとして、アジアの急落をそのまま米day1の下落シグナルとするのも同様に危険であり、米セッションでの実際の反応を確認するまで方向を確定しない。,direct,https://www.usnews.com/news/business/articles/2026-07-28/south-koreas-kospi-index-sinks-more-than-10-on-heavy-selling-of-chipmaking-stocks,unreviewed,2026-07-28 19:56:05.168848,scan-market
347,2026-07-28 12:00:00+09,fed,7/28-29 FOMC(結果発表は7/29 14:00 ET=7/30 03:00 JST)を前に利上げ織り込みが上昇。CME FedWatchで7/27時点の据置確率は65.7%、すなわち0.25%利上げ確率は約34.3%。7月中の推移は週次で12%→38%と急上昇した経緯があり、9月会合での利上げ確率は82%とされる。Warsh議長はインフレを2%目標に戻すと明言する一方、従来型のフォワードガイダンスを放棄しており会合前の情報が乏しい。6月CPI/PPIは鈍化した反面、エネルギー価格上昇によるインフレ再燃を理由に年内利上げを見込む予測も出ている。,neutral,チャネル: 3(金利・割引率)。当DBには7/30 03:00の会合イベントが「利上げ確率25%」として登録済みだが、その後の織り込み上昇(約34.3%)を反映するため、確率の再プライシング自体を別イベントとして捕捉する。決定でなく確率変化であること、および会合が未通過であることからneutralとする。判定の非対称性を明記する: 据置(約66%)は既に織り込み済みでpositiveサプライズになりにくい一方、利上げ(約34%)は long-duration の成長株にとって割引率の直接的な上方シフトとなる。すなわち期待値は中立でも分布は下方に歪んでいる。lesson照合: 過去lessonに「pricing済みのFOMCでもdissent構成が二次catalystになりneutral defaultは見直し候補」というものがある。Warshがフォワードガイダンスを放棄しているため、今回は声明文言とdissent構成の解釈余地が通常より大きいと見る。ポジション影響: SOXLロングにとって7/30 03:00 JSTは方向性を決める二値イベント。現在の半導体売りが半導体固有要因で進行している最中に金利チャネルが重なると下方向に増幅されうるため、会合結果を跨ぐポジションはサイズを事前に決めておく必要がある。,indirect,https://www.cnbc.com/2026/07/13/-a-july-rate-hike-from-the-fed-the-odds-are-rising.html,unreviewed,2026-07-28 19:56:05.169461,scan-market
348,2026-07-28 18:00:00+09,semiconductor,中国国産DUV報道に対しアナリストから定量的な反論が相次ぐ。SemiAnalysisはCNBCに対し「装置性能・装置自体の量産スケール・フリート性能・周辺エコシステム・償却済みASML機に対する採算の悪さ、すべてが中国DUVに不利」と指摘。Didier Scemamaは中国が来年20台を国産調達できてもASMLの売上減は約14億ユーロ=グループ売上の約2.4%に留まると試算し、脅威は「modest」・当日の下げは「魅力的な機会」と評価。中国最大手SMEEは28nm以下での量産実績を未提示。ODDO BHFのStephane Houriは「割り引いて受け止めるべきで、ごく低スペック帯に限られる可能性」と述べた。,neutral,チャネル: 4(通商・輸出規制)の同一ショックに対する規模の上限を与える情報。登録理由は、同じ7/27-28のDUV報道について弱気側の事実だけがDBに残ると非対称な記録になるため(K-056の逆方向枠の趣旨)。実質的な内容は、DUVショックが数量チャネル(装置需要の実際の代替)では売上の2.4%規模に留まるという定量的な上限であり、先に登録した中国DUV量産イベントで述べた「効くのは数量でなく評価倍率」という読みと整合する。impactをneutralとするのは、これが新たなショックでなく既存ショックの規模評価であること、および出所がsell-sideアナリストで構造的に強気バイアスを持つためである。割引材料: 同じsell-sideは7月を通じて一貫して押し目買いを推奨しており(AMAT -23%/LRCX -27%/KLA -28%が6/30以降に発生している)、推奨そのものは方向の証拠にならない。使えるのはSemiAnalysisの技術的指摘と2.4%という数量ベースの試算であって、投資判断部分ではない。ポジション影響: SOXLロングにとって、DUVを理由にした下げが数量根拠を欠くなら反発余地はあるが、7月の下げの主因はDUVでなくAI capexのROI懐疑(Channel 1/5)であり、DUVの否定はそちらを解決しない。この点を混同しない。,direct,https://www.cnbc.com/2026/07/28/china-chipmaking-duv-tool-asml-explained.html,unreviewed,2026-07-28 20:02:37.065203,scan-market
349,2026-07-29 06:45:00+09,geopolitical,Iran IRGC航空宇宙軍が弾道ミサイル4発をヨルダンの米空軍基地(Azraq近郊 Muwaffaq Salti と見られる)および米中央軍(CENTCOM)拠点へ発射(7/28 17:45 ET=7/29 06:45 JST)。CENTCOMは米・同盟軍の防空が全弾迎撃し死傷者・施設被害ゼロと発表。7/27に登録した「13夜で空爆停止・交渉再開」の小康を破る。米はサウジ軍と共同でイラク東部のIran系勢力の兵站・武器施設へ報復精密攻撃を実施(直近72時間でIRGC指揮下のドローン攻撃30件超への対応と説明)。,neutral,lesson照合: K-024(進行中戦争の反復イベント)および「迎撃成功パターン」に該当しneutralを既定とする。negative昇格の3条件(供給への実被害/米軍KIA/レジーム変化)のうち、全弾迎撃・死傷者ゼロ・施設被害ゼロで前2条件は満たさない。第3条件(レジーム変化)は「小康の終了」という状態反転に当たり判断が割れるが、報復側も既存の交戦サイクル内の精密攻撃に留まりneutral維持とした。チャネル: 確定6の(6)システミックrisk-off、および原油経由で(3)金利・割引率。帰属バイアス補正3点を適用: (1)VXN-VIXスプレッドは7/27時点28.65-18.67=9.98で極値継続=ストレスはテック/AI固有側にある。(2)時系列先行性=半導体売りは7/24(SOXX-4.40%)・7/27(-2.05%)・7/28(-4.80%)と本イベント(7/29 06:45 JST)より前に3営業日連続で発生済みであり、本イベントは半導体売りのdriverでない。(3)divergence交絡=7/28断面はSPY+0.24%>IWM+0.16%>QQQ-0.97%>SOXX-4.80%の単調序列で、広範risk-offでなく半導体固有と判定できる(K-055断面テスト)。よって本イベントは半導体売りの主因ではなく、独立した副次経路として原油に効く。ポジション影響: SOXLロングにとって直接の悪材料ではないが、原油上昇がFOMC(7/30 03:00 JST発表)のインフレ判断に効く経路が本命リスク。利上げ確率が既に3割超の局面でエネルギー価格上昇が重なるとlong-duration成長株の割引率チャネルで下押しとなりうる。逆にK-009型の反転(交渉再開の報)が出れば原油は急落しうるため、地政学単独でSOXLの方向を賭けない。,indirect,https://www.cnbc.com/2026/07/29/us-iran-war-hormuz-centcom.html,unreviewed,2026-07-29 17:12:14.855641,scan-market
350,2026-07-29 05:05:00+09,semiconductor,NXP Semiconductors Q2 2026決算(7/28引け後=7/29 05:05頃 JST): 売上$3.5B(前年比+19%、前期比+10%)で全エンドマーケット・全地域が成長。会社はSoftware-Defined Vehicles(車載ソフト定義)とPhysical AI(実世界AI)の強さを挙げ、データセンタが追加の成長エンジンとして立ち上がりと説明。Q3 2026ガイダンスは調整後EPS中値$4.11で市場予想$4.03を上回る。,positive,チャネル: 確定(1)AI compute需要。台帳の境界注記に照らし、個別企業の一般業績ではなく半導体総需要の増減シグナルとして扱う。売上+19%YoYかつ全エンドマーケット成長、Q3ガイドが市場予想超という内容自体は需要side(need)の硬さを示すためpositive。K-054のneed/return/price 3層分離を適用: 本イベントが証拠となるのはneed(数量)の層のみで、return(収益性)やvaluation(price)の層には何も言っていない。7月の半導体安の主因と見ているAI capexのROI懐疑は、需要数量の強さでは反証されない。ソース検証: NXP自社リリース(GlobeNewswire配信、Tier1)+ Yahoo Finance報道で確認。look-ahead排除: 本reasoningに発表後の値動きは一切使用していない(K-056)。ポジション影響: SOXLロングにとって、SOXX構成銘柄の需要ガイドが上振れたことは「需要崩壊による下げではない」という解釈を支持する。ただし車載・産業向けが主力のNXPはAIデータセンタ向けロジックの代表性が低く、AI capex懸念への直接的な反証にはならない。,direct,https://www.manilatimes.net/2026/07/29/tmt-newswire/globenewswire/nxp-semiconductors-reports-second-quarter-2026-results/2393515,unreviewed,2026-07-29 17:12:14.85706,scan-market
351,2026-07-27 00:00:00+09,market,AI設備投資の資金調達コスト上昇が表面化(CNBC 7/26 ET報道)。NvidiaとSpaceXが低利回りで起債した債券が流通市場で不調(価格が発行後に軟化)、Amazonは7月半ばの起債で同社基準では高い利回りを飲まされた。スプレッド拡大はデフォルト риск上昇を投資家が織り込んだことを意味する。neocloud勢は現行の$50B/GWという安値でも投資資金の確保に苦戦しており、Nvidiaが顧客への資金保証で直接関与を深めている。プライベートクレジットのAI関連向け残高はほぼゼロから$200B超へ急増、Morgan Stanleyは今後2年で追加$800Bのデータセンタ融資を見込む。,negative,チャネル: 候補チャネル「AI 融資・信用構造」(docs/event-channels.md)。確定6チャネルのどれにも当たらない: (5)ポジショニング(市場内部フロー)でも(3)マクロ政策金利でもなく、発行体固有のスプレッド拡大が資金コスト経由でcapex持続性を脅かす経路。K-054の3層分離ではreturn/資金の持続性の層に属し、need(数量)の層とは独立に効く。negative判定の根拠: 資金調達コスト上昇は強制的なcapex削減 → 半導体需要のエアポケットという伝播経路が台帳に想定済みで、本件はその経路の実データ(起債の実勢利回り・流通価格)である。lesson照合: 過去のneg→neu修正はいずれも戦時エスカレーション系(K-024/K-009)で、信用・資金調達カテゴリの修正前例はないため今回はnegativeを維持する。look-ahead排除: 半導体株の値動きを根拠にしていない。債券の流通価格は当システムのparquetに存在しない系列であり、ADR-034の除外条件3(価格系列から再導出可能)には該当しない。ポジション影響: SOXLロングにとって、7月の下げが「AI capexのROI懐疑」主導という見立てを需要面でなく資金面から補強する材料。capexガイドが維持されても資金コストが上がり続ければ将来のcapex実行力が削がれるため、7/30 05:00頃 JSTのMicrosoft/Meta決算ではcapex金額のガイドだけでなく調達手段(自己資金かデット依存か)にも注意する。,indirect,https://www.cnbc.com/2026/07/26/what-more-expensive-corporate-debt-could-mean-for-the-ai-buildout.html,unreviewed,2026-07-29 17:12:14.857935,scan-market
352,2026-07-30 05:05:00+09,semiconductor,Microsoft(FY26 Q4)とMeta(2026 Q2)が7/29米引け後に決算発表(=7/30 05:05頃 JST、Metaの電話会議は16:30 ET=05:30 JST)。市場予想はMicrosoftがEPS$4.24(前年比+16%)・売上$87.62B(+約15%)、MetaがEPS$7.18・売上$60.22B(+約27%)。最大の注目点は業績でなくAI設備投資ガイドの維持可否で、2026年のhyperscaler capexコンセンサスは$384B→$682B(+約$300B)、2027年は$878Bへ増加が織り込まれている。,neutral,チャネル: 確定(1)AI compute需要。hyperscalerのcapexガイドは台帳が定義する「AIインフラ投資の総量シグナル」そのもので、capex拡大=positive方向/天井・減速シグナル=negative方向。本イベントは結果未発表の予定カタリストとして登録するためimpact=neutral(結果判明後にRESULT イベントを別途起票する運用、7/23 Alphabet・7/24 Intelと同じ形式)。look-ahead排除: 結果を知らない時点での登録であり、realized priceは一切参照していない。ソース検証: Meta自社IRリリース(Tier1)が7/29引け後・16:30 ET電話会議を明示、S&P Global Market Intelligenceのプレビュー(Tier2)で予想値を確認。ポジション影響: 7月の半導体安の主因と見ている「AI capexのROI懐疑」に対する直接の答え合わせ。capexガイド維持または上方修正ならSOXLロングに追い風、減速示唆なら7月の下げの正当化となり追加下押し。保有4株はFOMC(7/30 03:00 JST)の約2時間後にこのイベントを迎えるため、同一夜に2つの独立カタリストを跨ぐ構成になる点をサイズ判断で考慮する。,direct,https://investor.atmeta.com/investor-news/press-release-details/2026/Meta-to-Announce-Second-Quarter-2026-Results/default.aspx,unreviewed,2026-07-29 17:12:14.858568,scan-market
353,2026-07-27 16:00:00+09,semiconductor,"中国最大のDRAMメーカー 長鑫存儲(ChangXin Memory Technologies, CXMT、合肥)が上海証券取引所STAR Marketに上場し、初日終値が公開価格比+466%。時価総額は3.28兆元(約$484.6B)で中国本土上場企業として最高値。IPOでは66.88億株を8.66元で売り出し579.2億元(約$8.56B)を調達し、2026年のアジア最大・STAR Market史上最大の半導体上場・2010年の中国農業銀行以来中国本土で2番目に大きいIPOとなった。初日売買代金は1,400億元超で、本土株として初めて単日1,000億元を突破。始値49.50元に対し公開価格8.66元。調達資金の使途はDRAM生産能力の拡張。",negative,チャネル: 確定(2)メモリ/HBM需給。台帳の定義「DRAM・HBMの増産/減産、価格、在庫、歩留まり」に直接該当する。イベント内容それ自体(競合が$8.56Bの新規資本をDRAM増産目的で調達し、資本市場が中国DRAMに$484.6Bの評価を付けた)が将来のDRAM供給増を意味し、メモリ価格・Micron/SK Hynix/Samsungのマージンに対する構造的な下押し要因となる。副次的に確定(4)通商・輸出規制にも触れる可能性がある(米議会側の反応が報じられているがTier3ソースのみのため本reasoningでは根拠に採用しない)。lesson照合: 過去のnegative→neutral修正は全て戦時エスカレーション系(K-024/K-009)であり、競合参入・供給構造カテゴリの修正前例はない。よってnegativeを維持する。look-ahead排除(K-056): 本reasoningは調達額・評価額・資金使途という発表内容のみに基づき、上場後の半導体株の値動きを根拠にしていない。帰属上の位置づけ: 7月の半導体安には既登録の(a)AI capexのROI懐疑と(b)中国国産液浸DUV量産があるが、本イベントは(b)とは別チャネルである。(b)は露光装置(Channel 4寄り、ASML直撃)、本件はメモリ(Channel 2、Micron/SK Hynix/Samsung直撃)で、被弾する銘柄群が異なる。技術的主張の真偽が争点である(b)と違い、本件は実際に払い込まれた調達額という反証しにくい事実である点で確度が高い。ポジション影響: SOXLはメモリ比率を持つため直接の逆風。SOXLロングにとって、7月の下げを「AI capex懸念が晴れれば戻る」と読むのは誤りで、メモリ供給構造という独立した第3の要因が残る。逆にAI capexガイドが良好でもメモリ側の圧力は解消しないため、7/30 05:05 JSTのMicrosoft/Meta決算は本チャネルの答え合わせにはならない。,direct,https://www.scmp.com/tech/big-tech/article/3361926/chinas-cxmt-shares-rise-472-star-market-debut-valuing-dram-maker-us489-billion,unreviewed,2026-07-29 19:09:03.744158,scan-market
354,2026-07-30 03:00:00+09,fed,FOMC 7/28-29 RESULT: FF金利を3.50-3.75%に5会合連続で据置。ただし採決は9-3で、Hammack(Cleveland)・Kashkari(Minneapolis)・Logan(Dallas)の地区連銀総裁3名が「0.25%の利上げ」を主張して反対票。声明文は従来より大幅に短く、Warsh議長のフォワードガイダンス忌避姿勢を反映。景気判断は「堅調に拡大」、中東紛争を不確実性要因として明記。設備投資と生産性の伸びは強いとした。,negative,"チャネル: Fed/割引率。据置自体は織り込み済みだが、5会合連続据置の局面で3名が「利上げ」方向へ反対したという構成は、次回会合の利上げ確率を押し上げる方向に働く。長久期のAI・半導体キャッシュフローは割引率上昇に対する感応度が最も高いセクターであり、SOXLロングには逆風。lesson照合: 過去lesson「FOMC dissent構成は pricing済み rate decision の二次catalyst」(4/29 FOMC, neutral->positive修正)を適用。ただし当時のdissentはcut派でrisk_on側に重みが乗るケースだった。今回はdissentの向きが逆(利上げ主張)であり、同じlessonを対称に適用すればrisk_off側に重みが乗る。よってneutralでなくnegativeを維持する。SOXLロングなら割引率チャネル経由で逆風、SOXSは当面不使用(ADR-028)。",indirect,https://www.federalreserve.gov/newsevents/pressreleases/monetary20260729a.htm,unreviewed,2026-07-30 21:05:58.558544,scan-market
355,2026-07-30 05:05:00+09,semiconductor,Microsoft FY2026 Q4 RESULT (7/29米引け後=7/30 05:05頃 JST): 売上$90B(前年比+18%、LSEG予想$87.6Bを超過)、調整後EPS $4.74(+30%)。Azureの為替中立ベース成長率は+43%でFactSet予想40.26%を上回った。CY2026のcapex計画は据置(ファイナンスリースからオペレーティングリースへの会計変更により表示上は$190B->$175Bへ調整)。,positive,チャネル: AI設備投資(need)。7月の半導体売りの主因と位置づけてきた「AI capexのROI懐疑」(K-052関連、Intel Q2でcapex引上げ＋Foundry大口顧客不在が反落を招いた構図)に対する直接の反証データ。Azureが予想を約3ポイント上回る成長を示したことは、hyperscalerのcapexが収益に転換していることを意味し、K-054のneed/return分解でいえばreturnの側に肯定的な材料が出た初めての事例。capex計画据置は、需要数量(=チップ発注)を減らさずに規律を示した形。SOXLロングには追い風。lesson照合: 個別銘柄の決算をセクター全体へ拡大解釈しない(WFC lesson: 「個別銘柄影響」と「指数影響」を分離)。ただしMicrosoftはhyperscaler capexの最大手であり、半導体需要への波及はNII missのような個社要因とは伝播経路が異なるためrelevance=directを維持する。同日のMetaが逆方向の材料を出しており相殺関係にある。,direct,https://www.cnbc.com/2026/07/29/microsofts-ai-spending-guide-is-music-to-our-ears-quieting-the-bears-for-now.html,unreviewed,2026-07-30 21:05:58.560208,scan-market
356,2026-07-30 05:05:00+09,semiconductor,Meta Platforms 2026 Q2 RESULT (7/29米引け後=7/30 05:05頃 JST): 売上$60.801B(+28%)だが純利益$15.848B(前年比-14%)・EPS $6.18(-13%)と減益。2026年通期capexガイダンスを$125-145Bから$130-145Bへ、下限を引き上げる形で範囲を絞った。Q3売上見通しは$61-64B。フリーキャッシュフローの縮小が指摘された。,neutral,チャネル: AI設備投資(need)とAI融資・信用構造の両方に同時に当たるが、向きが逆。K-054のneed/return/price分解を適用すると、(1)need=capex下限の引上げはチップ発注数量が減らないことを意味し半導体には順方向、(2)return=売上+28%に対し純利益-14%・FCF縮小は、支出が利益に転換していないことを示し逆方向。同じ決算が需要数量と収益性で反対の符号を出しているため、単一チャネルへ帰属せずneutralとする(ADR-034 Standard層: 迷えばneutralで捕捉)。なお同日のMicrosoftはreturn側に肯定的な材料を出しており、「AI capexのROI」という論点は2社で割れた=決着していない。SOXLロングにとっては、数量は守られたが資金の持続性に関する疑問は解消していない。,direct,https://www.cnbc.com/2026/07/29/meta-q2-earnings-report-2026.html,unreviewed,2026-07-30 21:05:58.560782,scan-market
357,2026-07-30 09:00:00+09,geopolitical,米軍がIranへの空爆を再開(7/29 20:00 ET=7/30 09:00 JST開始)。US Central Commandは「heavy wave of strikes」を完了したと発表。Iran国営メディアによればBandar Abbasやペルシャ湾のKish島を含むIran南部各地で爆発音。7/28にIranが弾道ミサイルで在ヨルダン米軍基地を攻撃(全弾迎撃)したことへの報復で、Trumpは事前に「our turn(今度はこちらの番)」と表明していた。7/27に13夜で停止していた空爆の再開。,neutral,チャネル: 地政学->原油->インフレ(Fed経由)。lesson照合: K-024(進行中の戦争におけるミサイル交換・空爆の繰り返しイベント)に該当し、neutralをデフォルトとする。また過去lesson「US proactive actionでもde-escalation pivot並走時はnegative transient、negative維持は(a)物理損傷+(b)外交fallout継続の場合のみ」を照合。今回は空爆対象がBandar Abbas(Hormuz海峡に隣接)を含む点で供給インフラへの近接性は高いものの、石油供給設備への実被害は確認されておらず、(a)を満たさない。よってneutralを維持する。ただしHormuz再開放(7月初にEIAが生産見通しを上方修正)を巻き戻す事象が起きれば、原油->期待インフレ->割引率の経路で半導体にも波及しうるため、Bandar Abbas周辺の供給設備被害の有無を次回スキャンで確認する。SOXLロングへの影響は現時点で間接的。,indirect,https://www.cnn.com/2026/07/29/world/live-news/iran-trump-news,unreviewed,2026-07-30 21:05:58.561369,scan-market
358,2026-07-30 21:30:00+09,fed,6月PCE(個人消費支出物価指数)と2026年Q2 GDP速報が、7/30 08:30 ET(=21:30 JST)にBEAから同時発表される予定。コアPCEの直近値は前年比3.4%で約3年ぶりの高水準にあり、事前予想は鈍化方向(Morningstar)。FOMC(7/29 14:00 ET)の18時間後に、FRBが重視するインフレ指標と成長率の実測値が同時に出る構成。,neutral,チャネル: Fed/割引率。発表前のため方向は未定でneutral。重要なのは、7/29 FOMCで3名が利上げを主張して反対票を投じた直後に、その主張の根拠を検証する指標が出るという時系列関係。コアPCEが3.4%から鈍化すれば利上げ派の主張は弱まり割引率チャネルの圧力が緩む一方、横ばい以上なら次回会合の利上げ確率がさらに上昇する。同時刻にQ2 GDP速報も出るため、インフレと成長の組み合わせで解釈が変わる(高成長+高インフレ=利上げ観測強化、低成長+高インフレ=スタグフレーション懸念)。SOXLロングは長久期資産として割引率感応度が高く、この2指標の組み合わせが直接効く。ADR-034: 発表済みでない予定イベントの登録は、次セッションの再評価タイミングを固定する用途で行う(FOMC preview と同じ扱い)。,indirect,https://www.bea.gov/data/personal-consumption-expenditures-price-index-excluding-food-and-energy,unreviewed,2026-07-30 21:05:58.561945,scan-market
359,2026-07-30 05:00:00+09,semiconductor,Lam Research 2026年6月28日締め四半期(FY26 Q4) RESULT (7/29米引け後=7/30 05:00頃 JST): 売上$6.72B・非GAAP希薄化EPS $1.82・非GAAP粗利率52.0%・非GAAP営業利益率38.4%がいずれも同社の記録更新。GAAP EPS $1.81、GAAP粗利率51.7%。繰延収益は3月期末$2.22Bから$2.43Bへ増加。通期(FY2026)売上$23.2BでFY2025比+41%。同社はカレンダー2026年のWFE(前工程製造装置)市場見通しを従来の$140B(上方バイアス付き)から**低位$150B台へ引上げ**。NAND向け売上は前期比で倍増、DRAM/NANDともビット需要が40%超で推移。Tim Archer CEOは「AI主導の需要が半導体産業を作り変え続ける中で記録的な四半期を達成した」と説明。前回スキャン(7/30 21:06 JST)の対象期間内に発生していたが取りこぼしたため今回さかのぼって登録する。,positive,[チャネル] 確定チャネル1(AI compute需要)＋確定チャネル2(メモリ/HBM需給)。WFE市場見通しの$140B→低位$150B台への引上げは、個社業績ではなく前工程装置投資の*総量*シグナルであり、チャネル1の境界注記「capex拡大=positive方向」に合致する。NAND売上の前期比倍増とDRAM/NANDビット需要40%超はチャネル2のメモリ固有需給の逼迫側シグナル。[K-054による分離] WFE引上げはneed(数量)の硬さの証拠。ただし2026-07-23のIntel決算では売上$16.1B(+25%)・DCAIサーバ+59%でbeatしながらcapexを$20B超へ引上げた点が嫌気されており、「capex引上げ=半導体株positive」は自動的には成立しない。本件がIntel事例と構造的に異なるのは、Intelが自社の*支出*を増やす半導体メーカーであるのに対し、Lamは他社の装置投資を*受注*する側であり、WFE見通し引上げは同社にとって収益の先行指標である点。さらにreturn(収益性)側も非GAAP粗利率52.0%・営業利益率38.4%とガイダンス上限超えで伴っており、need単独の話ではない。[lesson照合] positive付与のため、negative→neutral系の過去lessonは直接該当しない。ただし「個別銘柄影響とセクター/指数影響を分離せよ」(Wells Fargo NII lesson)を適用すると、Lam単体の記録更新は個社要因である一方、WFE市場全体の見通し引上げは業界横断の指標であり、positiveをセクター全体へ及ぼす根拠は後者にある。[ポジション影響] SOXLロングならpositive(製造装置は半導体設備投資サイクルの上流指標)。SOXSならnegative。ただしSOXX構成でLRCXのウェイトは限定的なため、効き方は個社株価でなくWFE見通し引上げが業界全体の投資計画期待を押し上げる経路。[検証レベル] Tier1(Lam Research公式ニュースルーム press release、7/29付)で売上・EPS・利益率・繰延収益を確認。WFE見通しの$140B→低位$150B台はTier2/3複数媒体(Investing.com掲載の会社スライド解説、TechTimes、Invezz、TheStreet)が一致して報じており、数値の相互一致を確認済み。,direct,"https://newsroom.lamresearch.com/2026-07-29-Lam-Research-Corporation-Reports-Financial-Results-for-the-Quarter-Ended-June-28,-2026",unreviewed,2026-07-31 21:56:59.547707,scan-market
360,2026-07-30 21:30:00+09,fed,6月PCE + 2026年Q2 GDP速報 RESULT (7/30 08:30 ET=21:30 JST、BEA): PCE価格指数は前年比+3.7%、コアPCEは前年比+3.3%(前月比+0.1%)で、いずれも市場予想と一致。エネルギー財・サービス価格は6月に-5.9%、ガソリンは-9.2%と下落し、これが総合の減速に寄与した。Q2 GDP速報は年率+1.5%で市場予想(+1.8%)を下回った。下振れ要因は連邦政府支出の減少と在庫で、家計支出は名目+0.3%・実質個人消費(real PCE)は+0.4%と底堅い。7/29 FOMCが9対3(Hammack/Kashkari/Loganが**利上げ**を主張して反対票)で据置を決めた直後の統計。,neutral,[チャネル] 確定チャネル3(金利・割引率)。台帳の境界注記どおり、統計の*結果*そのものでなく政策パスへの含意で判定する。[判定根拠] コアPCE前年比3.3%は予想一致で上振れがなく、利上げ論拠を新たに強める材料は出なかった。GDPは予想割れだが内訳が連邦政府支出と在庫という一過性/非民需の項目で、実質個人消費は+0.4%と底堅いため景気後退シグナルとしても読めない。すなわち「利上げ側のテールをこれ以上膨らませない」が「利下げ再開を促す」ほどでもない、政策パスに対して中立的なプリント。[lesson照合] 過去に「FOMC 4/29: dissent構成はpricing済みdecisionの二次catalystであり、surprise余地ゼロでもdissent解釈でsentimentが動くためneutral→positiveへ修正」というlessonがある。このlessonの射程はdissent構成の変化であって、統計のin-lineプリントではない。今回はdissentイベント(7/29 FOMC)とは別個の統計発表であり、lessonをそのまま適用してpositiveへ引き上げる根拠にはならないためneutralを維持する。[ポジション影響] SOXLロングなら割引率経由の追い風・向かい風いずれも限定的で、この統計単独でポジションを動かす材料ではない。効くとすれば次回FOMCまでの利上げ織り込み(CME FedWatch)の推移を通じた間接経路。SOXSでも同様に中立。[検証レベル] CNBC(Tier2)がコアPCE 3.3%・Q2 GDP 1.5%を報道。Q2 GDPの市場予想はCNBC系が+1.8%、InvestingLiveが+2.1%と食い違うため、「予想を下回った」という方向のみを事実として採用し、乖離幅は確定させない。,indirect,https://www.cnbc.com/2026/07/30/us-economy-slowed-to-1point5percent-growth-rate-in-q2-june-core-inflation-at-3point3percent.html,unreviewed,2026-07-31 21:56:59.55001,scan-market
361,2026-07-31 05:05:00+09,semiconductor,Amazon 2026 Q2 RESULT (7/30米引け後=7/31 05:05頃 JST): 売上$200.6Bで予想超過。AWS売上は前年比+37%の$42.2Bで、市場予想の+31%を大きく上回り2021年以来の最速成長。AWSの受注残(backlog、未計上の契約済み案件)は$496B。当四半期の設備投資は$54.2B(前年同期$32.1B)。Andy Jassy CEOは**2026年通期の設備投資見通しを従来の$200Bから$220Bへ引上げ**、理由としてメモリ半導体の価格上昇を挙げた。Jassyは「その金額でも2026年の需要すべてを賄う容量には届かず、2027年も同じ状況が続くと考える」と説明。,positive,[チャネル] 確定チャネル1(AI compute需要)が主、確定チャネル2(メモリ/HBM需給)が副。hyperscalerの通期capexガイダンス引上げ($200B→$220B)はAIインフラ投資の*総量*シグナルそのもので、チャネル1の境界注記「capex拡大=positive、天井/減速シグナル=negative」に直接該当する。引上げ理由がメモリ価格上昇である点はチャネル2の需給逼迫を裏づける。backlog $496Bは需要が受注として契約済みであることの証拠で、ガイダンスの裏付けとなる。[K-054による分離] capex引上げはneed(数量)の硬さの証拠であり、AI投資のreturn(収益性)を証明するものではない。ただしAmazonは半導体の*買い手*であり、自社capexの増加は半導体メーカーにとって需要の増加を意味する。これは2026-07-23のIntel(半導体メーカーが自社capexを$20B超へ引上げ→自社のコスト増として嫌気された)とは符号が逆であり、Intel事例の「capex引上げが売られた」パターンをそのまま当てはめてはならない。[lesson照合] negative→neutral系lessonは方向が逆で直接該当しない。「個別銘柄影響と指数影響を分離」(Wells Fargo NII lesson)を適用すると、AMZN個社の株価反応と半導体セクターへの含意は別物であり、positiveの根拠は前者でなく後者(半導体の最終需要家が購入計画を$20B積み増した事実)に置く。[ポジション影響] SOXLロングならpositive。特にメモリ価格上昇を理由とした引上げはメモリ関連(Micron、SK Hynix、Samsung)経由でSOXX構成に効く経路。SOXSならnegative。ただしcapexガイダンスは実際の発注に落ちるまでラグがあり、四半期単位の受注データで裏づけが取れるまでは期待先行の部分が残る。[検証レベル] CNBC(Tier2、Amazon Q2 earnings reportおよびAWS earnings記事)とaboutamazon.com(Tier1、Jassy本人のQ2解説)の双方で確認。設備投資$54.2B/$32.1BおよびAWS +37% vs予想+31%はCNBCの数値。,direct,https://www.cnbc.com/2026/07/30/amazon-amzn-q2-earnings-report-2026.html,unreviewed,2026-07-31 21:57:46.096692,scan-market
362,2026-07-31 05:30:00+09,market,Apple FY2026 Q3 RESULT (2026年6月27日締め、7/30米引け後=7/31 05:30頃 JST): 売上$109.4Bで前年比+16%。iPhone・Mac・サービスの3部門が6月期の売上記録を更新し、全地域で2桁成長。希薄化EPS $2.02(前年比+29%)。粗利率50.1%。ただし粗利率には**関税還付による約2%ポイントの押し上げ**、EPSには同$0.11の押し上げが含まれる。Tim Cook CEOは「過去最強の6月期」と表現。,neutral,[チャネル] 確定チャネル4(通商・輸出規制)に部分的に該当。粗利率50.1%のうち約2%ポイント・EPSのうち$0.11が関税還付由来であり、半導体派生製品にかかる関税の実際のコスト影響が企業損益として定量化された事例。ただしチャネル4の境界注記は「半導体・製造装置・派生製品に触れるものに限る」であり、Apple全体の業績は半導体需要への直接シグナルとしては薄い。チャネル1(AI compute需要)には該当しない(AppleはhyperscalerのようなAIインフラcapexの主体ではない)。[ADR-034 Standard層による判断] 確定チャネルに綺麗には当たらないが、(1)伝播経路は関税還付の実額という形で想定できる、(2)波及先はSOXX構成銘柄への間接影響、(3)価格系列から再導出できる事実ではない(関税還付の内訳はparquetにない)、(4)既存イベントと重複しない、を確認。「迷えばimpact=neutral・低relevanceで捕捉する(非捕捉は復元不能、捕捉はdismissで可逆)」に従いneutral/backgroundで登録する。[lesson照合] 「NII miss等の個別銘柄negativeはセクター全体センチメント転換ではない。個別銘柄影響と指数影響を分離せよ」(Wells Fargo lesson)を適用。Appleの好決算をそのまま半導体セクターpositiveへ変換しない。[ポジション影響] SOXLロングへの直接影響はほぼない。意味があるとすれば関税還付が続く前提が崩れた場合(Section 232 Phase 2でメモリ・製造装置・サーバ等へ対象が拡大する案が報じられている)に、コスト増が派生製品側に出る経路。その時点で改めてチャネル4のイベントとして評価する。[検証レベル] Tier1(Apple公式ニュースルーム「Apple reports third quarter results」)およびSEC Form 8-Kで確認。,background,https://www.apple.com/newsroom/2026/07/apple-reports-third-quarter-results/,unreviewed,2026-07-31 21:57:46.098055,scan-market
363,2026-07-31 00:00:00+09,geopolitical,米・Iranが7/30(木、米東部時間)日中に相互にミサイルの一斉射撃を実施し、戦闘が周辺国へ拡大。米中央軍(CENTCOM)はX(旧Twitter)への投稿で、米軍・アラブ諸国の同盟国・地域の商業船舶へのIranの脅威能力を削ぐことを目的に、木曜未明の作戦でIranの軍事目標数十か所を攻撃したと発表。ヨルダンは2日連続でIranのミサイルを迎撃したと表明。Kuwaitは同国北部への着弾で1名が死亡したと発表。Iran外務省は「米との交渉は現在行われていない」「Tehranは戦争と平和のタイミングを米国に決めさせない」と表明。これは既登録の「米軍がIranへの空爆を再開(7/30 09:00 JST)」の同一戦闘サイクルの続報であり、新規の事実は交戦の地理的拡大(Kuwaitでの死者1名、ヨルダンの2日連続迎撃)。注: 時刻は7/30 ET日中という日単位の情報しか特定できないため、7/31 00:00 JST(=7/30 11:00 ET)を暫定アンカーとする。,neutral,[チャネル] 確定チャネル6(システミックrisk-off)。半導体固有ではなく、地政学エスカレーションが市場全体のrisk-off経由で高betaの半導体に波及する経路。[lesson照合] K-024(進行中の戦争における反復的なミサイル交換・空爆)に該当し、スキル規定の「impact=neutralをデフォルトとする」対象。さらに「迎撃成功パターン」(ヨルダンの2日連続迎撃)も明示的にneutral側の類型として列挙されている。過去lessonでも「US Navy駆逐艦のIran籍貨物船拿捕」がnegative→neutralへ修正され、「negative維持は(a)物理損傷+(b)外交fallout継続の場合のみ」と範囲が限定されている。[negativeにしない理由] スキル規定でnegativeにするのは「供給に実被害があった場合、米軍KIA発生、レジーム変化を伴うイベント」に限られる。本件のKuwaitでの死者1名は民間/現地の被害であり米軍KIAではない。エネルギー供給設備への実被害の報告は本件では確認できていない。ヨルダンの迎撃は成功。よってneutralを維持する。[negative側の留保] 交戦が周辺国(Kuwait、ヨルダン)へ地理的に広がっている点はK-024の「同じことの繰り返し」から逸脱する方向の変化であり、Gulf産油国の生産・輸出設備に実被害が出た時点でチャネル3(原油経由)へ格上げして再評価する。[ポジション影響] SOXLロングなら、この単独イベントでの想定影響は小さい。SOXS(現在は当面使わない方針)でも同様。注視すべきはイベント自体でなくHormuz海峡の通航量とGulf産油設備の稼働で、そこに被害が出た場合のみチャネル3経由でインフレ→政策パスに効く。[検証レベル] Bloomberg(Tier2、7/30付「US Launches New Strikes on Iran After Missile Attack on Military Base」)とWashington Times(Tier2、7/30付)の2つの独立ソースで交戦・ヨルダン2日連続迎撃・Kuwaitの死者を確認。CENTCOMの作戦発表はTier1(米中央軍公式X投稿)をBloomberg経由で確認。,background,https://www.washingtontimes.com/news/2026/jul/30/us-iran-trade-missile-barrages-hopes-dim-fast-resolution/,unreviewed,2026-07-31 21:58:47.244955,scan-market
364,2026-07-27 12:00:00+09,oil,サウジアラビアのAramco Abqaiq(アブカイク)原油処理施設がドローン攻撃を受けた(2026-07-27)。Abqaiqは世界最大の原油安定化・処理施設で処理能力は日量約700万バレル。サウジ国防省報道官 Turki al-Malki少将は、ドローンは「Iran支援の武装組織」により「イラク領空から」発射されたとし、王国は「適切な時と場所で対応する権利を留保する」と表明。イエメン軍報道官 Yahya Sareeは7/27(月)に、サウジのドローンによるイエメン領空侵犯への報復として実行したと主張しており、攻撃主体の説明は双方で食い違う。注1: 損傷規模について「6ユニット中4ユニットが被弾」「Sentinel-2衛星画像で甚大な損傷」とする報道があるが、これらはTier3ソース(RT、SouthFront、theinteldrop)のみで、Tier1-2では裏が取れていない。Aramcoまたはサウジ政府による生産量への影響の公式確認も確認できていない。注2: 時刻は日単位の情報しか特定できないため7/27 12:00 JSTを暫定アンカーとする。注3: 前回スキャン(7/30 21:06 JST)でTier1-2が1ソースのみのため見送り、次回再確認とされた案件の再評価。,neutral,"[チャネル] 確定チャネル3(金利・割引率)への原油経由の入力、および確定チャネル6(システミックrisk-off)。Abqaiqは単独で世界供給の5-7%相当を処理するため、実被害が確認されれば原油→インフレ→政策パスの経路が発火しうる。[neutralとする理由] スキル規定でnegativeにするのは「供給に実被害があった場合」だが、実被害の規模を主張しているのはTier3ソースのみで、Tier1-2で確認できるのは(1)攻撃が発生した事実、(2)サウジがIran支援組織・イラク領空からと帰属したこと、(3)サウジが報復の権利を留保したこと、の3点に留まる。Aramcoの減産・輸出停止の公式確認が取れない以上、「供給に実被害」の条件を満たしたと判定できない。ADR-034 Standard層の「迷えばimpact=neutral・低relevanceで捕捉する」に従う。[lesson照合] 「Saudi/UAE/カタール防空による攻撃迎撃」はneutral類型だが、本件は迎撃成功ではなく着弾しているため、その類型には当てはまらない。一方、2026-04-10に既登録の「Saudi East-Westパイプライン+Manifa+Khurais被攻撃」では生産量-600,000bpdという定量的な被害が確認されており、本件はその水準の裏づけが無い点で明確に異なる。[整合性の留保] 本件の直後にHormuz海峡の通航量回復が報じられており(未登録、単一報道機関のため見送り)、Abqaiqが甚大な損傷を受けたとする主張と、供給懸念が後退しているとする観測は整合しにくい。この不整合自体が、Tier3の損傷規模主張を鵜呑みにできない傍証となる。[ポジション影響] SOXLロングへの現時点の想定影響はほぼない(background)。Aramcoまたはサウジ政府が減産・輸出への影響を公式に確認した場合に限り、原油→インフレ→FRBの利上げ圧力という経路でチャネル3のnegativeへ格上げする。その場合はレバレッジ半導体ロングに割引率経由で向かい風。[検証レベル] The National(Tier2、2026-07-27付、サウジ国防省al-Malki少将の声明)とThe Times of Israel(Tier2、イスラエル・サウジ・ヨルダン・イラクへのドローン攻撃を報道)の2つの独立したTier2ソースで攻撃の事実と帰属を確認。損傷規模はいずれも未確認として扱う。",background,https://www.thenationalnews.com/news/gulf/2026/07/27/saudi-arabia-drone-attacks-iraq/,unreviewed,2026-07-31 21:58:47.246871,scan-market
365,2026-08-02 10:00:00+09,geopolitical,"Trump が予定していた対Iran攻撃を中止し、戦争終結の「outlines of a deal」に中東の同盟国が到達したと発表 (8/1 土 夕方 ET の Truth Social 投稿 = 8/2 朝 JST、時刻は暫定アンカー)。deal には Hormuz 海峡の「Immediate, Complete, and Total OPENING」とIran の核脅威終結を含むとし、米Iran交渉を 8/3 月曜に再開すると表明。直前にサウジ皇太子 MBS・UAE・カタールが Trump に自制を要請。一方 Iran 外務省報道官 Baqaei は 8/2 日曜のTVで「いかなる状況でも」Hormuz は戦前の状態に戻らないと述べ、一時停戦と引き換えの Hormuz 再開も拒否。Iran 側は「攻撃中止を要請した」「Hormuz 管理分割に合意した」事実を否定。",neutral,チャネル帰属: 主 Channel 6 (システミック risk-off の巻き戻し)、副 Channel 3 (原油下落→インフレ期待低下→割引率)。半導体固有チャネル (1/2/5) には触れない。lesson照合: 過去2件の修正パターンが直接該当する — (1)「Iran offers Hormuz Strait reopen deal」positive→neutral (提案単独でpositiveとせず、Trump追加rhetoric 24-48h確認後にimpact確定すべき)、(2)「Iran外相Araghchiが Hormuz 全面開放を公式宣言」positive→neutral (Iran diplomatic声明は24h反転リスク高、initial価格反応をstructural changeと誤認しない)。今回も同じ条件が揃う: (a) 合意は「outlines / perimeters」段階で文書化されていない、(b) Iran 側が公式に否定・条件付けしており両者の主張が食い違う、(c) Washington Times/CBS が「Trump は 2/28 の開戦以降に複数回 strike 停止を発表したが、その都度崩れて戦闘が再開した」と報じており K-009 (期限付き脅迫→実行なし→修辞パターン) の反復に該当する。よって neutral を採用する。negative化の条件 (供給への実被害・米軍KIA・レジーム変化) にも該当しない。ポジション影響シナリオ: SOXL ロングなら地政学プレミアム剥落は追い風だが、半導体は Channel 6 経由の indirect でしか繋がらないため単独ではエントリー根拠にならない。交渉決裂・攻撃再開の報が出れば原油急反発と risk-off で往復させられる側になるため、この材料を主因にサイズを積むのは 24-48h の反転リスクを踏む。SOXS は当面不使用 (ADR-028) のため該当なし。検証レベル: Washington Post・CNBC・Bloomberg・ABC News・CBS News・Al Jazeera・The National の複数 Tier-2 で確認。Iran 側の否定は Times of Israel・ABC ライブ更新で確認。,indirect,https://www.washingtonpost.com/politics/2026/08/01/iran-war-trump-saudi-crown-prince-call/4d8ae15c-8e13-11f1-8912-d71e69d679d7_story.html,unreviewed,2026-08-03 17:48:49.926265,scan-market
366,2026-07-31 15:30:00+09,semiconductor,"[BACKFILL: 7/31 15:30 JST の韓国市場引け。前回スキャン (7/31 21:59 JST) の窓内だが未登録だった] KOSPI が 1,001.89 ポイント高 (+17.91%) の 6,595.45 で引け、指数・率ともに史上最大の日次上昇。Samsung Electronics と SK Hynix が揃って約 +30% と単日で過去最大の上昇率。外国人投資家が KOSPI を 7.25兆ウォン (約$5.06B) 買い越し (直前は大幅売り越し)。きっかけは 7/30 の Philadelphia Semiconductor Index +8.2% と、Amazon Q2 の AWS +37%・年間 capex $220B 引き上げ (peak AI spending 懸念への反証)。SK グループ会長 Chey Tae-won による SK Hynix 株の自社買い increase も信認材料と報じられた。ただしこの急騰は「2008年以来最悪の月」となった7月の KOSPI と、直前3日間の -18% 急落を背景にした short covering 主導の戻りと位置づけられている。",neutral,"チャネル帰属: 主 Channel 5 (ポジショニング・流動性) — short covering と外国人フローの反転であり、新規の需要触媒ではない。副 Channel 1 (AI compute 需要) は Amazon capex $220B が既登録イベントとして先行しており、このKOSPI急騰はその二次反応にあたる。lesson照合: 「4/15 Nikkei 225終値 +1%…半導体」で positive→neutral に修正された K-034 パターンが直接該当する (Asia close を SOXL/TECL の positive entry signal として使うのは day1 では誤り。pre-event positioning は当日 SOX の positive lift を保証しない)。今回はその極端版で、Asia 側の上昇率が記録的であるほど短期の巻き戻し余地も大きくなるため、positive を付けずに neutral とする。ポジション影響シナリオ: SOXL ロングなら「アジアが記録的に上げたから米国も上げる」という読み替えは K-034 が否定済みで、これを寄付き前のエントリー根拠に使わない。むしろ short covering 主導の戻りは供給された買いが枯れた時点で失速しうるため、この材料は sizing を積む理由にならない。検証レベル: The Korea Herald・KED Global (韓国経済新聞)・Seoul Economic Daily・Benzinga の複数ソースで指数値 6,595.45 と +17.91% が一致。",direct,https://www.koreaherald.com/article/10827411,unreviewed,2026-08-03 17:48:49.929597,scan-market
367,2026-08-03 15:30:00+09,semiconductor,"KOSPI が 8/3 (月) に -4.88〜5.13% の 6,273 近辺まで下落し、7/31 の史上最大上昇を大きく吐き出した。Samsung Electronics と SK Hynix がともに -8〜9%。両社で KOSPI 時価総額の半分超を占める。KOSDAQ はボラティリティ拡大で sidecar が発動。報道された下落要因は (1) AI バリュエーションへの懸念が地政学の安堵を上回った、(2) レバレッジをかけた半導体トレードの手仕舞い・信用取引の縮小、(3) ウォン高 (7月に対ドル +8% 超、2009年3月以来最大の月間上昇)、(4) 中国の半導体競争。同時刻に米株先物は Iran 情勢の緩和で S&P500 +0.63%・Nasdaq100 +0.59%・Dow +0.49% と上昇しており、半導体固有の売りとマクロの risk-on が逆方向に動いている。日経225 -0.94%、中国 CSI300 -0.57%、香港ハンセン +0.55%、豪 ASX200 +0.47%。",negative,チャネル帰属 (帰属バイアス補正3点を適用): (1) VXN-VIX 乖離 — 直近確認値 7/30 で VXN 27.55 / VIX 17.09、スプレッド約10.5 は中央値4.21に対し98%ile圏で、テック/AI 固有のボラティリティ・プレミアムが残存している状態が続いている。よって広範 risk-off (Channel 6) でなく半導体/AI 固有への帰属が支持される。(2) 時系列先行性 — この売りは Iran 緩和報 (8/2) より後だが方向が逆であり、地政学は driver でない。むしろ7月の KOSPI 下落 (2008年以来最悪の月) が先行事象で、7/31 の +17.9% がその中の戻りだった。(3) divergence の交絡 — 同日に米株先物が上昇しているため、「アジア全面安」ではなく半導体2銘柄に集中した売りであることが確認できる (実際 CSI300 -0.57%、ハンセンは +0.55% とプラス)。主 driver は Channel 5 (ポジショニング・流動性: レバレッジ手仕舞いと信用縮小)、副 driver は Channel 1 (AI バリュエーションの再評価) と Channel 2 (中国メモリの競争、CXMT 上場が同月)。多因子であり単一チャネルに帰属しない。lesson照合: negative を付けるにあたり過去の neg→neu 修正パターンを確認したが、該当する修正は戦争反復イベント (K-024) と Trump 修辞 (K-009) が対象で、本件はどちらにも当たらない。よって negative を維持する。ポジション影響シナリオ: SOXL ロングなら、地政学の安堵で指数先物が上げていても半導体だけが逆行する局面であり、指数の risk-on をセクターの追い風と読み替えるのは salience bias (K-052) にあたる。エントリーするなら Channel 5 の手仕舞いが一巡した確認が要る。SOXS は当面不使用 (ADR-028) のため該当なし。検証レベル: Seoul Economic Daily (en.sedaily.com)・Benzinga・Yahoo Finance/Bloomberg 配信の複数ソースで KOSPI 下落率と Samsung/SK Hynix の下落率が一致。米株先物値は CNBC で確認。,direct,https://en.sedaily.com/news/2026/08/03/samsung-sk-hynix-tumble-8-percent-as-kospi-drops-below-6200,unreviewed,2026-08-03 17:48:49.930226,scan-market
368,2026-07-27 16:00:00+09,semiconductor,"[BACKFILL: 7/27 の上海市場引け。前回までのスキャンで未登録] 中国メモリ大手 ChangXin Memory Technologies (CXMT) が上海 STAR マーケットに上場し、初日終値が公開価格 8.66元に対し 49元 (+466%)。調達額 579.2億元 (約$8.6B) は中国本土の半導体 IPO として過去最大で、2020年の SMIC 上場 (532.3億元) を上回る。上場時の想定時価総額は 5,790億元 (約$85.2B) だったが、初日終値ベースで 3.3兆元 (約$488B) に達し、中国工商銀行を抜いて中国本土上場企業で時価総額最大となった。CXMT は2026年末から HBM の生産を目標とする一方、米国主導の輸出規制により最新の EUV 露光装置を利用できず、同量のメモリ生産に競合比で約30%多いウェハを要する。",negative,チャネル帰属: Channel 2 (メモリ / HBM 需給)。中国国産 DRAM の資金調達力と生産能力拡大は、既存メモリ3社 (Samsung/SK Hynix/Micron) の数量・価格の両面に対する構造的な供給側ショックにあたる。既存の Channel 4 (通商・輸出規制) とは向きが逆で、規制が課された側の自国代替が進む経路である点に注意する。lesson照合: negative 付与にあたり過去の neg→neu 修正パターンを確認したが、該当する修正は戦争反復 (K-024)・Trump 修辞 (K-009)・迎撃成功・攻撃宣言不実行のいずれかが対象で、本件は資本市場の実行済み事実 (上場・調達完了) であり該当しない。negative を維持する。ただし EUV 不在による約30%のウェハ効率差は、短期の HBM 競合力を直接には脅かさない緩和要因として併記する。ポジション影響シナリオ: SOXL ロングなら、メモリ主導局面 (Channel 2) では中国供給の進捗報道が Samsung/SK Hynix 経由で SOX に波及しうるため、メモリ比率の高い日のセクター弱さを「AI 需要の減速」と誤読しないための識別材料になる。なお前回までのスタンスでは「中国国産DUVは相場が反応せず」と整理していたが、CXMT という値付け可能な上場銘柄が出たことでこのチャネルに市場価格が付いた点が変化である。検証レベル: CNBC・South China Morning Post・US News (Reuters配信) の複数 Tier-2 で公開価格8.66元・初日終値49元・+466%・調達579.2億元が一致。なお「Micron を動揺させた」「議会調査の契機になった」との報道は Tier 3 のみのため採用しない。,direct,https://www.cnbc.com/2026/07/27/cxmt-china-market-debut-chipmaker-ipo.html,dismissed,2026-08-03 17:48:49.93114,scan-market
369,2026-08-05 05:05:00+09,semiconductor,AMD 2026年Q2 決算発表予定 (8/4 米引け後 = 8/5 05:05頃 JST、時刻は過去の発表実績からの暫定アンカー)。市場予想は EPS $1.61 (前年同期 $0.48)、売上 $11.3B (前年同期比 +47%)。同週の関連スケジュールは Palantir (8/3 米引け後)、Western Digital・SanDisk・Astera Labs ほか、および 8/7 08:30 ET (=21:30 JST) の7月雇用統計。,neutral,チャネル帰属: Channel 1 (AI compute 需要)。AMD は SOX/SOXX の主要構成銘柄であり、データセンタ向け GPU/CPU のガイダンスは AI インフラ投資の総需要シグナルに直結する。impact は neutral — 発表前の予定カタリストであり、まだショックが発生していない。ADR-034 の look-ahead 禁止に従い、結果を織り込んだ方向づけはしない。ポジション影響シナリオ: SOXL ロングなら 8/5 05:05 JST 前後に建玉を持ち越すかどうかがサイズ決定の主要な分岐になる。決算跨ぎは stop を飛ばすギャップリスクがあり、OCO の逆指値は寄付きギャップに対して価格保証がない点を織り込む必要がある。SOXS は当面不使用 (ADR-028) のため該当なし。検証レベル: MarketBeat と Wall Street Horizon で 8/4 引け後の発表日が一致。コンセンサス値は MarketBeat 経由の Zacks 系。発表時刻そのものは AMD IR で未確認のため暫定。,direct,https://ir.amd.com/news-events/press-releases/detail/1289/amd-to-report-fiscal-second-quarter-2026-financial-results,unreviewed,2026-08-03 17:48:49.931652,scan-market
370,2026-08-03 23:00:00+09,fed,7月 ISM製造業PMI 発表予定 (8/3 10:00 ET = 23:00 JST、ISM公式)。6月は PMI 53.3 (6か月連続の拡大圏、5月比 -0.7pt)、New Orders 56.0、Production 52.2、Employment 49.7 (収縮圏)、Prices 73.0 (5月 82.1 から -9.1pt)。同日 09:45 ET (=22:45 JST) には S&P Global 製造業PMI も発表される。週内の関連スケジュールは 8/7 08:30 ET (=21:30 JST) の7月雇用統計。,neutral,"チャネル帰属: Channel 3 (金利・割引率)。ISM は結果そのものでなく政策パスへの含意で判定する。注目は Prices 指数 (6月 73.0、5月 82.1 から低下したが依然高位) と Employment 指数 (6月 49.7 = 収縮圏)。Warsh 議長下の FRB は forward guidance を出さず「市場反応を直接観察する」立場を明言しているため、統計そのものが政策パス期待を動かす比重が従来より大きい。加えて Employment 指数は 8/7 21:30 JST の7月雇用統計の先行材料になる。impact は neutral — 発表前の予定カタリストでありショックは未発生。ADR-034 の look-ahead 禁止に従い、結果を織り込んだ方向づけはしない。lesson照合: negative を検討する対象ではないが、過去の neg→neu 修正パターン (K-024 戦争反復 / K-009 Trump 修辞) はいずれも本件に該当しない。一方 fed カテゴリでは FOMC dissent 構成で neutral→positive の修正実績があり、統計の一次結果よりも政策解釈の二次効果で事後評価が変わりうる点に留意する。ポジション影響シナリオ: SOXL ロングなら、発表は 23:00 JST = 米寄付 (22:30 JST) の30分後で、寄り直後のポジションが最初に晒される指標になる。Prices 上振れは利上げ観測を通じて long-duration 成長株の割引率を押し上げるため逆風、Employment 収縮深化は景気懸念と利下げ期待の綱引きで方向が一意に決まらない。現在フラットのため、寄り直後にエントリーする場合はこの30分後のイベントを跨ぐか否かが sizing の分岐になる。SOXS は当面不使用 (ADR-028) のため該当なし。検証レベル: ISM 公式プレスリリース (PR Newswire 配信の6月レポート本文) に「The next ISM Manufacturing PMI Report featuring July 2026 data will be released at 10:00 a.m. ET on Monday, August 3, 2026」と明記、Tier 1 で日時確定。6月の各指数値も同レポート本文から取得。",indirect,https://www.prnewswire.com/news-releases/manufacturing-pmi-at-53-3-june-2026-ism-manufacturing-pmi-report-302814991.html,unreviewed,2026-08-03 19:00:07.793242,scan-market
371,2026-08-04 05:05:00+09,market,Palantir 2026年Q2 決算発表予定 (8/3 米引け後 = 8/4 05:05頃 JST、電話会議は 17:00 ET = 8/4 06:00 JST)。市場予想は売上 $1.81B (前年同期比 +81%)、EPS $0.35 (同 +119%)。AI 関連の高バリュエーション銘柄として、決算後の反応が AI 相場全体のセンチメント指標として参照されやすい。,neutral,"チャネル帰属: Channel 1 (AI compute 需要) の境界ケース。台帳の境界注記は「個別企業の一般業績ではなく、AI インフラ投資の総需要の増減シグナルに限る」と定めており、Palantir は AI アプリケーション側の需要主体であってhyperscaler の capex 主体ではない。よって Channel 1 に綺麗には当たらず、ADR-034 の Standard層で判定する: (1) 伝播チャネル — AI 関連銘柄群のセンチメントとバリュエーション許容度を通じた間接波及が想定できる。(2) 波及先 — SOXL への波及は background (直接の需給ではない)。(3) 価格系列から再導出できる事実ではない (決算という外部イベント)。(4) 既存イベントとの重複 — Palantir 単独のイベントは未登録 (id=369 の AMD 決算イベントの summary 内に同週スケジュールとして言及があるのみ)。以上より「迷えば neutral・低 relevance で捕捉」の方針に従い background で登録する。impact は neutral — 発表前の予定カタリストであり、look-ahead 禁止に従い方向づけをしない。lesson照合: 戦争反復 (K-024) や Trump 修辞 (K-009) の neg→neu パターンは該当しない。むしろ関連する既存知見は id=303 の Micron sell-the-news 剥落 (史上最高級の決算・intraday +17% でも引けにはフェードし指数はマイナス) であり、高期待銘柄の好決算がセクターの持続的な追い風になるとは限らない。ポジション影響シナリオ: 現在フラットのため直接の建玉リスクはない。SOXL ロングを 8/3 の米国時間に建てて持ち越す場合、8/4 05:05 JST 頃の発表と 06:00 JST の電話会議が引け後の時間帯に当たり、翌 8/4 の寄付きギャップ要因になる。OCO の逆指値は寄付きギャップに対して価格保証がない (K-059 の文脈)。SOXS は当面不使用 (ADR-028) のため該当なし。検証レベル: Palantir IR (investors.palantir.com) および Business Wire 配信の公式発表で「results for its second quarter ended June 30, 2026 will be released on Monday, August 3, 2026, following the close of U.S. markets」「webcast at 5:00 PM ET」を確認、Tier 1。event_timestamp の 8/4 05:05 JST (=16:05 ET) は「following the close」からの暫定アンカーで、電話会議 17:00 ET は 8/4 06:00 JST に当たる。",background,https://investors.palantir.com/news-details/2026/Palantir-Announces-Date-of-Second-Quarter-2026-Earnings-Release-and-Webcast/,unreviewed,2026-08-03 19:00:07.795195,scan-market
372,2026-08-03 09:14:00+09,market,日米が協調円買い介入を実施したと両国が確認 (日本財務省が 8/3 月曜に発表、実施は 7/31 金曜。CNBC 記事は 8/2 20:14 ET = 8/3 09:14 JST 公開)。円は 7/30 木に 1ドル=163.73 の約40年ぶり安値を付けた後、7/31 に 157.57 まで急伸し、8/3 は 157.70 近辺。日本財務省は「今後も協調介入をためらわない」と表明し、Fed の FIMA レポ facility の利用も予告。Bessent 米財務長官は「金曜の協調行動は無秩序な円の動きに対抗した」「共同介入への追加参加をためらわない」とし、米国は「円の大幅な過小評価を是正する日本の断固たる措置を強く支持する」と表明。Trump は「友情のシグナル」と説明。Reuters は介入規模を約$36.58B と報道。報道では米側がドルではなくユーロを売って円を買ったとされ、市場を驚かせた。,negative,チャネル帰属: 主 Channel 5 (ポジショニング・流動性)。円は主要なキャリー調達通貨であり、協調介入＋「今後もためらわない」との声明＋米財務長官による「円の大幅な過小評価の是正」支持は、円高方向へのレジーム転換シグナルとして、円建て調達のレバレッジ・ポジションの資金コストを引き上げる。crowded trade の巻き戻しは台帳 Channel 5 の定義そのもの。副次的に Channel 3 (金利・割引率) にも触れる: 日本側が Fed の FIMA レポ facility の利用を表明しており、介入資金の調達手段が米国債売却に及ぶか否かは Treasury 需給の論点になる。なお報道では米側がドルでなくユーロを売って円を買ったとされ、Peterson研究所の Robin Brooks は「米国が自国通貨で調達しなかったこと自体が介入の実効性を損なう」と指摘しており、円高圧力が持続するかは一意でない。 [新規経路の提案] FX 介入・キャリー巻き戻しは確定6チャネルのいずれにも固有に対応せず、docs/event-channels.md の候補チャネル節に「調達通貨・キャリー巻き戻し」を追記することを提案する。確定 Channel 5 との差は、市場内部のフローでなく**通貨当局の政策行動が資金調達コストを外生的に動かす**点にある。 [先例] 2024年8月の円キャリー巻き戻し局面 (BOJ利上げ起点) では SOXX が 8/1 -7.21%、8/2 -5.32%、8/5 -1.76% と3営業日で累計 -13.6%、SOXL は -21.15%/-16.17%/-4.94% を記録した (自前 parquet で確認)。起点は利上げで今回は介入だが、円高方向へのショックという点で力の向きは同じ。ただし n=1 の先例であり、これをもって同じ規模を予期する根拠にはしない。 [look-ahead 遮断] 本日の半導体の値動きは impact 判定の根拠に使っていない (ADR-034/K-056)。判定は機構 (調達通貨高→レバレッジ解消圧力) と過去の先例のみに基づく。 lesson照合: 過去の neg→neu 修正パターンは戦争反復 (K-024)・Trump 修辞 (K-009)・Iran 外交声明の24h反転のいずれかが対象で、通貨当局の実行済み介入である本件はどれにも該当しない。実際に資金が投入され (報道では約$36.58B)、両国財務当局が公式声明で確認している点で、「宣言のみで実行が伴わない」パターンとは性質が異なる。よって negative を維持する。 ポジション影響シナリオ: SOXL ロングなら、円高進行局面ではレバレッジ解消フローが高ベータ銘柄に集中しやすく、OCO の逆指値が日中に一気に刈られるリスクが上がる。逆に介入が実効性を欠き円安に戻る場合はこの圧力は消える。SOXS は当面不使用 (ADR-028) のため該当なし。 検証レベル: CNBC が日本財務省・片山さつき財務相・Bessent 米財務長官の声明を引用 (Tier 2、一次発言)。Reuters が独立に「Japan may have intervened in FX market by spending $36.58 billion to buy yen」「Japan's fight with yen bears goes on after joint rescue」等で報道 (Tier 2)。2ソース独立確認済み。※ WebSearch がこの材料を返せず、Playwright による実ブラウザ取得で初めて検出した。,indirect,https://www.cnbc.com/2026/08/03/yen-intervention-us-japan-trump-bessent-katayama.html,unreviewed,2026-08-03 21:09:23.503522,scan-market
373,2026-08-05 05:05:00+09,semiconductor,AMD 2026年Q2 RESULT (8/4 米引け後 = 8/5 05:05頃 JST): 売上 $11.54B (前年 $7.6B、+50.1% YoY、予想 $11.3B 超過)、EPS $1.66 (予想 $1.61-1.62 超過、前年 $0.48)。データセンター売上 $6.7B (前年 $3.2B、予想 $6.5B 超過)。Q3 ガイダンス $12.7-13.3B (中値 $13B、予想 $12.5B 超過)。Lisa Su CEO は「データセンター売上は2027年に倍増」「H2 のサーバー売上は年率+80%超」、ラック型AIシステム Helios を当四半期に Meta/OpenAI/Oracle へ出荷開始と説明。一方で設備投資が $808M へ急増 (事前見積り $298M の約2.7倍)。,neutral,主チャネル=1(AI compute 需要): データセンター売上・Q3ガイダンスがともにコンセンサス超過で、AI インフラ投資の総量シグナルは硬い。副チャネル=候補1(AI 融資・信用構造): 設備投資が事前見積りの約2.7倍へ急増した点は、需要の「量」でなく「収益性・資金の持続性」を問う材料 (K-053/K-054 のneed≠return≠price 分離)。両側が同時に立つため Standard層に従い neutral で捕捉する。帰属3点確認 (K-052/K-055): ①VXN-VIX スプレッドは 8/3 時点 8.91 で全1337営業日の97.1%ile (中央値4.22) = テック/AI 固有ストレスが継続しており Channel 6(システミック risk-off) でなく Channel 1/5 帰属が妥当。②時系列先行性: 同時期の地政学ニュース(8/4 のホルムズ交渉進展)はデエスカレーション=逆符号であり、半導体固有の弱含みの driver たりえない。③断面の交絡: 8/5 プレ 04:53 ET の1倍指数序列は SPY > IWM > QQQ > SOXX と単調で、広範 risk-off なら生じない形 = セクター固有。断面は「どのチャネルか」の帰属にのみ用い、impact の方向・強度の根拠には用いない (K-056 の look-ahead 回避のため、決算後の値動きはimpact 根拠に採用しない)。ポジション含意: SOXL ロングは「需要の量」を買う側なので DC/ガイダンス超過が下支えだが、capex 急増を市場が return 劣化と読むなら半導体全体の de-rating に晒される。SOXS は逆。検証レベル: Yahoo Finance + StockStory の2ソースで数値一致。,direct,https://finance.yahoo.com/technology/article/amd-to-report-q2-earnings-as-chip-stocks-continue-to-waver-110000620.html,unreviewed,2026-08-05 18:00:09.38259,scan-market
374,2026-08-05 21:15:00+09,fed,ADP 7月 全米雇用 発表予定 (8/5 08:15 ET = 21:15 JST)。予想 +68K、前回(6月) +98K で減速方向の予想。7/28-29 FOMC が9-3で据置 (3反対はいずれも0.25%利上げ支持) だったため、労働市場の減速度合いが9月会合の利上げ観測を左右する。,neutral,チャネル=3(金利・割引率): 統計の結果そのものでなく政策パスへの含意で効く。現局面は「利下げ待ち」でなく「利上げ回避待ち」で、雇用の減速はハト方向 = long-duration の半導体には割引率低下で追い風、上振れは9月利上げ観測を押し上げて逆風という非対称でない両方向。発表前のため方向を置かず neutral。ポジション含意: SOXL ロングは 21:15 JST の初動が寄付(22:30 JST)前のプレに乗るため、この時刻をエントリー前の再評価点として使える。検証レベル: Investrade 週次イベントカレンダーで 8:15 AM ET を確認。,indirect,https://investrade.com/weekly-event-calendar-08-03-2026-08-07-2026/,unreviewed,2026-08-05 18:00:09.384027,scan-market
375,2026-08-05 23:00:00+09,fed,7月 ISM 非製造業(サービス)PMI 発表予定 (8/5 10:00 ET = 23:00 JST、ISM公式)。予想 54.5、前回 54.0。サービス価格は Fed のインフレ懸念の中心であり、今週では雇用統計を除けば最重要のインフレ関連指標と位置づけられている。同日 09:45 ET には S&P Global サービス業/総合PMI の7月確報も出る。,neutral,チャネル=3(金利・割引率): サービス業の支払価格指数がインフレ持続の判断材料となり、9月FOMCの利上げ確率経由で long-duration 資産の割引率に効く。発表前で方向を置かず neutral。ポジション含意: 米寄付(22:30 JST)直後の 23:00 JST に出るため、寄りで入った SOXL ポジションは建てた30分後に価格ショックを受ける構造。寄り直後のエントリーはこの指標を跨ぐ前提でサイズと逆指値を決める必要がある。検証レベル: Investrade カレンダー + ISM 公式リリース日程で確認。,indirect,https://www.ismworld.org/supply-management-news-and-reports/reports/rob-report-calendar/,unreviewed,2026-08-05 18:00:09.384615,scan-market
376,2026-08-07 21:30:00+09,fed,7月 米雇用統計(NFP) 発表予定 (8/7 08:30 ET = 21:30 JST、BLS)。非農業部門雇用者数・民間雇用・製造業雇用・平均時給を同時発表。6月は +57K で予想 +115K を大きく下回り、4-5月も下方修正されていた。7/28-29 FOMC は9-3で据置だが3名が0.25%利上げを支持しており、9月会合が「最初の実質的な試金石」と位置づけられている。,neutral,チャネル=3(金利・割引率): 現局面の Fed は利下げでなく利上げ再開の可否を測っており、雇用の強さがそのままタカ方向のリスクになる非対称な構図。発表前で方向を置かず neutral。ポジション含意: 8/5 に建てた SOXL ポジションを 8/7 まで持ち越す場合、このイベントを跨ぐか事前に外すかの判断が必要になるため、保有計画上の期限として機能する。検証レベル: Investrade カレンダー + BLS 8月リリース日程で 8:30 AM ET を確認。,indirect,https://www.bls.gov/schedule/,unreviewed,2026-08-05 18:00:09.385221,scan-market
377,2026-08-04 23:00:00+09,geopolitical,Iran がオマーンの仲介でホルムズ海峡をめぐる協議を継続し、米側が合意成立に楽観を示した (CNN ライブ報道 8/4 米東部時間。時刻は記事掲載日からの暫定アンカーで分精度は不明)。カタール首長府は Trump が米-Iran 間の緊張緩和と相違点の橋渡しの方法を協議したと発表。8/1(土) の Trump による対Iran攻撃中止・「outlines of a deal」表明 (登録済み id=365) の後続。残る争点はレバノン戦線で、Iran 側が主張する「イスラエル-ヒズボラ間の敵対行為停止が合意に含まれる」との解釈を Netanyahu 首相が否定している。,neutral,チャネル=6(システミック risk-off) の逆方向 = 地政学リスクプレミアムの剥落。原油経由でインフレ・割引率(チャネル3)にも波及する。lesson照合: 過去に「Iran の提案主導の positive 判定はTrump 反応24時間以内の反転リスクが常にある」として positive→neutral へ修正した前例があり、今回も交渉継続・楽観表明という未確定段階でレバノン戦線の解釈対立が未解決のため、その lesson がそのまま当てはまる。よって neutral。K-024(進行中の戦争の反復イベントは neutral 既定) にも該当。ポジション含意: SOXL ロングにとっては原油下落経由の追い風だが、合意不成立や攻撃再開の報が出れば数時間で反転しうる層であり、これを主根拠にサイズを積まない。検証レベル: CNN ライブ報道 + CSIS の合意解説の2ソースで交渉枠組みを確認。,indirect,https://www.cnn.com/2026/08/04/world/live-news/iran-war-trump,unreviewed,2026-08-05 18:00:09.385782,scan-market
378,2026-08-06 05:05:00+09,semiconductor,SanDisk (SNDK) FY2026 Q4 RESULT (8/5 16:05 ET = 8/6 05:05 JST、IR公式リリース時刻): 四半期売上 $8.97B (前四半期比 +51%)、GAAP純利益 $6.90B (希薄化後EPS $43.97)。通期FY2026 売上 $20.25B (前年比 +175%)、通期GAAP純利益 $11.43B。売上増の内訳は約1/3が数量増・約2/3が価格上昇。データセンター向けが +437%。FY2027 Q1 ガイダンス 売上 $10.30〜10.80B・非GAAP希薄化後EPS $44.00〜46.00 (さらに前四半期比 +15〜20%)。取締役会が追加 $14B の自社株買いを承認 (残枠合計 $15.5B)。,positive,チャネル帰属: 確定チャネル2「メモリ/HBM需給」。NAND の価格上昇 (売上増の2/3が価格) と データセンター向け +437% は、メモリ需給が数量・価格の両面で締まっていることの一次データ。FY2027 Q1 ガイドがさらに前四半期比 +15〜20% で、需給逼迫が次四半期も継続する会社見通し。K-053/K-054 の need/return 分離では、価格主導の増収は need (数量) だけでなく return (収益性) 側も 同時に改善している型で、AMD (8/5 05:05 JST、capex $808M で return が問われた側) とは逆の象限にある。ポジション影響: SOXL ロングなら SOXX 構成のメモリ比重を通じて追い風、SOXS なら向かい風。帰属3点チェック — (1) VXN-VIX スプレッド 8.98 (8/4、全1338営業日中 97.2%ile、中央値比で極端) で テック固有ストレスは継続中のため Channel 6 (広範 risk-off) 帰属は棄却し Channel 2 に帰属する。(2) 時系列先行性: 本イベントは 8/5 米引け後で、同時期の地政学は逆符号のデエスカレーションであり地政学は driver でない。(3) divergence 交絡: 油高によるエネルギー株経由の指数間乖離は本件の帰属根拠に使っていない。lesson照合: 過去の neg→neu 修正パターン (戦時反復・Iran 外交声明) はいずれも本件と無関係のため非適用。留意 (realized price は根拠に不使用): 本銘柄は年初来で大幅高しており、ファンダの強さが価格の上昇を保証しない (期待水準との差で決まる) 点は K-053/K-054 の論点として残る。,direct,https://investor.sandisk.com/news-releases/news-release-details/sandisk-reports-fiscal-fourth-quarter-2026-financial-results,unreviewed,2026-08-06 22:57:14.772763,scan-market
379,2026-08-05 05:05:00+09,market,[BACKFILL: 前回スキャン (8/5 18:00 JST) の窓内だが未登録だった] SpaceX (SPCX) 2026年Q2 RESULT — 上場後初の四半期決算 (8/4 米引け後 = 8/5 05:05頃 JST、時刻は米引け後決算の慣例からの暫定アンカー)。売上 $7.81B (前年比 +92%、FactSet 予想 $6.8B を上回る)。純損失 $541M (前年同期 $1B の損失から縮小)。調整後EBITDA $3.5B (前年比 +191%)。四半期 capex $18.4B (前四半期 $10.1B、アナリスト予想 約$13B)。うち $15.83B を AI インフラ開発に配分し、残りを Starship と衛星網に配分。,neutral,チャネル帰属は両建て。確定チャネル1「AI compute 需要」側では、単一企業が四半期 $15.83B を AI インフラに投じる事実は半導体の総需要シグナルとして positive 方向。一方で候補チャネル1「AI 融資・信用構造」側では、純損失 $541M を計上しながら capex を 前四半期比で $10.1B→$18.4B へ拡大し予想 $13B も大きく超えた構造は、資金の持続性 (return) を問う材料であり negative 方向。K-054 の need/return/price 3層分離に照らすと、need (数量) は強いが return (収益性・資金繰り) は未解決で、方向が相殺されるため ADR-034 Standard層の「迷えば neutral」に従い neutral・indirect で捕捉する。ポジション影響: SOXL ロングなら AI インフラ発注の増加は追い風だが、同型の capex 拡大が資金調達コスト上昇局面で強制的な capex 削減に転じた場合は逆流する。帰属3点チェック — (1) VXN-VIX 8.98 (8/4、97.2%ile) でテック固有ストレス継続、Channel 6 帰属は棄却。(2) 時系列先行性: 8/4 引け後で、同時期の地政学はデエスカレーション方向のため地政学は driver でない。(3) divergence 交絡: 指数間乖離を帰属根拠に用いていない。lesson照合: 過去の neg→neu 修正は戦時反復・Iran 外交声明に関するもので本件と無関係、非適用。候補チャネル1「AI 融資・信用構造」の観察事例として蓄積する。,indirect,https://www.cnn.com/2026/08/04/business/spacex-earnings-q2-2026,unreviewed,2026-08-06 22:57:14.774487,scan-market
380,2026-08-05 21:15:00+09,fed,ADP 7月 全米雇用 RESULT (8/5 08:15 ET = 21:15 JST): 民間雇用者数 +44K。市場予想 約 +90K を大きく下回った (別報では予想 +120K)。前回(6月)は +98K。,neutral,チャネル帰属: 確定チャネル3「金利・割引率(Fed)」。台帳の境界注記どおり統計の結果そのものでなく政策パスへの含意で判定する。予想比で約半減の下振れは利下げ織り込みを強める (割引率低下 = long-duration の AI/半導体には positive 方向) 一方、雇用の実体悪化は需要縮小観測として negative 方向に働き、方向が相殺される。同日の ISM 非製造業では価格指数が 70.3 と高止まりしており、Fed が労働の弱さだけを見て緩和に傾ける構図になっていない (スタグフレーション的な組み合わせ) 点も 一方向の判定を妨げる。したがって neutral・indirect で捕捉する。解決カタリスト: 7月 米雇用統計(NFP) が 8/7 21:30 JST (8/7 08:30 ET、BLS) に発表され、ADP の下振れが公式統計で追認されるか否かでこのイベントの政策含意が確定する (既登録イベント id=376)。ポジション影響: SOXL ロングなら、NFP が ADP 同様に下振れかつ賃金が落ち着けば利下げ期待で追い風、下振れかつ賃金が高止まりなら景気悪化と粘着インフレの同時進行で向かい風になりうる。lesson照合: 過去の fed カテゴリ修正は「FOMC dissent 構成は pricing 済み決定の二次カタリスト」(neu→pos) だが、本件は dissent 構成の話ではなく雇用統計の下振れであり非適用。,indirect,https://www.babypips.com/news/financial-forex-market-recap-2026-08-05,unreviewed,2026-08-06 22:57:14.775382,scan-market
381,2026-08-05 23:00:00+09,fed,7月 ISM 非製造業(サービス)PMI RESULT (8/5 10:00 ET = 23:00 JST、ISM公式): ヘッドライン 54.1 (前月比 +0.1pt、予想 54.5 をわずかに下回る)。事業活動指数は 59.1 へ上昇。雇用指数は 47.4 へ低下 (50 割れ = 縮小)。価格支払指数は 70.3 へ上昇。,neutral,チャネル帰属: 確定チャネル3「金利・割引率(Fed)」。内訳が明確に相反する。事業活動 59.1 はサービス需要の強さ (景気には positive)、雇用 47.4 は労働需要の縮小 (利下げ方向)、価格支払 70.3 は投入価格の粘着 (利下げを制約)。この3つが同時に出たため政策パスへの含意が一方向に定まらず、ADR-034 Standard層の「迷えば neutral」に従い neutral・indirect で捕捉する。同日の ADP (+44K、予想比で約半減) と合わせると、労働は弱く価格は硬いという組み合わせで、Fed が素直に緩和へ傾けない構図を示す。解決カタリスト: 7月 NFP (8/7 21:30 JST、BLS、既登録 id=376) の雇用者数と平均時給の組み合わせで、「弱い労働 + 粘着賃金」か「弱い労働 + 鈍化賃金」かが判別され、割引率チャネルの符号が決まる。ポジション影響: SOXL ロングなら後者 (賃金鈍化) なら追い風、前者なら向かい風。lesson照合: 過去の fed カテゴリ修正 (FOMC dissent の二次カタリスト、neu→pos) は本件と論点が異なり非適用。,indirect,https://www.ismworld.org/supply-management-news-and-reports/reports/ism-pmi-reports/,unreviewed,2026-08-06 22:57:14.77603,scan-market
382,2026-08-06 15:30:00+09,geopolitical,Iran が Oman とのホルムズ海峡航行合意について「原則合意に達した」と表明 (8/6、Iran 外務省報道官 Esmail Baghaei。時刻は記事掲載日からの暫定アンカー)。航路の地理的座標は Oman と合意済みで、両国の共同声明は最終的な精査・起草段階。ただし合意しても海峡が自動的に再開するわけではなく、Iran は「米国が約束を履行するまで再開しない」と 述べている。Iran は米国との直接交渉を否定し、Oman との協議はあくまで二国間だとしている。,neutral,チャネル帰属: 確定チャネル6「システミック risk-off」の解消方向 (原油経由のマクロ波及)。lesson照合: 過去の同カテゴリ修正で「Iran の外交声明は 24h 以内の反転リスクが高く、但書付き・政府公式文書性が薄い場合は初動の価格反応を構造変化と誤認しない」(pos→neu 2件) が記録されており、本件はまさに但書付き (自動再開せず・米国の履行が前提・共同声明は未発出) で、さらに Iran 側が米国との直接交渉自体を否定しているため、当該 lesson が直接当てはまる。よって positive でなく neutral とする。K-009 (期限付き脅迫→未実行の修辞パターン) の裏返しとして、「原則合意」表明→実行伴わずの型にも同じ警戒を適用する。ポジション影響: SOXL ロングなら海峡再開の実行段階入りは原油低下→リスクオンで追い風になりうるが、共同声明の発出と実際の航行再開が確認されるまでは価格に織り込む根拠として弱い。SOXS なら逆。8/4 の SOXL +19.87% がまさにこのデエスカレーション起点のリスクオンで生じており、同方向の材料が既に相当程度織り込まれている点も neutral 判定を支える。重複判定: 既登録 id=377 (8/4 協議継続・米側が楽観) からの進展 (座標合意・原則合意・共同声明起草段階) であり別イベントとして登録する。,indirect,https://www.bloomberg.com/news/articles/2026-08-06/iran-says-deal-with-oman-on-strait-of-hormuz-agreed-in-principle,unreviewed,2026-08-06 22:57:14.776592,scan-market
383,2026-08-07 21:30:00+09,fed,"7月 米雇用統計(NFP) RESULT (8/7 08:30 ET = 21:30 JST、BLS): 非農業部門雇用者数 -23,000 (市場予想 +95,000 に対し当該サイクル初のマイナス)。失業率 4.1%。5月 +63,000 / 6月 +20,000 へ 下方改定され改定幅は合計 -103,000。平均時給 前年比 +3.2% (前月 +3.5%)。地方政府・教育・小売が減少を主導、ヘルスケアは増加継続。",positive,"チャネル3(金利・割引率)。2026年8月の Fed は利上げバイアス下にあり(7月下旬時点で9月利上げ確率は約82%、原油高によるインフレ再燃が主因)、当該サイクル初のマイナス雇用と -103,000 の下方改定は9月利上げ確率を大きく押し下げる方向に働く。long-duration 成長株である半導体には割引率低下として positive。反対方向の作用として景気減速は最終需要に negative だが、AI capex は一般景気循環との連動が弱く チャネル1(AI compute 需要)への直接の下押しは限定的と判断した。SOXLロングなら利上げ後退が追い風、SOXSなら逆風。検証: BLS 公式リリース(Tier1)と Reuters系・CNBC 報道(Tier2)で一致。lesson照合: fed カテゴリの過去修正は FOMC dissent 構成の neutral→positive のみで、本件の positive 付与を妨げる neg→neu パターンは該当しない。",indirect,https://www.bls.gov/news.release/empsit.nr0.htm,unreviewed,2026-08-17 17:59:56.397277,scan-market
384,2026-08-10 21:27:00+09,semiconductor,"Intel が普通株公募を発表 (8/10 08:27 ET = 21:27 JST に $15B で公表、翌 8/11 に $20B へ増額し 210,526,315株を1株 $95 で価格決定、8/12 クローズ予定)。手取り概算 $19.7B。資金使途は一般事業目的で 設備投資・運転資金を含む。機関投資家の応札は約 $100B (約5倍) と報じられた。",neutral,チャネル1(AI compute 需要)とチャネル5(ポジショニング・流動性)の双方に触れる両建てイベント。positive 側は「顧客が強く持続的な需要環境をシグナルし続けている」という会社説明と $20B への増額・約5倍の応札で、AI ファウンドリ投資への資金アクセスが健在であること。negative 側は既存株主の希薄化と、自己資金でなく増資で capex を賄う必要があるという資金構造の含意(K-054 の need≠return≠price のうち return/資金の持続性の層)。方向が相殺するため neutral とし、低くない relevance で捕捉する。SOXLロングなら INTC の希薄化は SOXX 構成比を通じた直接の重し、一方で装置・材料側には発注増の期待。検証: Intel Newsroom 公式リリース(Tier1)と CNBC(Tier2)で確認。,direct,https://newsroom.intel.com/corporate/intel-announces-upsize-and-pricing-of-20-billion-common-stock-offering,unreviewed,2026-08-17 17:59:56.400019,scan-market
385,2026-08-10 15:00:00+09,semiconductor,"TSMC 7月度 売上高 (8/10 発表、時刻は台湾市場の公表慣行からの暫定アンカー): 連結売上 NT$467.58B、前月比 +5.6%、前年同月比 +44.7%。1-7月累計 NT$2,872.06B で前年同期比 +37.0%。2026年通期は米ドルベースで +40%超の成長ガイド (Q2決算後に引き上げ済)、設備投資計画は $60-64B。AI 収益を計上する高性能計算(HPC)セグメントはQ2売上の66%。",positive,チャネル1(AI compute 需要)への正方向ショック。ファウンドリ最大手の月次実績と通期ガイド・capex 引き上げは、AI インフラ投資の総量シグナルとして最も一次に近いデータであり、受注 backlog でなく実現売上である点で need(数量)の硬さを直接裏づける(K-053/K-054)。ただし need の硬さは return(収益性)や資金の持続性を保証しないため、AI 融資・信用構造チャネルの懸念を打ち消すものではない。SOXLロングなら数量面の下支え材料、SOXSなら逆風。検証: TSMC 公式 IR リリースおよび SEC Form 6-K(Tier1)と Digitimes・Yahoo Finance(Tier2)で一致。,direct,https://pr.tsmc.com/english/news/3329,unreviewed,2026-08-17 17:59:56.400592,scan-market
386,2026-08-10 12:00:00+09,semiconductor,韓国政府が5兆ウォン(約$3.52B)の半導体特別ファンドを発表 (8/10、時刻は報道日からの暫定アンカー)。対象は半導体の素材・部品・装置およびファブレス企業で、Samsung Electronics と SK Hynix は意図的に対象外としサプライヤ生態系に集中する設計。別途5兆ウォンの貿易金融を供給し、年内にメガ特区指定の特別法を制定予定。6月公表の李在明政権の半導体メガプロジェクト(Samsung・SK Hynix と地方自治体等で$576B超の投資想定)の一環。,neutral,チャネル4(通商・輸出規制/産業政策)の周縁ケース。関税や輸出規制のようなアクセス・コストへの直接ショックではなく、供給側の能力増強を促す補助金型の政策であり、伝播は緩やかで時間軸も長い。加えて資金がメモリ大手2社を明示的に外してサプライヤ側に向かうため、SOXX 構成銘柄への直接効果は希薄。ADR-034 Standard層に従い迷いのあるケースとして impact=neutral・relevance=indirect で捕捉する(非捕捉は復元不能、捕捉は dismiss 可能)。SOXLロングなら中期の供給能力増は価格競争を通じて両義的。検証: Reuters 配信記事(Tier2)を複数媒体(theprint・IDNFinancials)で確認。,indirect,https://theprint.in/world/south-korea-to-launch-3-5-billion-chip-fund-speed-development-of-semiconductor-hubs/3010454/,unreviewed,2026-08-17 17:59:56.401257,scan-market
387,2026-08-10 09:00:00+09,geopolitical,Iran 高官が対米協議の再開を否定し(8/9、IRGC系 Tasnim 通信)、ホルムズ海峡の再開合意見通しが後退した。8/6-8/7 に Iran が Oman との航路合意を「原則合意」と表明した局面から反転。海峡は事実上閉鎖のまま(8/17 時点で169日目)、通航は1日約10隻で危機前の88-130隻から激減し、ペルシャ湾には約70隻が足止め(危機当初は160隻)。CENTCOM は 8/9 時点で商船55隻を迂回・2隻を無力化・2隻に乗船と公表。Iran は全面再開の条件として戦争被害の賠償・制裁解除・恒久的停戦を要求。,negative,チャネル3(金利・割引率)経由が主、チャネル6(システミック risk-off)が副。原油高がインフレ再燃を通じて Fed の利上げバイアスを支えている構図が2026年8月の中核で(7月下旬に9月利上げ確率が約82%へ上昇した局面の主因が原油高)、海峡閉鎖の長期化は long-duration 成長株の割引率を押し上げる方向に効く。lesson照合: K-024(進行中の戦争の繰り返しイベントは neutral 既定)および Iran 外交声明の24h反転リスクのlesson を確認した上で、今回は negative を維持する。理由は lesson の但し書き「供給に実被害があった場合は negative」に該当するため: 通航10隻/日(平時88-130)・70隻足止め・169日閉鎖という定量的な供給途絶が継続しており、声明の応酬ではなく実体的な供給制約である。SOXLロングなら割引率上昇が逆風、SOXSなら追い風。検証: CNBC(Tier2)と Al Jazeera(Tier2)、および USNI News(Tier2)で一致。,indirect,https://www.aljazeera.com/economy/2026/8/10/oil-prices-climb-as-iranian-demands-cloud-outlook-for-strait-of-hormuz,unreviewed,2026-08-17 17:59:56.40181,scan-market
388,2026-08-12 21:30:00+09,fed,7月 米消費者物価指数(CPI) RESULT (8/12 08:30 ET = 21:30 JST、BLS): 総合 前月比 +0.1% (6月は -0.4%)、前年同月比 +3.4%。コア(食品・エネルギー除く) 前月比 +0.2%、前年同月比 +2.5% (6月から -0.1pt)。食品・住居がともに +0.1% で住居が総合の月次上昇の約3分の2を占めた。エネルギーは前月比 -1.5% だが前年比では +14.7% と高止まり。いずれも市場コンセンサスと一致。,positive,チャネル3(金利・割引率)。利上げバイアス下の局面でコア前年比が 2.6%→2.5% へ低下しコンセンサス通りに収まったことは、9月利上げの必要性を弱める方向の政策含意を持つ。エネルギー前年比 +14.7% は海峡閉鎖由来の押し上げが残存していることを示し、原油が反落しない限りインフレの下方硬直として再燃リスクを残す点が反対材料。SOXLロングなら割引率低下が追い風、SOXSなら逆風。検証: BLS 公式リリース(Tier1)と CNBC・Quartz(Tier2)で数値一致。,indirect,https://www.bls.gov/news.release/archives/cpi_08122026.htm,unreviewed,2026-08-17 17:59:56.40243,scan-market
389,2026-08-13 21:30:00+09,fed,7月 米生産者物価指数(PPI) RESULT (8/13 08:30 ET = 21:30 JST、BLS): 最終需要は前月比で変化なし(0.0%)。内訳は最終需要サービス +0.2%、最終需要建設 +2.2% の上昇を、最終需要財 -0.7% が相殺。前年同月比では最終需要 +4.7%。次回(8月分)は 9/10 08:30 ET 発表予定。,neutral,チャネル3(金利・割引率)。ヘッドラインの前月比 0.0% と財 -0.7% はパイプライン物価の落ち着きを示す一方、前年同月比 +4.7% は依然として高く、建設 +2.2% はデータセンター建設需要を含む資本財側の価格圧力を示唆する。政策パスへの含意が上下いずれにも決定的でないため neutral とする。建設価格の上昇は AI インフラの単位コスト上昇としてチャネル1(AI compute 需要)の return 側に効く可能性があり、今後 review-events で建設項目と半導体リターンの関係を追う価値がある。SOXLロングなら中立、ただし建設コスト上昇が capex 効率を削ぐ経路は注視。検証: BLS 公式リリース(Tier1)。,indirect,https://www.bls.gov/news.release/archives/ppi_08132026.htm,unreviewed,2026-08-17 17:59:56.402958,scan-market
390,2026-08-14 21:30:00+09,fed,7月 米小売売上高 RESULT (8/14 08:30 ET = 21:30 JST、米商務省センサス局): 小売・飲食サービス売上 $763.6B、前月比 -0.6% (市場予想は +0.2%程度の増加、1年超で最大の落ち込み)、前年同月比 +5.0%。自動車・部品 -1.8%、無店舗小売(EC) -2.2%、ガソリンスタンド -0.9% が下押し。衣料 +1.9%、ヘルスケア・パーソナルケア +0.7%、飲食サービス +0.5% は増加。,neutral,チャネル3(金利・割引率)。予想外の減少は9月利上げ観測をさらに後退させる方向に働き割引率には positive だが、消費の減速自体は最終需要に negative で、方向が相殺するため neutral とする。半導体との距離は雇用統計やCPIより遠く、消費者向けエレクトロニクスの比重が下がった現在の SOXX 構成に対してはAI データセンター需要が主軸である点も neutral 判断を支える。SOXLロングなら政策パス経由でわずかに追い風、消費循環経由ではわずかに逆風。検証: センサス局 Advance Monthly Retail Trade(Tier1)と CNN・PBS(Tier2)で一致。,indirect,https://www.census.gov/retail/marts/www/marts_current.pdf,unreviewed,2026-08-17 17:59:56.403536,scan-market
391,2026-08-16 00:00:00+09,semiconductor,NVIDIA が OpenAI 向けデータセンター保証の規模を縮小し合意に近づいたと報じられた。Wall Street Journal は 8/14 に、SoftBank 子会社 SB Energy がオハイオ州パイク郡で開発する 10GW の AI データセンター向け保証を当初報道の $250B から $120B 未満へ引き下げると報道。The Information は 8/15 (土) に、NVIDIA が SB Energy へ最大 $3B を出資する交渉中で $100B 規模のファイナンス保証で合意が近いと報道 (event_timestamp は週末報道を JST に置いた暫定アンカー)。縮小理由は自社のリスク露出に対する投資家の懸念への対応と報じられている。,positive,候補チャネル「AI 融資・信用構造」(docs/event-channels.md)。当初の $250B 保証が報じられた 7/27 に NVIDIA が時価総額首位を明け渡す契機となった経緯があり、保証規模の縮小は循環ファイナンス懸念の中核である「ベンダーが顧客の債務を自らの信用で支える」構造の露出を実際に減らす方向のニュースである。同時に $100B 規模での合意接近は案件そのものの前進を意味し、需要側の計画が縮小したわけではない。したがって資金の持続性(K-054 の return/資金の層)への懸念が和らぐ方向として positive と判断する。ただし $3B の直接出資は循環ファイナンス構造そのものは残す点で両義的であり、本チャネルは未確定の候補チャネルであるため昇格判断は review-events の事後採点に委ねる。SOXLロングなら AI 与信不安の後退が追い風、SOXSなら逆風。検証: CNBC(Tier2)が The Information 報道を伝えたものを一次参照とし、WSJ 報道(Tier2)を複数媒体で確認。数値の一部は二次媒体経由のため、$120B 未満という水準は幅を持って扱う。,direct,https://www.cnbc.com/2026/08/16/stock-market-today-live-updates-.html,unreviewed,2026-08-17 18:01:20.928405,scan-market
392,2026-08-07 12:00:00+09,semiconductor,"中国 CXMT の DRAM 能力が Micron に肉薄との調査報道 (Tom's Hardware、8/7 週。event_timestamp は掲載日からの暫定アンカー)。CXMT は 2026年末に月産約350,000枚(WSPM)に到達見込みで Micron との差は約25,000枚。上海・合肥の新工場が計画通り進めば月産60万枚超となり 2030年までに Micron を数量で上回る可能性。あわせて中国国有企業が国産の液浸 DUV 露光装置の量産を開始し、2026年に約5台・2027年に約20台を SMIC・Hua Hong・CXMT へ納入予定で、CXMT が early access を確保と報じられた。",negative,チャネル2(メモリ/HBM 需給)への負方向ショックであり、チャネル4(通商・輸出規制)とも接する。中国の DRAM 能力増強は汎用メモリの供給過剰を通じて価格を押し下げる経路を持ち、メモリ主導の局面ではロジックより先行して動きうる(チャネル2の境界注記)。国産 DUV は輸出規制の実効性を削ぐ方向で、規制を前提としたメモリ各社の価格決定力の前提を弱める。ただし数量根拠には慎重さが必要で、2026年に5台という台数は既存の ASML 導入機に対して小さく、装置性能・量産スケールの検証は未了である(7/28 の CNBC 記事も同様の留保を付けている)。この留保を踏まえてもなお方向は明確に negative であり、relevance は direct とする。SOXLロングならメモリ価格の下押しが逆風、SOXSなら追い風。検証: Tom's Hardware(Tier2)と CNBC(Tier2)で中国 DUV 量産報道の存在と留保の双方を確認。,direct,https://www.tomshardware.com/pc-components/dram/cxmt-close-to-matching-microns-memory-capacity-in-2026-research-claims-would-put-china-on-track-to-become-worlds-second-largest-dram-producer,unreviewed,2026-08-17 18:01:20.930082,scan-market
393,2026-08-17 09:00:00+09,geopolitical,Iran 外相 Abbas Araqchi が週末(8/15-16)に対米協議の再開を決めていないと述べ、Trump 大統領は米国民にガソリン価格の一定の上昇を受け入れるよう呼びかけた (CNBC ライブ報道 8/17 アジア時間。時刻は記事掲載時間帯からの暫定アンカー)。同時間帯に Brent 10月限は +0.76% の $89.19、WTI 9月限は +0.55% の $82.85。,neutral,チャネル3(金利・割引率)およびチャネル6(システミック risk-off)に接するが、lesson照合の結果 neutral とする。K-009(Trump の SNS・演説での修辞は裏チャネル交渉と並行するパターン)と K-024(進行中の戦争における声明の応酬は繰り返しイベント)の双方に該当し、過去に Iran 外交声明の positive/negative 判定が24時間で反転した lesson が複数記録されている。本件は新たな供給途絶や実被害の発生ではなく「協議再開を決めていない」という現状維持の表明であり、既に登録済みの 8/10 の海峡閉鎖長期化イベントに含まれる情報を超える増分が小さい。Trump のガソリン価格発言も政策変更ではなく政治的な期待調整の修辞であり K-009 の範疇。SOXLロングなら現時点で追加の方向性を与えない。検証: CNBC(Tier2)。単独ソースのため定性イベントとしては低い確信度に留め、ADR-034 Standard層に従い neutral・background で捕捉する。,background,https://www.cnbc.com/2026/08/16/stock-market-today-live-updates-.html,unreviewed,2026-08-17 18:01:20.93071,scan-market
394,2026-08-27 05:20:00+09,semiconductor,NVIDIA 2027会計年度 第2四半期(7/26 締め) 決算 発表予定 (8/26 13:20 PT = 16:20 ET = 8/27 05:20 JST に結果公表、電話会議は 8/26 14:00 PT = 8/27 06:00 JST)。CFO Colette Kress による書面コメントを併せて公表。事前の注目点として Bank of America は買い推奨とセクター最優先銘柄の見方を維持し、メモリコストと循環ファイナンスの懸念は過大評価と評価、売上上振れとガイダンス引き上げを予想。同社が挙げた着眼点に Vera Rubin チップの立ち上がりとメモリコスト上昇下での粗利率の耐久性が含まれる。,neutral,チャネル1(AI compute 需要)の最大の単一カタリスト。発表前のため impact は neutral で登録し、review-events で事後採点する。SOXX 内の比重と AI 需要の総量シグナルとしての位置づけから、半導体レバレッジ ETF にとって当該窓で最も価格影響の大きいイベントになる可能性が高い。着眼点はガイダンスと粗利率で、メモリコスト上昇(チャネル2)が粗利を削る経路と、循環ファイナンス(候補チャネル: AI 融資・信用構造)への言及の有無が需要の質を判定する材料になる。SOXLロングならこの日付をまたぐ建玉はイベントリスクを負う点に留意が必要。検証: NVIDIA IR 公表(Tier1)。なお一部媒体が本決算を fourth-quarter と記載しているが、会社の IR 公表は fiscal 2027 の第2四半期であり IR 表記を採用した。,direct,https://www.stocktitan.net/news/NVDA/nvidia-sets-conference-call-for-second-quarter-financial-t2wo8k69dark.html,unreviewed,2026-08-17 18:01:20.931272,scan-market
395,2026-08-27 23:00:00+09,fed,ジャクソンホール経済シンポジウム 開催予定 (8/27-29、カンザスシティ連銀主催。event_timestamp は初日の暫定アンカーで Warsh 議長の講演日時は未確認)。2026年のテーマは「Financial Innovation: Implications for Payments and Policy」。Kevin Warsh 議長は 7/29 の FOMC 後に、四半期ごとの小刻みな政策判断に議論が偏りがちであるとして講演で「大きな問い」を提示したい意向を示していた。同議長は forward guidance を減らす方針を明言している。,neutral,チャネル3(金利・割引率)。テーマが決済と金融イノベーションであり金融政策戦略の全面改訂は想定されにくいが、Warsh 議長が forward guidance を意図的に減らす方針を取っているため、講演内容が9月16日 FOMC の政策パス観測を動かす余地は通常年より大きい。発表前のため neutral で登録し review-events で事後採点する。2026年8月時点で市場は9月利上げの可能性を織り込む局面にあり、タカ派方向の示唆は long-duration 成長株の割引率を押し上げる経路を持つ。SOXLロングならこの週は政策イベントと NVIDIA 決算が重なる点に留意が必要。検証: カンザスシティ連銀公式(Tier1)と CNBC(Tier2)。,indirect,https://www.kansascityfed.org/research/jackson-hole-economic-symposium/,unreviewed,2026-08-17 18:01:20.931821,scan-market
396,2026-09-17 03:00:00+09,fed,"FOMC 政策決定 発表予定 (9/16 開催、結果公表は 14:00 ET = 9/17 03:00 JST の慣行に基づく暫定アンカー)。2026年8月時点の市場は利上げ方向を織り込む局面にあり、7月下旬には9月利上げ確率が約82%まで上昇していたが、8/7 の雇用統計(NFP -23,000)を受けて低下し、8月中旬の報道では約65%との観測と、CPI 発表直後に42%へ低下したとの観測が併存する。",neutral,チャネル3(金利・割引率)。発表前のため neutral。本イベントを登録する意義は、2026年8月の局面が「弱い経済指標が利上げ観測を後退させて株にプラスに働く」逆相関の構図にあることを明示し、以降の指標イベントの impact 判定の基準点を残す点にある。確率の水準については媒体間で 42% と 65% の開きがあり、観測時点が CPI 直後か小売売上後かで異なる可能性が高いため単一の数値として扱わない。SOXLロングなら当該日をまたぐ建玉は政策イベントリスクを負う。検証: CNBC・Chase・Motley Fool(Tier2)で9月16日開催と利上げ方向の織り込みを確認。確率水準は幅を持って記録した。,indirect,https://www.chase.com/personal/investments/learning-and-insights/article/september-2026-rate-hike-now-expected-amid-energy-shocks,unreviewed,2026-08-17 18:01:20.932284,scan-market
397,2026-08-18 02:00:00+09,geopolitical,米国とイランの60日間の覚書(MoU)・停戦が 2026-08-17 に期限切れとなり、ホルムズ海峡再開の合意に至らなかった(event_timestamp は米東部時間 8/17 からの暫定アンカー)。MoU は 6/17 に Trump 大統領と Pezeshkian 大統領が署名し、パキスタン仲介の高官級協議を経ていたもの。Trump は停戦延長の意思がないと述べ、イランに「降伏の白旗」を掲げるよう要求、さらにオマーンが「邪魔をするなら爆撃する」と発言した。ホワイトハウス高官は交渉を「static(膠着)」と表現(Politico、匿名)。60日間の停戦期間中も、イランが海峡の通航方法を拒否して船舶を攻撃し米が対イラン攻撃で応じるなど違反が続いていた。,negative,チャネル3(金利・割引率)が主、チャネル6(システミック risk-off)が副。原油高がインフレ期待を通じて長期金利を押し上げ、long-duration 成長株である半導体の割引率を上げる経路が2026年8月の中核であり、海峡再開の唯一の外交枠組みが失効したことはこの経路の逆風を長期化させる。lesson照合: K-009(Trump の SNS・演説での脅迫は裏チャネル交渉と並行する修辞パターン)と K-024(進行中の戦争の繰り返しイベントは neutral 既定)を確認した上で negative を維持する。理由は、本件が声明の応酬ではなく「両国が署名した公式の期限付き合意が失効した」という枠組みそのものの変化であり、lesson の但し書き「レジーム変化を伴うイベント」に該当するため。オマーン爆撃発言の部分は K-009 の範疇だが、MoU 失効という事実は修辞ではない。SOXLロングなら割引率上昇が逆風、SOXSなら追い風。検証: CNN・CNBC・CBS News・Al Jazeera の4系統(Tier2)で MoU 失効と Trump 発言の双方を確認。,indirect,https://www.cnbc.com/2026/08/17/us-iran-war-trump-hormuz.html,unreviewed,2026-08-18 17:24:45.282057,scan-market
398,2026-08-18 05:00:00+09,fed,米30年債利回りが 5.311% へ上昇し、2007年6月以来 約19年ぶりの高水準を記録(8/17 米国時間、前日比 +4bp超)。背景として、国家債務の増大、長期債の大量発行、および FRB 目標を5年間上回り続けているインフレへの懸念が挙げられている。6月には英国・中国・日本の上位保有国がそろって米国債保有を減らした。8/13 の $25B 30年債入札は落札利回り 5.216% と 2001年以来の高水準。一部ストラテジストは 5.60〜5.70% への一段の上昇余地を指摘している。,negative,チャネル3(金利・割引率)への直接的な負のショック。長期金利は将来キャッシュフローの割引率そのものであり、利益が先々に偏る AI・半導体などの long-duration 成長株の現在価値を最も強く圧迫する。2026年8月の局面では、原油高(ホルムズ閉鎖由来)がインフレ期待を押し上げ、それが債券売り→長期金利上昇→ハイベータ成長株の下落という順に伝播している。lesson照合: fed カテゴリの過去修正は FOMC dissent 構成の neutral→positive のみで、本件の negative 判定を妨げる neg→neu パターンには該当しない。断面テスト(K-055)の留意点として、本件は「株安時の金利低下」ではなく「金利上昇が株安を driving する」向きであり、割引率チャネルの発火は金利の方向から直接確認できる。SOXLロングなら割引率上昇が直接の逆風、SOXSなら追い風。検証: Bloomberg・CNBC(Tier2)および Spokesman 掲載の Bloomberg 配信記事で 5.311%/2007年6月以来を確認。入札利回り 5.216% は CRFB(Tier2)で確認。,indirect,https://www.cnbc.com/2026/08/18/30-year-treasury-yield-three-things-that-could-drive-it-even-higher.html,unreviewed,2026-08-18 17:24:45.285369,scan-market
399,2026-08-20 03:00:00+09,fed,FOMC 議事要旨(7/28-29 会合分) 公表予定 (8/19 米国時間、公表は 14:00 ET = 8/20 03:00 JST の慣行に基づく暫定アンカー)。7/29 の会合は Kevin Warsh 議長の初回会合であり、政策金利は 3.50-3.75% に据え置かれた。同議長は forward guidance を意図的に減らす方針を明言しているため、議事要旨が政策パスを読む数少ない手掛かりになる。,neutral,チャネル3(金利・割引率)。発表前のため neutral で登録し review-events で事後採点する。2026年8月の市場は9月利上げの可能性を織り込む局面にあり、議事要旨のインフレ認識・長期金利上昇への言及が政策パス観測を動かす余地がある。特に Warsh 議長が forward guidance を減らす方針を取っているため、議事要旨の相対的な情報価値は通常会合より高いと考えられる。タカ派的な記述は割引率をさらに押し上げ、ハト派的な記述は逆に働く。SOXLロングなら当該日をまたぐ建玉は政策イベントリスクを負う。検証: FRB 公式カレンダー(Tier1)および経済カレンダー各社(Tier2)で 8/19 公表を確認。,indirect,https://www.federalreserve.gov/newsevents/2026-august.htm,unreviewed,2026-08-18 17:24:45.286661,scan-market
400,2026-08-19 05:00:00+09,fed,米30年債利回りが 8/18 米国時間の日中に 5.33% 超へ上昇し19年ぶり高値を更新した後、5.285% へ低下して引けた(前日比 -2bp超)。背景は7月の財政赤字が2021年3月以来の月次最大、インフレ率の目標超過、原油高。,neutral,チャネル3(金利・割引率)。ただし今回の長期金利上昇は政策金利でなく財政赤字・インフレ期待・原油高によるターム・プレミアム主導で、台帳のチャネル3記述(政策金利/FOMC/要人発言)の範囲をやや外れる。台帳の記述拡張の検討候補。帰属3点確認: (1) VXN-VIX は同日(8/17)比較で 21.51-14.93=6.58 と広く、テック固有ストレスは無視できない。前回スキャンの 4.82 は VXN(8/14) と VIX(8/18) の日付不一致による過小評価であり訂正する。(2) 時系列先行性: 長期金利上昇は 8/17 から先行し半導体の下落はその後。金利が先行。(3) divergence 交絡: 同日アジアの Kospi は上昇しており世界的な半導体売りではない。断面では VIXY ほぼ横ばい・VIX 15.84・HYスプレッド 2.70 とタイトで、チャネル6(システミック risk-off)は不発。主driver=チャネル3、増幅=半導体の高デュレーション beta と判定し単一チャネル帰属を避ける。SOXL ロングには割引率上昇が逆風。日中高値を維持できず低下して引けた点は金利チャネル一服の可能性だが1日では確定せず追随確認が要る。lesson照合: 金利水準への negative 付与は結果追随になりやすく、当日方向が反転しているため neutral とする。検証: CNBC + tradingeconomics で5.285% の定量値が一致。,indirect,https://www.cnbc.com/2026/08/18/treasury-yields-.html,unreviewed,2026-08-19 17:23:12.351653,scan-market
401,2026-08-19 00:00:00+09,geopolitical,UAE が 8/18 にミサイル2発の脅威を探知したと発表し、イラン当局者は UAE へのミサイル発射を否定した(時刻は報道日からの暫定アンカー)。,neutral,チャネル3(地政学→原油供給リスク→インフレ期待→長期金利)経由。lesson照合: K-024(進行中の戦争における反復的なミサイル関連イベント)に該当し、イラン側が関与を否定、供給への実被害・米軍KIA・レジーム変化のいずれも確認できない。よって neutral を default とする。チャネル6(システミック risk-off)は VIX 15.84 / VIXY +0.21% / HYスプレッド 2.70 で不発。SOXL ロングへの直接影響は限定的だが、湾岸の供給リスクが残る限り原油の下落余地が塞がれ、長期金利の低下を妨げる経路で間接的に効く。検証: ABC News + Al Jazeera + CNN の3ソースで確認。,indirect,https://www.cnn.com/2026/08/18/world/live-news/iran-war-trump,unreviewed,2026-08-19 17:23:12.353353,scan-market
402,2026-08-19 02:00:00+09,geopolitical,Trump 大統領が 8/18 に「イランとの協議は行われておらず予定もない」と発言した。週初には IRGC との裏チャネルを設置したと述べていた(時刻は報道日からの暫定アンカー)。,neutral,チャネル3(地政学→原油→インフレ期待→長期金利)経由。lesson照合: K-009(Trump の修辞は裏チャネル交渉と並行するパターン)に該当。週初の裏チャネル設置示唆を数日で否定しており、修辞の振れとして扱い neutral とする。過去lesson「Iran 外交シグナルは24h反転リスク・提案単独で positive としない」も同方向で、逆に否定単独で negative ともしない。近い将来のデエスカレーション経路が後退すれば原油が高止まりし長期金利の低下を妨げるため SOXL ロングには間接的な逆風。ただしTrump 発言単独で impact を確定せず 24-48h の追随を確認する。検証: CNN + Al Jazeera の2ソース。,indirect,https://www.aljazeera.com/news/liveblog/2026/8/18/iran-war-live-trump-rejects-mou-extension-as-us-claims-control-of-hormuz,unreviewed,2026-08-19 17:23:12.353965,scan-market
403,2026-08-19 16:00:00+09,semiconductor,"SK hynix 取締役会が 8/19 に自社株 40兆ウォン($28.6B)の取得・消却を決議。約2,407万株(発行済の約3.3%)で韓国上場企業として過去最大の自己株式消却。取得期間は 8/20〜11/19 で取得後に全株消却。あわせて 2025-2027 の株主還元目標を「累積FCFの50%を上限」から「50%超を下限」へ引き上げ(時刻は韓国市場の取締役会公表慣行からの暫定アンカー)。",positive,候補チャネル1(AI 融資・信用構造)。K-053/K-054 の need≠return≠price のうち return/資金の持続性の層に直接効く事実。AI サプライチェーンの中でメモリ層が $28.6B を株主還元に回せるFCF を実際に生んでおり、同時期にネオクラウド(CoreWeave 総債務 $35.6B・YTM 10.44%・利払が調整後EBITDAの46%)が資金コスト上昇に晒されているのと対照的。付加価値がサプライチェーンのどの層に滞留しているかを示す一次情報。会社自身が「AI 投資の持続性への投資家の懸念を鎮める」意図と説明しており、懸念の存在も同時に確認できる点は割り引く必要がある。lesson照合: 既存 lesson は戦時イベントの negative バイアスと Iran 外交声明の positive バイアスに関するもので、自社株買いに該当する修正例は無い。取締役会決議済み・取得期間確定の確定事実であり提案や修辞ではないため positive を維持する。逆の読み(資本を設備投資でなく自社株買いに回す=増産機会の限界)も成立しうるが、還元目標の下限引き上げを伴う点で単なる capex 抑制とは異なると判断した。SOXL ロングへは、SK hynix が韓国上場でSOXX 構成の直接的な寄与は確認できていないためセクター心理経由の間接効果に留まる(relevance=indirect)。SOXS ショート側には逆風。検証: SK hynix 公式ニュースルーム(Tier1)+ PR Newswire(Tier1 配信) + Bloomberg + Korea Times の4ソースで決議内容と金額が一致。,indirect,https://news.skhynix.com/en/share-buyback-and-retirement/,unreviewed,2026-08-19 21:31:50.148586,scan-market
404,2026-08-20 03:00:00+09,fed,FOMC 議事要旨(7/28-29 会合分) RESULT (8/19 14:00 ET = 8/20 03:00 JST 公表): 5会合連続の据置(FF 3.50-3.75%)は 9-3 の採決で、反対した Hammack(Cleveland)・Kashkari(Minneapolis)・Logan(Dallas) の3地区連銀総裁はいずれも 0.25% の「利上げ」を選好。理事会メンバーの反対はゼロ。議事要旨は「インフレが低下しなければ追加引き締めが必要になる可能性が高い」と記し、一部participantは現在の金融環境が十分に引き締まっていない可能性を指摘。タカ派的な見方は反対3名を超えて広がっていた。反対者は「後段でより急かつ高コストな引き締め連鎖が必要になるのを未然に防ぐ」と判断したと記録。Warsh 議長が年間会合数を8回から6回へ減らす議論を提起したことも記載。,negative,チャネル3(金利・割引率)への直接のショック。lesson照合: 既存 lesson「FOMC dissent 構成はpricing 済み rate decision の二次catalyst。Miran型の継続的ハト派反対の存在は risk_on 側に重み」を対称に適用すると、今回は3名が「利上げ」を選好する明確なタカ派反対であり risk_off 側に重みが乗る。よって negative を維持する(戦時イベントの negative バイアス補正 lesson はFed カテゴリには適用対象外)。ADR-003 の negative 基準「レジーム変化を伴うイベント」に該当すると判断: 市場は利下げ方向を織り込む局面にあったが、議事要旨は追加引き締めの条件を明示しており、金利パスの方向そのものが問われる。SOXL ロングには、長期金利の低下余地が塞がれ最長デュレーション資産である半導体の割引率が高止まりするため逆風。SOXS ショート側には追い風。帰属3点確認は本イベント単独では不要(Fed の一次情報であり半導体売りの帰属判定ではない)が、同日のチャネル3の別イベント(長期金利19年ぶり高値)と同方向で重なる点は単一チャネルの二重計上に注意する。検証: CNBC(2026/08/19 付「Officials saw need for rate hike if inflation doesn't cool」) + Yahoo Finance + Quartz の3ソースで採決構成・反対者名・文言が一致。,indirect,https://www.cnbc.com/2026/08/19/fed-minutes-july-2026-officials-saw-need-for-rate-hike-if-inflation-doesnt-cool.html,unreviewed,2026-08-20 04:54:00.62696,scan-market
405,2026-08-19 15:30:00+09,semiconductor,8/19 のアジア市場で半導体売りが世界規模に拡大: 韓国 KOSPI は日中 最大 -6.8% まで下落後に下げ幅を縮小、Samsung Electronics -7.54%、SK hynix -9.93%。Bloomberg のアジア半導体指数は-3.2%。Bloomberg は「長期債利回りの上昇が半導体株を圧迫し韓国が最も打撃を受けた」と報道(時刻は韓国市場の引け 15:30 KST=JST を暫定アンカーとした)。,neutral,ADR-034 Standard層での捕捉。本イベントは値動きそのものであり impact を割り当てると循環になるため neutral・background とし、**チャネル帰属の断面情報として保存すること自体を目的とする**(非捕捉＝復元不能。KOSPI/Samsung/SK hynix は当プロジェクトの Parquet に無く価格系列から再導出できないため Standard層3 の除外に当たらない)。帰属上の意義: 8/18 のスキャンでは「韓国が逆行高だったので世界的な半導体売りではなく米国高ベータ株の金利反応」と判定したが、8/19 は韓国が最大の打撃を受けており **その反証根拠が消滅した**。すなわちチャネル3(金利・割引率)のショックは米国固有でなくグローバルな半導体売りとして発現している。注記: 8/18 の KOSPI について「+2%(Samsung +3%/SK Hynix +5%)」と「-1.55%で5日続伸が途切れた」という相互に矛盾する報道があり、8/18 分の数値は未解決のまま残す(8/19 分はBloomberg で確認済み)。SOXL ロングへの含意は、半導体売りが地域限定でないため「地政学が収まれば戻る」という読み(K-052 が警告する誤読)を採らないこと。検証: Bloomberg(2026-08-19「Korea Bears Brunt as Higher Bond Yields Weigh on Chip Stocks」)+ Saxo Market Quick Take(2026-08-19) + Investing.com の3ソース。,background,https://www.bloomberg.com/news/articles/2026-08-19/korea-bears-brunt-as-higher-bond-yields-weigh-on-chip-stocks,unreviewed,2026-08-20 04:54:00.628961,scan-market
406,2026-08-18 22:00:00+09,geopolitical,[BACKFILL: 前回スキャン(8/19 17:32 JST)の窓内だが未登録だった] イラン議会議長で交渉責任者のMohammad Bagher Ghalibaf が 8/18、ホルムズ海峡は米国が6月中旬の枠組み合意の義務を履行するまで閉鎖を維持すると表明。要求項目は海上封鎖の解除・凍結資産の解放・石油制裁の解除・全戦線での威嚇と軍事作戦の停止(時刻は報道日からの暫定アンカー)。,neutral,チャネル3(地政学→原油供給→インフレ期待→長期金利)経由。lesson照合: 既存 lesson「Iran の外交シグナルは24h反転リスクが高く、提案単独で positive としない」を対称に適用し、強硬な要求提示も単独で negative としない。K-009(裏コネ交渉と並行する修辞パターン)にも該当。供給への新たな実被害・米軍KIA・レジーム変化のいずれも伴わないため neutral を default とする。ただし内容面では、これまでの漠然とした「協議停滞」より一段具体的で、**再開の条件が4項目に明文化された**点は交渉の可視性を上げる情報価値がある。SOXL ロングへの含意: 条件が満たされない限り原油の下落余地が塞がれ、長期金利の低下を妨げる経路で間接的な逆風。逆に4項目のいずれかで米側が動けば原油急落→金利低下→半導体の割引率改善という反転経路になりうるため、両にらみで監視する。検証: Africanews(2026/08/18) + Washington Times(2026/aug/18) + ANI(20260818) の3ソースで要求4項目が一致。なお「ホルムズは開いており運用中」とする記述も別途存在したが出典が Wikipedia 由来で検証できず、Tier1-2 の報道側(閉鎖維持)を採用した。,indirect,https://www.africanews.com/2026/08/18/strait-of-hormuz-to-remain-closed-until-us-meets-irans-demands-top-negotiator-says/,unreviewed,2026-08-20 04:54:00.629609,scan-market
407,2026-08-20 02:00:00+09,fed,[BACKFILL: 前回スキャン(2026-08-20 04:55 JST)の窓内だが未登録だった] 米財務省(Bessent長官)が 8/19 米国時間に長期債の流動性供給バイバック(買い戻し)を1オペあたり $2B から「最低でも $4B」へ倍増すると予告なしに発表。対象は 10-20年債と 20-30年債セクターで、2026-09-09 に発効し 2026-11-04 まで継続する。発表後に長期金利は急低下し、30年債は前日比 -9bp の 5.196%、10年債は -6bp の 4.647% で引けた。event_timestamp は 8/19 13:00 ET の暫定アンカー(発表の正確な時刻は未特定)。,positive,チャネル3(金利・割引率)への直接的な緩和ショック。長期デュレーション資産である半導体には追い風方向に働く。**この登録は前回スキャンの帰属を訂正する**: 前回スキャンは同日 14:00 ET の FOMC 議事要旨(タカ派)だけを捕捉し「金利の逆風が制度的に確認された」と結論したが、実際には同じ 8/19 に 30年債は 5.285% から 5.194% へ 9bp 低下している(FRED/H.15 系列と yfinance ^TYX で一致)。8/17-8/18 の「長期金利が半導体を潰した」という帰属は 8/19 には当てはまらない。8/19 に SOXX が -2.21% だった一方 S&P500/Nasdaq/Dow はいずれも +0.2% で3日続落を止めており、断面(K-055)は「広範 risk-off」でなく半導体固有の売りを示す。ポジション影響: SOXL ロングなら割引率チャネルの逆風が 8/19 時点で剥落したことになり、CLAUDE.md スタンス節の再エントリー条件③(US30Y < 5.2%)は 8/19 終値 5.194% で既に充足。ただし buyback の発効は 9/9 であり、8/20 以降の需給に即効性はない点は割り引く。検証レベル: CNBC + Bloomberg + Quartz の3系統で内容一致(Tier 2 が2件以上)。,indirect,https://www.cnbc.com/2026/08/19/treasury-announces-upscaled-buyback-operation-for-longer-term-debt-sending-yields-lower.html,unreviewed,2026-08-20 17:01:08.835242,scan-market
408,2026-08-20 15:30:00+09,semiconductor,"2026-08-20 のアジア市場で半導体株が全面高。韓国 KOSPI は +5.89% の 6,852.58 で引け、サイドカー(プログラム売買一時停止)が発動。SK hynix +12.80%、Samsung Electronics +9.49%。日経225 は +1.36% の 66,216.79。前日 8/19 のアジア半導体急落(KOSPI 日中最大 -6.8%、Samsung -7.54%、SK hynix -9.93%)からの全戻し以上の反発。",neutral,チャネル: 半導体セクター(株主還元による資本配分)。駆動は Samsung の 100兆ウォン超の株主還元計画報道と SK hynix の 40兆ウォン自社株買い(8/19 決議済み、DB 登録済み)。lesson照合: 過去に「4/15 Nikkei 225終値 +1%、半導体上昇」を positive で登録し review-events で neutral へ修正した実例がある(K-034: アジア半導体ラリーを SOXL/TECL の day1 positive エントリーシグナルとして使うのは誤り。pre-event ポジショニングは当日の SOX の上昇を保証しない)。今回はこの lesson がそのまま当てはまる — アジアの上昇は韓国企業固有の資本還元イベントが駆動しており、米国半導体の需要・収益見通しの変化ではない。したがって positive でなく neutral とする。なお 8/19 の帰属訂正も必要: 前回スキャンは「8/19 に韓国が最大の打撃 → チャネル3のショックはグローバル」と改めたが、8/20 に韓国が +5.89% で全戻ししたことで「グローバルな構造的半導体売り」という読みも支持されなくなった。8/19 の韓国安は株主還元発表前の一時的なもので、2営業日での往復に留まる。ポジション影響: SOXL ロングなら 8/20 米国寄付での gap up 期待だが、K-034 によりアジア高をエントリー根拠に使わない。SOXS なら逆風。検証レベル: Bloomberg + Seoul Economic Daily + TradingKey で数値一致(Tier 2 が2件以上)。,direct,https://www.bloomberg.com/news/articles/2026-08-20/samsung-planning-shareholder-return-of-72-billion-report-says,unreviewed,2026-08-20 17:01:08.836573,scan-market
409,2026-08-20 12:00:00+09,semiconductor,"Samsung Electronics が 100兆ウォン(約 $71.75B)超の株主還元計画を 8月末の取締役会で承認する見込みと報道された(特別配当を含み、フリーキャッシュフローの 50% を充当)。2026年 Q2 の営業利益は 89.5兆ウォン(前年同期比 +1,813.8%)、売上は 171.5兆ウォン(+130%)。event_timestamp は報道日 8/20 の暫定アンカー(配信時刻は未特定)。実際の承認は 8月末の取締役会で、日付は未確定。",neutral,チャネル: 半導体セクター。ただし現時点では「報道(media reports)」であり企業の公式発表ではないため、確定イベントとして positive を付けない。8月末の取締役会が実カタリストで、そこで金額が下振れれば反転リスクがある。K-053/K-054 の融資・信用構造レンズで見ると、これは need(数量需要)の硬さではなく return(収益性)を原資とした資本還元であり、AI 半導体の需要サイクルそのものを裏付ける情報ではない点に注意する。なお SK hynix は $28.6B の自社株買いを発表した当日(8/19)に -9.93% で、資本還元は当日の金利ショックを相殺できなかった前例がある(DB 登録済み)。ポジション影響: SOXL ロングにとってはアジア半導体のセンチメント支援だが、米国上場の半導体 ETF(SOXX)への直接的な構成比寄与はない(Samsung は SOXX 非構成)。検証レベル: Bloomberg + The Star(Reuters 配信) + Seoul Economic Daily で内容一致。,indirect,https://www.thestar.com.my/tech/tech-news/2026/08/20/samsung-electroncis-to-announce-more-than-72-billion-shareholder-return-programme-media-reports,unreviewed,2026-08-20 17:01:08.837235,scan-market
410,2026-08-20 20:00:00+09,market,Walmart(WMT) FY27 Q2 決算を 8/20 06:00 CDT(=07:00 ET=20:00 JST)に発表。米国既存店売上(燃料除く)は +2.6% で、FactSet 集計のコンセンサス +3.5% を下回り Bloomberg 集計のアナリスト最低予想も下回る6年超ぶりの低成長。ただし内訳として、薬価上限規制による health & wellness 部門の -0.8pt の押し下げを含む。全社売上は +5.9%、eコマースは世界で +23%。通期 FY27 ガイダンスは *上方修正*(純売上 +3.5〜4.5% → +4.0〜5.0%、調整後EPS $2.75-2.85 → $2.80-2.87)。,neutral,チャネル6(システミック risk-off、既定 relevance indirect〜background)への照合で登録。半導体固有の材料ではなく、米消費需要シグナルが広範 risk-off 経由で高beta の半導体にbeta 波及する経路。impact を neutral としたのは、ヘッドラインの既存店ミス(-0.9pt)の約9割(-0.8pt)が薬価上限という規制要因で説明され、需要減速と規制要因を分離すると既存店は概ねコンセンサス並みであること、かつ通期ガイダンスが売上・EPS とも上方修正されていることによる。「米消費の減速」と単一帰属するには内容が両面的。ポジション影響: SOXL ロングなら、この材料を半導体固有の悪材料と読むのは誤り。広範 beta 経由の一時的な圧力として扱い、断面(SOXX vs QQQ vs SPY)で半導体固有性が再燃していないかを確認する(K-055)。検証レベル: Bloomberg(既存店6年超ぶり低成長・最低予想未達)と CNBC(+2.6% vs FactSet +3.5%、薬価 -0.8pt、通期上方修正)の2ソースで確認。,indirect,https://www.cnbc.com/2026/08/20/walmart-wmt-q2-2027-earnings.html,unreviewed,2026-08-20 21:02:14.275936,scan-market
411,2026-08-18 05:00:00+09,market,[BACKFILL: 8/17 米国時間の情報だが過去スキャン未登録] 米投資適格債の8月起債額が 8/17 時点で $145.2B に達し、2020年8月の月間記録 $136B を更新。月間記録の更新は3か月連続で、年初来では $1.4T(2020年の同時期比 +9%)。Bloomberg は AI インフラ投資向けの企業借入が起債ペースを押し上げていると報じた。,negative,候補チャネル「AI 融資・信用構造」(docs/event-channels.md)への照合で登録。確定チャネル3(政策金利)でも5(市場内部フロー)でもなく、AI 設備投資の資金調達が社債市場の供給を通じて長期ゾーンの資金コストを押し上げ、資本構造の脆弱性が需要の持続性を脅かす経路。K-054 の need(数量) / return(収益性) / 資金の持続性 の3層分離でいう第3層に当たり、受注や出荷の硬さでは打ち消せない。impact を negative としたのは、供給増自体が発行体の調達コスト上昇として実体を持ち、かつ 8/17-8/18 に米30年債が 5.31%→5.33% と19年ぶり高値を更新した局面と同一の資金需給要因を共有するため。ポジション影響: SOXL ロングなら、金利上昇が Fed 政策でなく起債供給で起きている間はFOMC のハト派転換では解消しない性質の逆風になる。検証レベル: Bloomberg 2本(8/17 の August record 記事、8/10 の issuer 数記事)で確認。,indirect,https://www.bloomberg.com/news/articles/2026-08-17/us-high-grade-bond-sales-set-august-record-in-year-full-of-them,unreviewed,2026-08-20 21:02:14.277917,scan-market
412,2026-08-10 22:00:00+09,semiconductor,[BACKFILL: 2026-08-10 の発表だが過去スキャン未登録] NVIDIA が Apollo / BlackRock / Blackstone / Brookfield / Goldman Sachs / KKR の6社と提携し、AI データセンタ向けに $500B 超の外部資本を動員する枠組みを発表。6つの独立した金融プラットフォームが NVIDIA の顧客にデータセンタ建設・NVIDIA ハードウェア取得の資金を供給し、GPU の計算能力そのものを担保(collateral)として扱う。Goldman Sachs は6社中唯一の伝統的投資銀行として GPU 担保コンピュート債を米保険会社・運用会社・銀行に販売中。Jensen Huang は CNBC で自社チップを「investable asset(投資可能資産)」と表現した。,neutral,候補チャネル「AI 融資・信用構造」(docs/event-channels.md)への照合で登録。既登録の 2026-07-11「循環取引ナラティブ主流化」および 2026-07-27「NVIDIA が OpenAI 向けに $250B backstop を交渉」と同一経路の続報だが、規模($500B)と枠組みの制度化(6プラットフォーム・GPU 担保証券化・年金/保険マネーへの販売)で内容が異なるため重複としない。K-054 の need(数量) / return(収益性) / 資金の持続性 の3層分離では第3層に当たる。impact を neutral としたのは両義性による: 需要側から見れば顧客の資金制約を外してNVIDIA 製品の購買力を拡大する(positive 方向)一方、GPU を担保とする証券化は担保価値が chip の陳腐化速度に依存し、AI 設備投資の資金循環をより信用市場に連動させる(negative 方向)。どちらが優越するかは事前に決められない。ポジション影響: SOXL ロングなら、この枠組みは「AI 需要の数量」を強化する材料に見えるが、実際には需要の資金源を信用スプレッドに接続する構造変化であり、HY スプレッド拡大や AI 発行体 CDS の変動が半導体に伝播する感度を高める方向に働く。今後スプレッドが拡大する局面では、受注や出荷の硬さが下支えにならない可能性を織り込む。検証レベル: CNBC(8/10、6社の社名と $500B、Huang の investable asset 発言)と Fortune(8/12、circular financing・年金資産への波及)の2ソースで確認。lesson照合: 過去の semiconductor 系 negative→neutral 修正(realized price の look-ahead 混入)に該当しないよう、価格反応は判定に用いていない。,indirect,https://www.cnbc.com/2026/08/10/nvidia-wall-street-asset-managers-500-billion-ai-push.html,unreviewed,2026-08-21 00:40:39.871157,scan-market
413,2026-08-21 05:00:00+09,fed,"米30年債利回りが 8/20 米国時間に +5.7bp の 5.251% へ上昇し、前日の財務省バイバック倍増発表による低下(-9bp の 5.196%)を1営業日で全戻しした。日中は 5.27% まで上昇後、Bessent 財務長官の発言を受けて 5.25% へ小幅低下。同日の米株は S&P500 -0.87%(7,641.16)、Nasdaq総合 -1.0%(26,067.17)、Dow -1.32%(52,759.21)。event_timestamp は 8/20 16:00 ET(米国引け)= 8/21 05:00 JST。",negative,チャネル3(金利・割引率)。8/19 の財務省バイバック倍増(既登録 event id=407)による長期金利低下は 1営業日しか持たなかった。帰属バイアス補正3点: (1)VXN-VIX 乖離は 8/19 で 22.04-14.89=7.15pt と広く、テック固有ストレスの成分は存在する。(2)時系列先行性: 30年債は 8/17 に 5.311%、8/18 日中に 5.33% 超と、半導体売り(8/18)より先行しており金利が driver。(3)divergence の交絡: 8/20 は Dow -1.32% が最弱で、油高によるエネルギー株押上げでは説明できない(Dow 自体が下落)。IWM -1.34% と揃い、金利感応度の高い資産が一様に売られた形。帰属の断面テスト(K-055、1倍指数の序列): 8/20 は SOXX +0.516% > QQQ -0.719% > SPY -0.840% > IWM -1.342%。半導体が最強・小型株が最弱で、これは広範 risk-off が半導体を叩く形ではなく、金利主導の圧力の中で半導体が別チャネル(メモリ資本還元)で逆行した形。この断面は帰属判定にのみ用い、impact の根拠には使わない(K-056)。lesson照合: fed カテゴリの過去修正は「pricing済み決定でも dissent 構成が二次catalyst」(neutral→positive)で、方向が逆かつ本件は政策措置に対する市場の反応であるため当てはまらない。negative を維持する根拠は、政策的な長期金利抑制が機能しなかったことが確認され、最長デュレーション資産である半導体の割引率上昇圧力が制度的に残ると読めるため。ポジション影響: SOXL ロングは割引率チャネルの逆風を受ける(建玉があれば無効化ラインの再確認が要る)。SOXS は逆だが CLAUDE.md 方針により逆張り SOXS は当面取らない。,indirect,https://www.bloomberg.com/news/articles/2026-08-20/bessent-s-plan-at-best-circuit-breaker-for-global-bond-slump,unreviewed,2026-08-21 18:34:49.144373,scan-market
414,2026-08-19 03:00:00+09,geopolitical,[BACKFILL: 前回までのスキャン窓内だが Tier1-2 の複数確認が取れず未登録だった] UAE 外務省が イランとの全ての貿易取引・金融取引を即時停止すると発表(8/18-19)。期限は「追って通知があるまで」。イランから発射された弾道ミサイル2発のうち1発がUAE 領海内に着弾したことへの対応。UAE はイランにとって中国に次ぐ第2位の貿易相手国。本紛争での UAE 側の死者は12人以上、負傷200人超。event_timestamp は報道日からの暫定アンカー(発表の正確な時刻は未特定)。,neutral,チャネル6(システミック risk-off)および チャネル3(油→インフレ→政策金利)経由の間接経路。lesson照合: 過去の geopolitical 修正は (a)K-024 進行中の戦争の繰り返しイベント、(b)K-009 Trump 修辞、(c)迎撃成功パターン、のいずれも negative→neutral 方向。本件はそのどれにも該当しない — UAE によるイランとの全面的な通商・金融関係の停止は修辞でも迎撃でもなく、イランの第2位の貿易相手国による初回の制度的措置である。それでも neutral とする理由は、半導体への伝播が油→インフレ→政策金利の2ホップであり、現時点の Brent は $92.94(8/21 parquet)で、本紛争で既往の $102 を下回っていること。供給への実被害が価格に表れる段階には至っていないため、『negative にするのは供給に実被害があった場合』の基準を満たさない。既登録の event id=401 は 8/18 のミサイル探知の発表であり、本件(通商停止という措置)とは別事象。ポジション影響: SOXL ロングにとっては、油高がインフレ経由で利上げ観測を押し上げる場合にのみ効く遠因。監視すべきはイベント自体でなく Brent が $100 を回復するかどうか。,background,https://www.washingtonpost.com/world/2026/08/19/uae-says-it-is-suspending-trade-with-iran-after-missile-attack/,unreviewed,2026-08-21 18:34:49.146565,scan-market
415,2026-08-20 02:00:00+09,geopolitical,[BACKFILL: 前回スキャン(2026-08-21 00:40 JST)の窓外だが未登録だった] Trump 大統領が Truth Social で対イラン「経済戦争と孤立化を前例のない規模で行う」と宣言(8/19 米国時間)。イランを支援する第三国に対し「その国自身が甚大な経済的結果に直面する」と警告し、石油密輸・スワップライン・現金移転・両替商・船舶登録・フロント企業の停止を要求。同政権が4月から続ける Operation Economic Fury の延長に位置付けられる。event_timestamp は 8/19 13:00 ET の暫定アンカー(投稿の正確な時刻は未特定)。,neutral,チャネル6(システミック risk-off)。lesson照合: K-009(Trump の SNS/演説での最後通牒・脅迫は裏チャネル交渉と並行する修辞パターン)に正面から該当するため impact=neutral を既定とする。過去の同型イベント(id=231 5/18 攻撃延期の Truth Social、id=365 8/1 攻撃中止の Truth Social)も同じ扱い。本件は Truth Social 投稿による宣言であり、具体的な発動措置・対象・期日を伴わない。第三国への二次制裁の脅しを含む点で射程は広いが、『攻撃宣言不実行』(期限付き脅迫→期限経過→実行なし)のパターン履歴があるため、宣言の段階で negative を付けない。negative へ引き上げる条件は、実際の二次制裁の発動(対象国・機関の指定)またはイラン産原油の輸出量に観測可能な減少が出た場合。ポジション影響: 現段階では SOXL ロングへの直接の含意なし。UAE の通商停止(同時期に登録)と合わせ、油価経由の間接経路としてのみ監視する。,background,https://www.cnbc.com/2026/08/19/us-iran-war-trump-hormuz-economic-warfare.html,unreviewed,2026-08-21 18:34:49.147267,scan-market
416,2026-08-21 09:00:00+09,semiconductor,"SK hynix が日本の宮城県にメモリ半導体工場の建設を検討していると 8/21 に韓国紙 Hankyoreh が業界筋として報道。投資規模は数十兆ウォン規模になりうるとされ、実現すれば韓国半導体企業による日本での初の大規模製造投資となる。SK グループ会長 Chey Tae-won が同地域を最近訪問。SK hynix は「決定した事実はない。必要なインフラのある立地はいずれも候補になりうる」とコメント。同日のアジア市場では KOSPI +0.88%(6,912.94)、日経225 -0.30%(66,016.36)、Samsung Electronics +3.87%、SK hynix +2.31%、Kioxia +2.59%。event_timestamp は報道日の暫定アンカー(配信時刻は未特定)。",neutral,チャネル2(メモリ/HBM 需給)。メモリの生産能力拡張は同チャネルへの直接のショックにあたる。impact=neutral とする理由は、SK hynix 自身が「決定した事実はない」「必要なインフラのある立地はいずれも候補になりうる」と述べており、報道段階で確定していないため。また能力拡張はメモリ需給に対して中期的には供給増(価格下押し)、短期的には設備投資需要(製造装置に追い風)と方向が相反し、単一方向に判定できない。lesson照合: semiconductor カテゴリの直近 lesson は「impact 判定に realized price を書くとlook-ahead が混入する」(K-056)であり、本 reasoning には値動きを根拠として書いていない。note: 韓国紙 Hankyoreh の industry sources 報道が一次で、Reuters 系が二次配信している。ポジション影響: SOXL ロングに対しては、メモリ需要の強さを示す傍証として positive 寄りだが、未確定情報のため単独でサイズ判断の根拠にはしない。,indirect,https://finance.yahoo.com/technology/articles/south-koreas-sk-hynix-considers-005656330.html,unreviewed,2026-08-21 18:34:49.147804,scan-market
