id,skill_name,executed_at,result_summary,metadata,created_at
1,scan-market,2026-03-29 00:16:32.500995+09,5 events added,"{""latest_source_date"": ""2026-03-28T20:00:00+09:00"", ""latest_source"": ""CNN live updates (Iran war)"", ""categories_searched"": [""geopolitical"", ""fed"", ""semiconductor"", ""oil"", ""tariff"", ""market""]}",2026-03-29 00:16:32.82722
2,scan-market,2026-03-29 01:12:34.791679+09,32 events added (initial full scan: Q1 2025 - Q1 2026),"{""scan_type"": ""initial_full_scan"", ""period"": ""2025-01 to 2026-03"", ""quarters"": [""Q1_2025"", ""Q2_2025"", ""Q3_2025"", ""Q4_2025"", ""Q1_2026""], ""categories_searched"": [""geopolitical"", ""fed"", ""semiconductor"", ""oil"", ""tariff"", ""market""], ""events_by_category"": {""tariff"": 10, ""fed"": 8, ""geopolitical"": 6, ""market"": 4, ""semiconductor"": 3, ""oil"": 2}, ""latest_source_date"": ""2026-03-27""}",2026-03-29 01:12:35.108422
3,review-events,2026-03-29 02:14:15.121781+09,"34 events reviewed, 4 impact revised, 1 dismissed (duplicate)","{""revised_events"": {""26"": ""negative->neutral (\u9285\u95a2\u7a0e\u306f\u534a\u5c0e\u4f53\u306b\u9650\u5b9a\u7684)"", ""32"": ""positive->neutral (\u7c73\u4e2d\u5408\u610fsell the news)"", ""34"": ""neutral->negative (FRB\u30bf\u30ab\u6d3e\u30b7\u30b0\u30ca\u30eb)"", ""39"": ""positive->neutral (IEEPA\u9055\u61b2\u2192Section 122\u76f8\u6bba)""}, ""dismissed"": [12]}",2026-03-29 02:14:15.412839
4,scan-market,2026-03-29 12:58:16.183944+09,2 events added,"{""latest_source_date"": ""2026-03-28"", ""categories_searched"": [""geopolitical"", ""fed"", ""semiconductor"", ""oil"", ""tariff"", ""market""], ""scan_period"": ""2026-03-29 01:12 JST ~ 2026-03-29 12:51 JST""}",2026-03-29 12:58:16.497827
5,scan-market,2026-03-30 12:26:59.621682+09,2 events added,"{""latest_source_date"": ""2026-03-29"", ""categories_searched"": [""geopolitical"", ""fed"", ""semiconductor"", ""oil"", ""tariff"", ""market""], ""scan_period"": ""2026-03-29 12:58 JST ~ 2026-03-30 12:19 JST""}",2026-03-30 12:26:59.926511
6,scan-market,2026-03-30 14:11:01.34761+09,2 events added,"{""latest_source_date"": ""2026-03-30"", ""categories_searched"": [""geopolitical"", ""fed"", ""semiconductor"", ""oil"", ""tariff"", ""market""], ""scan_period"": ""2026-03-30 12:27 JST ~ 2026-03-30 14:09 JST""}",2026-03-30 14:11:01.652315
7,scan-market,2026-03-30 17:52:48.969089+09,4 events added,"{""latest_source_date"": ""2026-03-30"", ""categories_searched"": [""geopolitical"", ""fed"", ""semiconductor"", ""oil"", ""tariff"", ""market""], ""scan_period"": ""2026-03-30 14:11 JST ~ 2026-03-30 17:48 JST""}",2026-03-30 17:52:49.275559
8,scan-market,2026-03-30 18:44:17.384618+09,2 events added,"{""latest_source_date"": ""2026-03-30"", ""categories_searched"": [""geopolitical"", ""fed"", ""semiconductor"", ""oil"", ""tariff"", ""market""], ""scan_period"": ""2026-03-30 17:52 JST ~ 2026-03-30 18:45 JST""}",2026-03-30 18:44:17.706852
9,scan-market,2026-03-30 22:08:31.874901+09,4 events added,"{""latest_source_date"": ""2026-03-30T22:00+09:00"", ""categories_searched"": [""geopolitical"", ""fed"", ""semiconductor"", ""oil"", ""tariff"", ""market""], ""scan_period"": ""2026-03-30 18:44 JST ~ 2026-03-30 22:05 JST""}",2026-03-30 22:08:32.222566
10,scan-market,2026-03-31 09:39:28.174088+09,4 events added,"{""latest_source_date"": ""2026-03-31"", ""categories_searched"": [""geopolitical"", ""fed"", ""semiconductor"", ""oil"", ""tariff"", ""market""], ""scan_period"": ""2026-03-30 22:08 JST ~ 2026-03-31 09:45 JST""}",2026-03-31 09:39:28.502462
11,scan-market,2026-03-31 09:56:44.097109+09,3 events added,"{""latest_source_date"": ""2026-03-31"", ""categories_searched"": [""geopolitical"", ""fed"", ""semiconductor"", ""oil"", ""tariff"", ""market""], ""scan_period"": ""2026-03-31 09:39 JST ~ 2026-03-31 10:00 JST""}",2026-03-31 09:56:44.427787
12,review-events,2026-03-31 10:02:55.046825+09,"7 events reviewed (1 impact revision, 1 duplicate found)","{""reviewed_ids"": [65, 66, 4, 63, 11, 5, 7], ""revisions"": [{""id"": 65, ""from"": ""negative"", ""to"": ""neutral""}], ""duplicates"": [{""id"": 63, ""duplicate_of"": 4}]}",2026-03-31 10:02:55.355844
13,scan-market,2026-03-31 19:24:16.47871+09,4 events added,"{""latest_source_date"": ""2026-03-31"", ""categories_searched"": [""geopolitical"", ""fed"", ""semiconductor"", ""oil"", ""tariff"", ""market""], ""scan_period"": ""2026-03-31 09:56 JST ~ 2026-03-31 19:22 JST""}",2026-03-31 19:24:16.78588
14,scan-market,2026-03-31 22:03:31.249939+09,5 events added,"{""latest_source_date"": ""2026-03-31T22:30+09:00"", ""categories_searched"": [""geopolitical"", ""fed"", ""semiconductor"", ""oil"", ""tariff"", ""market""], ""scan_period"": ""2026-03-31 19:24 JST ~ 2026-03-31 22:01 JST""}",2026-03-31 22:03:31.583466
15,scan-market,2026-03-31 22:38:49.780505+09,3 events added,"{""latest_source_date"": ""2026-03-31T22:37+09:00"", ""categories_searched"": [""geopolitical"", ""fed"", ""semiconductor"", ""oil"", ""tariff"", ""market""], ""scan_period"": ""2026-03-31 22:01 JST ~ 2026-03-31 22:37 JST""}",2026-03-31 22:38:50.085414
16,scan-market,2026-03-31 22:41:57.390116+09,0 events added (no new material since 22:37 JST),"{""latest_source_date"": ""2026-03-31T22:30+09:00"", ""categories_searched"": [""market""], ""scan_period"": ""2026-03-31 22:37 JST ~ 2026-03-31 22:41 JST"", ""note"": ""Only 4 min since last scan. No new events found.""}",2026-03-31 22:41:57.698898
17,scan-market,2026-03-31 23:39:29.91916+09,2 events added,"{""latest_source_date"": ""2026-03-31T23:30+09:00"", ""categories_searched"": [""geopolitical"", ""fed"", ""semiconductor"", ""oil"", ""tariff"", ""market""], ""scan_period"": ""2026-03-31 22:41 JST ~ 2026-03-31 23:38 JST""}",2026-03-31 23:39:30.235489
18,scan-market,2026-04-01 00:36:12.876192+09,2 events added,"{""latest_source_date"": ""2026-04-01T00:30+09:00"", ""categories_searched"": [""geopolitical"", ""fed"", ""semiconductor"", ""oil"", ""tariff"", ""market""], ""scan_period"": ""2026-03-31 23:39 JST ~ 2026-04-01 00:35 JST""}",2026-04-01 00:36:13.199922
19,scan-market,2026-04-01 09:24:43.233029+09,3 events added,"{""latest_source_date"": ""2026-04-01T05:00+09:00"", ""categories_searched"": [""geopolitical"", ""fed"", ""semiconductor"", ""oil"", ""tariff"", ""market""], ""scan_period"": ""2026-04-01 00:36 JST ~ 2026-04-01 09:23 JST""}",2026-04-01 09:24:43.54492
20,scan-market,2026-04-01 16:58:16.018474+09,4 events added,"{""latest_source_date"": ""2026-04-01T16:30+09:00"", ""categories_searched"": [""geopolitical"", ""fed"", ""semiconductor"", ""oil"", ""tariff"", ""market""], ""scan_period"": ""2026-04-01 09:24 JST ~ 2026-04-01 16:55 JST""}",2026-04-01 16:58:16.314971
21,scan-market,2026-04-01 20:48:00.354839+09,4 events added,"{""latest_source_date"": ""2026-04-01T20:30+09:00"", ""categories_searched"": [""geopolitical"", ""fed"", ""semiconductor"", ""oil"", ""tariff"", ""market""], ""scan_period"": ""2026-04-01 16:58 JST ~ 2026-04-01 20:44 JST""}",2026-04-01 20:48:00.699248
22,scan-market,2026-04-01 21:55:31.11664+09,0 events added (all already registered or insufficient sources),"{""latest_source_date"": ""2026-04-01T21:40+09:00"", ""categories_searched"": [""geopolitical"", ""fed"", ""semiconductor"", ""oil"", ""tariff"", ""market""], ""scan_period"": ""2026-04-01 20:48 JST ~ 2026-04-01 21:44 JST"", ""note"": ""NATO withdrawal headline (NBC only) - monitor for second source""}",2026-04-01 21:55:31.432969
23,scan-market,2026-04-01 22:25:46.125861+09,"1 event added (IEA oil supply warning). 3 events added via monitoring loop (NATO, Hormuz concession, gas $4)","{""latest_source_date"": ""2026-04-01T22:20+09:00"", ""categories_searched"": [""geopolitical"", ""fed"", ""semiconductor"", ""oil"", ""tariff"", ""market""], ""scan_period"": ""2026-04-01 21:55 JST ~ 2026-04-01 22:23 JST"", ""monitoring_events"": [""NATO withdrawal"", ""Hormuz concession"", ""gas $4.02"", ""IEA warning""]}",2026-04-01 22:25:46.431646
24,entry-analysis,2026-04-01 22:57:37.154525+09,"SOXL long -- trade #2 recorded, confidence 35%","{""symbol"": ""SOXL"", ""direction"": ""long"", ""regime"": ""risk_off"", ""flow"": ""neutral"", ""trade_id"": 2, ""entry_price"": 51.65, ""tp"": 55.0, ""sl"": 48.0}",2026-04-01 22:57:37.47201
25,scan-market,2026-04-02 09:30:49.406921+09,"5 events added (market close, Iran strikes, UK Hormuz conf, Brent<$100, Fed outlook)","{""latest_source_date"": ""2026-04-02T06:00+09:00"", ""categories_searched"": [""geopolitical"", ""fed"", ""semiconductor"", ""oil"", ""tariff"", ""market""], ""scan_period"": ""2026-04-01 22:25 JST ~ 2026-04-02 00:10 JST""}",2026-04-02 09:30:49.715334
26,scan-market,2026-04-02 09:43:00.724126+09,"2 events added (ADP +62K, WH fact sheet victory narrative)","{""latest_source_date"": ""2026-04-02T09:00+09:00"", ""categories_searched"": [""geopolitical"", ""fed"", ""semiconductor"", ""oil"", ""tariff"", ""market""], ""scan_period"": ""2026-04-02 00:10 JST ~ 2026-04-02 09:40 JST"", ""note"": ""Trump speech at 10:00 JST not yet delivered. No new semi/tariff events.""}",2026-04-02 09:43:01.046741
27,scan-market,2026-04-02 12:34:18.565976+09,"3 events added (Trump speech outcome, Iran denies ceasefire, SpaceX IPO)","{""latest_source_date"": ""2026-04-02T10:20+09:00"", ""categories_searched"": [""geopolitical"", ""fed"", ""semiconductor"", ""oil"", ""tariff"", ""market""], ""scan_period"": ""2026-04-02 09:43 JST ~ 2026-04-02 12:30 JST"", ""note"": ""Trump speech delivered. Escalation signal. No new semi/tariff/fed events beyond already registered.""}",2026-04-02 12:34:18.925699
28,scan-market,2026-04-02 17:18:22.490992+09,"3 events added (tariff exemption extended, OPEC+ 4/5 meeting, pre-market selloff)","{""latest_source_date"": ""2026-04-02T12:00+09:00"", ""categories_searched"": [""geopolitical"", ""fed"", ""semiconductor"", ""oil"", ""tariff"", ""market""], ""scan_period"": ""2026-04-02 12:34 JST ~ 2026-04-02 17:15 JST"", ""note"": ""No new geopolitical/fed/semiconductor events beyond already registered. Key new: tariff deescalation, OPEC+ upcoming, pre-market reaction.""}",2026-04-02 17:18:22.823624
29,scan-market,2026-04-02 19:41:15.782925+09,1 event added (Brent surge to $106 post-Trump speech),"{""latest_source_date"": ""2026-04-02T18:00+09:00"", ""categories_searched"": [""geopolitical"", ""fed"", ""semiconductor"", ""oil"", ""tariff"", ""market""], ""scan_period"": ""2026-04-02 17:18 JST ~ 2026-04-02 19:38 JST"", ""note"": ""Short 2h window. Most developments already registered in prior scan. Key new: Brent reversal from $100 break to $106 on Trump escalation rhetoric.""}",2026-04-02 19:41:16.123906
30,scan-market,2026-04-02 20:46:06.956969+09,1 event added (Iran military escalation response post-Trump speech),"{""latest_source_date"": ""2026-04-02T20:00+09:00"", ""categories_searched"": [""geopolitical"", ""fed"", ""semiconductor"", ""oil"", ""tariff"", ""market""], ""scan_period"": ""2026-04-02 19:38 JST ~ 2026-04-02 20:44 JST"", ""note"": ""1h window. Key new: Iran military counter-threat post-Trump speech. Futures slightly worse (Nasdaq -1.48%). Brent nearing $110 (+8% intraday).""}",2026-04-02 20:46:07.274025
31,scan-market,2026-04-02 22:13:53.927775+09,"2 events added (LNG Hormuz transit attempt, IRGC deadline passed without attack)","{""latest_source_date"": ""2026-04-02T22:00+09:00"", ""categories_searched"": [""geopolitical"", ""oil"", ""semiconductor"", ""market""], ""scan_period"": ""2026-04-02 20:44 JST ~ 2026-04-02 22:12 JST"", ""note"": ""VIX 27.58 (up from 26.85). VIX/VIX3M 1.109 deepening backwardation. Brent $109.27. Two new events: LNG Hormuz test (positive), IRGC deadline passed (positive for semis).""}",2026-04-02 22:13:54.238769
32,scan-market,2026-04-02 22:28:04.143558+09,"2 events added (futures deterioration + Asia selloff, Iran-UAE missiles)","{""latest_source_date"": ""2026-04-02T22:25+09:00"", ""categories_searched"": [""geopolitical"", ""fed"", ""semiconductor"", ""oil"", ""tariff"", ""market""], ""scan_period"": ""2026-04-02 22:13 JST ~ 2026-04-02 22:26 JST"", ""note"": ""Pre-open delta check. Nasdaq futures worsened to -1.84%. Asia selloff: Nikkei -2.1%, KOSPI -3.9%. Crude +12%. Iran-UAE missile exchange continues.""}",2026-04-02 22:28:04.469233
33,entry-analysis,2026-04-02 22:40:01.277875+09,"SOXS long 28shares@$39.219 — trade #3 recorded, confidence 55%","{""symbol"": ""SOXS"", ""direction"": ""long"", ""regime"": ""risk_off"", ""flow"": ""bearish"", ""trade_id"": 3, ""tp"": 43.0, ""sl"": 37.5, ""rr"": 2.2}",2026-04-02 22:40:01.582785
34,scan-market,2026-04-02 23:33:45.665488+09,1 event added (intraday reversal on peace hopes dip buying),"{""latest_source_date"": ""2026-04-02T23:30+09:00"", ""categories_searched"": [""geopolitical"", ""fed"", ""semiconductor"", ""oil"", ""tariff"", ""market""], ""scan_period"": ""2026-04-02 22:28 JST ~ 2026-04-02 23:32 JST"", ""note"": ""Post-SL investigation. Market reversed from -1.84% futures on peace hope dip buying. Trump \""nearing completion\"" interpreted positively. K-017 re-confirmed.""}",2026-04-02 23:33:45.998569
35,scan-market,2026-04-03 00:06:33.967747+09,"0 new events (closing data update, no new breaking news)","{""latest_source_date"": ""2026-04-02T23:59+09:00"", ""categories_searched"": [""geopolitical"", ""fed"", ""semiconductor"", ""oil"", ""tariff"", ""market""], ""scan_period"": ""2026-04-02 23:32 JST ~ 2026-04-03 00:05 JST"", ""note"": ""Market close data. S&P -0.88%, Nasdaq -1.23%, Dow -1.04%. VIX dropped to 25.00. No new breaking news beyond registered events.""}",2026-04-03 00:06:33.968101
36,scan-market,2026-04-03 08:49:10.054215+09,"3 events added (Trump energy pause 10d, Israel Tehran strikes, 4/2 close WTI+11.4%)","{""latest_source_date"": ""2026-04-03T08:00+09:00"", ""categories_searched"": [""geopolitical"", ""fed"", ""semiconductor"", ""oil"", ""tariff"", ""market""], ""scan_period"": ""2026-04-03 00:06 JST ~ 2026-04-03 08:47 JST"", ""note"": ""CRITICAL: Trump pauses energy facility strikes for 10 days (K-009 pattern). Israel escalates conventional strikes on Tehran. WTI +11.41% to $111.54. Good Friday - markets closed. NFP 21:30 JST today.""}",2026-04-03 08:49:10.405457
37,scan-market,2026-04-03 17:58:26.661932+09,"2 events added (Steel/Al/Cu 50% tariff, Iran-Oman Hormuz toll protocol)","{""latest_source_date"": ""2026-04-03T08:00+09:00"", ""categories_searched"": [""geopolitical"", ""fed"", ""semiconductor"", ""oil"", ""tariff"", ""market""], ""scan_period"": ""2026-04-03 08:49 JST ~ 2026-04-03 17:56 JST"", ""note"": ""Good Friday - markets closed. NFP 21:30 JST pending. B1 bridge Karaj collapsed (8 dead, 95 injured). Liberation Day 1yr anniversary coverage. WTI-Brent inversion ongoing.""}",2026-04-03 17:58:27.012014
38,scan-market,2026-04-04 11:25:05.950316+09,"3 events added (NFP +178K, F-15E shot down, Pharma 100% tariff)","{""latest_source_date"": ""2026-04-03T22:00+09:00"", ""categories_searched"": [""geopolitical"", ""fed"", ""semiconductor"", ""oil"", ""tariff"", ""market""], ""scan_period"": ""2026-04-03 17:58 JST ~ 2026-04-04 11:23 JST"", ""note"": ""Good Friday/Easter weekend. NFP massive beat +178K vs +57K. F-15E first US fixed-wing loss. Pharma 100% tariff 120-180d delayed. Weekly: S&P +3.4%, Nasdaq +4.4% (first weekly gain since war). OPEC+ meets 4/5. Trump energy pause deadline 4/7 9:00 JST.""}",2026-04-04 11:25:06.257712
39,scan-market,2026-04-05 20:00:11.881938+09,"4 events added (Mahshahr petrochemical strike, Trump 48h Hormuz ultimatum, OPEC+ 206k bpd symbolic hike, WSO rescued)","{""latest_source_date"": ""2026-04-05T20:00+09:00"", ""categories_searched"": [""geopolitical"", ""fed"", ""semiconductor"", ""oil"", ""tariff"", ""market""], ""scan_period"": ""2026-04-04 11:25 JST ~ 2026-04-05 19:57 JST"", ""note"": ""Day 36 war. 272 strikes by US/IL hit Mahshahr petrochemical (5 KIA/170 injured) + Bushehr aux + Shahid Beheshti Univ. Trump issued 48h Hormuz ultimatum synced w/ 4/6 9:00 JST energy pause deadline. OPEC+ agreed symbolic 206k bpd May hike (Hormuz still shut). WSO rescued (no US KIA). Markets closed 4/3 Good Friday + weekend. Fed held 3.5-3.75% in March, PCE forecast raised to 2.7%. No new tariff actions.""}",2026-04-05 20:00:12.228187
40,scan-market,2026-04-05 20:18:01.124952+09,"6 additional events added in broader scan (ISM PMI 52.7/prices 78.3, Q1 earnings 4/14, 30Y auction 4/9, TSMC +30% 2026, Defense -8% meta, Gulf UN Hormuz resolution)","{""latest_source_date"": ""2026-04-04T19:00+09:00"", ""categories_searched"": [""geopolitical"", ""fed"", ""semiconductor"", ""oil"", ""tariff"", ""market"", ""earnings"", ""china_taiwan"", ""precious_metals"", ""currencies"", ""ecb"", ""defense"", ""macro_data"", ""bonds"", ""crypto"", ""trump_statements""], ""scan_period"": ""2026-04-04 11:25 JST ~ 2026-04-05 20:20 JST (broader scan, 14 searches)"", ""note"": ""Broader scan 2nd pass covered 10 additional categories beyond standard 6. Key discoveries: ISM Prices Paid 78.3 (highest since June 2022) inflation hot; Q1 earnings kickoff JPM/Citi 4/14; 30Y auction 4/9; TSMC +30% 2026 guidance w/ HPC 58% mix; defense -8% despite war (conflict priced in); Gulf UN authorization for Hormuz reopening. Michigan sentiment 53.3 March (consumer weak). Eurozone inflation 2.5% March (ECB hike prob 36%). BTC 30d correlation w/ S&P 0.75. VIX put/call 0.44 bullish. No additional market data for 4/3-4/5 (Good Friday + weekend).""}",2026-04-05 20:18:01.433879
41,scan-market,2026-04-06 09:16:50.104152+09,"3 events added (Trump 48h ultimatum withdrawn + 5d new pause, IRGC counter-threat regional infra, pre-market 4/6 -0.6%)","{""latest_source_date"": ""2026-04-06T09:00+09:00"", ""categories_searched"": [""geopolitical"", ""fed"", ""semiconductor"", ""oil"", ""tariff"", ""market""], ""scan_period"": ""2026-04-05 20:18 JST ~ 2026-04-06 09:14 JST"", ""note"": ""Critical development: Trump withdrew 48h Hormuz ultimatum, extended energy attack pause by 5 more days. K-009 pattern confirmed again (threat -> withdrawal -> negotiation). IRGC issued regional infrastructure counter-threat (regional power plants + US-linked assets). Pre-market futures -0.6% (modest gap down). SOXL $11.41 crash data from search is STALE/2025 Liberation Day data - current SOXL is $52.75 per Parquet. WTI $112 spike claim needs verification vs Brent $109.""}",2026-04-06 09:16:50.423034
42,scan-market,2026-04-06 15:50:23.462467+09,"3 events added (Trump Tue Hormuz deadline, WTI-Brent inversion, Mon futures recovery)","{""latest_source_date"": ""2026-04-06T15:00+09:00"", ""categories_searched"": [""geopolitical"", ""fed"", ""semiconductor"", ""oil"", ""tariff"", ""market""], ""scan_period"": ""2026-04-06 09:16 JST ~ 2026-04-06 15:47 JST"", ""note"": ""Key new: Trump set Tuesday 8PM ET Hormuz deadline (3rd deadline, K-009 pattern). WTI surpassed Brent for first time (structural inversion from Hormuz disruption). Mon futures recovered from -0.60% to +0.06%. No new fed/semiconductor/tariff developments since morning scan.""}",2026-04-06 15:50:23.823554
43,scan-market,2026-04-06 19:06:46.445698+09,"3 events added (IRGC intel chief Khademi killed, Iran Haifa retaliation, 45-day ceasefire framework)","{""latest_source_date"": ""2026-04-06T18:00+09:00"", ""categories_searched"": [""geopolitical"", ""fed"", ""semiconductor"", ""oil"", ""tariff"", ""market""], ""scan_period"": ""2026-04-06 15:50 JST ~ 2026-04-06 19:10 JST"", ""note"": ""CRITICAL: IRGC intel chief Khademi killed in US-Israeli strikes on Tehran (25+ dead). Qualitative escalation per K-024 exception criteria. Iran retaliated with Haifa missile strike (2 killed). 45-day ceasefire framework from Pak/Egypt/Turkey presented but Iran uncommitted. No new fed/semiconductor/tariff developments. Oil steady WTI $111.81, Brent $109. Entry analysis impact: reinforces wait-for-Tuesday-deadline conclusion from bias audit.""}",2026-04-06 19:06:46.773574
44,scan-market,2026-04-07 10:28:57.225031+09,"4 events added (South Pars strike, Iran rejects ceasefire, IRGC Hormuz statement, Section 232 tariffs)","{""latest_source_date"": ""2026-04-07T09:00+09:00"", ""categories_searched"": [""geopolitical"", ""fed"", ""semiconductor"", ""oil"", ""tariff"", ""market""], ""scan_period"": ""2026-04-06 19:06 JST ~ 2026-04-07 10:25 JST"", ""note"": ""South Pars petrochemical strike (85% of Iran output offline) is key new development. Iran rejected temporary ceasefire but Trump called offer \""significant\"". Section 232 tariff mods (steel/aluminum/copper 50%, pharma 100%) effective 4/6. No new fed/semiconductor developments. Markets steady: S&P 6611 +0.44%, VIX 24.17.""}",2026-04-07 10:28:57.538709
45,scan-market,2026-04-07 22:42:57.229373+09,"3 events added (Trump taken-out rhetoric, Iran 10-point counter-proposal, S&P futures pre-deadline decline)","{""latest_source_date"": ""2026-04-07T17:00+09:00"", ""categories_searched"": [""geopolitical"", ""fed"", ""semiconductor"", ""oil"", ""tariff"", ""market""], ""scan_period"": ""2026-04-07 10:28 JST ~ 2026-04-07 20:23 JST"", ""note"": ""Key theme: Hormuz deadline (8PM ET tonight) dominates. Trump escalated rhetoric but K-009 pattern applies. Iran submitted 10-point counter-proposal via Pakistan. No new fed/semiconductor/oil/tariff developments. Markets cautious: S&P futures -0.4%, SOXL $54.56.""}",2026-04-07 22:42:57.690251
46,scan-market,2026-04-07 22:47:57.554592+09,"3 events added (Kharg Island strike/WTI $116, Iran infra strikes, IRGC oil deprivation threat)","{""latest_source_date"": ""2026-04-07T22:30+09:00"", ""categories_searched"": [""geopolitical"", ""fed"", ""semiconductor"", ""oil"", ""tariff"", ""market""], ""scan_period"": ""2026-04-07 20:23 JST ~ 2026-04-07 22:44 JST"", ""note"": ""CRITICAL: US struck Kharg Island (50+ military targets, oil spared). WTI +3% to $116. Iran bridges/railway struck (2 killed Kashan, ~30 Tehran). IRGC threatens multi-year oil deprivation. Trump deadline 8PM ET (9AM JST 4/8) imminent. No new fed/semiconductor/tariff developments.""}",2026-04-07 22:47:57.875912
47,entry-analysis,2026-04-07 23:27:08.190291+09,"SOXS long 15shares @$35.265 — trade #4 recorded, confidence 55%","{""symbol"": ""SOXS"", ""direction"": ""long"", ""regime"": ""risk_off"", ""flow"": ""neutral"", ""trade_id"": 4, ""tp"": 38.5, ""sl"": 33.0, ""note"": ""Probe position. SQQQ unavailable as ETF, substituted SOXS. Betting on no ceasefire by 4/11.""}",2026-04-07 23:27:08.597617
48,scan-market,2026-04-08 00:31:05.173836+09,1 event added (Fed Williams inflation comment),"{""latest_source_date"": ""2026-04-07T11:00-04:00"", ""categories_searched"": [""geopolitical"", ""fed"", ""semiconductor"", ""oil"", ""tariff"", ""market""], ""scan_period"": ""2026-04-07 22:47 JST ~ 2026-04-08 00:19 JST"", ""note"": ""Only 1 new event: Fed Williams dovish on core inflation. WTI $115.8 (highest since 2008) is Kharg aftermath, not new event. Trump says postponement \""highly unlikely\"" but K-009 applies. No new semiconductor/tariff developments. SOXS at $36.20 (+2.9% from entry). Deadline in 8 hours.""}",2026-04-08 00:31:05.67189
49,scan-market,2026-04-08 01:21:48.781536+09,"1 event added (Iran cuts US backchannels, market -0.9%)","{""latest_source_date"": ""2026-04-07T12:00-04:00"", ""categories_searched"": [""geopolitical"", ""fed"", ""semiconductor"", ""oil"", ""tariff"", ""market""], ""scan_period"": ""2026-04-08 00:19 JST ~ 2026-04-08 01:03 JST"", ""note"": ""CRITICAL: Iran cuts US backchannels after \""civilization\"" threat (Iran Intl + NYT). Market sold off: Dow -382, S&P -0.9%, Nasdaq -1.3%. WTI $115.21 (range $111-117). But Egypt says Iran open to 45-day ceasefire IF permanent end guaranteed. US official: \""If we get lucky, we will have something by end of day.\"" Deadline 8PM ET in ~8 hours. SOXS +2.7% from entry.""}",2026-04-08 01:21:49.27371
50,scan-market,2026-04-08 11:08:57.124612+09,"3 events added (Trump-Iran 2-week ceasefire, oil -13% crash, market ceasefire rally)","{""latest_source_date"": ""2026-04-07T18:30-04:00"", ""categories_searched"": [""geopolitical"", ""fed"", ""semiconductor"", ""oil"", ""tariff"", ""market""], ""scan_period"": ""2026-04-08 01:03 JST ~ 2026-04-08 11:07 JST"", ""note"": ""SCENARIO C REALIZED: Trump-Iran 2-week ceasefire. Hormuz reopening. Brent -13% to $95. S&P recovered from -1.2% to +0.08%. SOXL +3.2%, SOXS -3.2%. Trade #4 SOXS at $33.43, SL $33.00 barely survived. Peace talks in Islamabad 4/10. Vance to lead US delegation. K-009 pattern completed: threat\u2192deadline\u2192deal.""}",2026-04-08 11:08:57.600314
51,scan-market,2026-04-08 11:57:35.431796+09,"1 event added (post-ceasefire futures surge: S&P+2.5%, Nasdaq+3%, WTI-19%)","{""latest_source_date"": ""2026-04-08T08:00+09:00"", ""categories_searched"": [""geopolitical"", ""fed"", ""semiconductor"", ""oil"", ""tariff"", ""market""], ""scan_period"": ""2026-04-08 11:07 JST ~ 2026-04-08 11:55 JST"", ""note"": ""Post-ceasefire surge: S&P+2.5%, Nasdaq+3%, Dow+1000pts, WTI-19%. SOXS gap down risk: estimated $30.4 open (-9% from close). SL $33 will trigger at market price ~$30.4, not $33. Loss estimate -13.8% vs planned -6.4%. Iran SNSC confirmed ceasefire acceptance. Islamabad talks 4/10.""}",2026-04-08 11:57:35.905452
52,scan-market,2026-04-09 19:06:35.215846+09,"3 events added (4/8 close rally, ceasefire violation/Hormuz blocked, oil rebound+GS forecast)","{""latest_source_date"": ""2026-04-09T12:00+09:00"", ""categories_searched"": [""geopolitical"", ""fed"", ""semiconductor"", ""oil"", ""tariff"", ""market""], ""scan_period"": ""2026-04-08 11:57 JST ~ 2026-04-09 19:01 JST"", ""skipped"": ""pharma tariff (already registered 4/2-3), 30yr auction (today, results pending), fed rate (unchanged 3.5-3.75%)""}",2026-04-09 19:06:35.6492
53,review-events,2026-04-09 19:40:39.7473+09,"15 events reviewed: 12 confirmed, 3 neg->neu (IRGC threat #139, South Pars #147, Khademi kill #144)","{""reviewed_ids"": [128, 131, 129, 130, 149, 111, 139, 138, 140, 141, 147, 143, 144, 145, 146], ""impact_changes"": {""139"": ""neg->neu"", ""147"": ""neg->neu"", ""144"": ""neg->neu""}, ""pattern"": ""diplomatic-phase discount: military escalation during active negotiations is systematically discounted by markets""}",2026-04-09 19:40:40.238969
54,scan-market,2026-04-09 23:06:36.869027+09,"2 events added (ceasefire holding/Hormuz transits, 4/9 early rally SOXL+5.84%)","{""latest_source_date"": ""2026-04-09T23:00+09:00"", ""categories_searched"": [""geopolitical"", ""fed"", ""semiconductor"", ""oil"", ""tariff"", ""market""], ""scan_period"": ""2026-04-09 19:06 JST ~ 2026-04-09 23:04 JST"", ""skipped"": ""30yr auction results (not yet published), tariff (no new developments), oil (+3% rebound already registered)""}",2026-04-09 23:06:37.213369
55,scan-market,2026-04-09 23:21:36.093283+09,"1 event added (Operation Eternal Darkness: Israel largest Lebanon strikes, 182+ killed)","{""latest_source_date"": ""2026-04-09T23:15+09:00"", ""categories_searched"": [""geopolitical"", ""fed"", ""semiconductor"", ""oil"", ""tariff"", ""market""], ""scan_period"": ""2026-04-09 23:05 JST ~ 2026-04-09 23:19 JST"", ""skipped"": ""market pullback (normal K-029 reversion, not event-driven), fed/tariff/oil (no change)"", ""live_prices"": ""SOXL $68.83 (+3.83%, H=$70.46 L=$68.12), VIX 20.83 (-1%), S&P 6769.65 (-0.20%)""}",2026-04-09 23:21:36.575392
56,scan-market,2026-04-09 23:40:20.821625+09,"1 event added (delegation arrived Islamabad, talks confirmed Saturday 4/11, market reaction Monday 4/14)","{""latest_source_date"": ""2026-04-09T23:30+09:00"", ""categories_searched"": [""geopolitical"", ""fed"", ""semiconductor"", ""oil"", ""tariff"", ""market""], ""scan_period"": ""2026-04-09 23:19 JST ~ 2026-04-09 23:39 JST"", ""key_finding"": ""Talks start Saturday not Friday. Market reaction on Monday 4/14 (same day as JPM earnings)""}",2026-04-09 23:40:21.141826
57,scan-market,2026-04-10 21:12:02.07753+09,"2 events added: March CPI cooler than feared (2.8% vs 3.1-3.7% expected, positive surprise), Saudi pipeline+Manifa/Khurais attacks (-600k bpd + 1 KIA, negative real damage). Skipped: Lebanon faultline dispute (covered by existing 4/9 events).","{""latest_source_date"": ""2026-04-10T08:30-04:00"", ""categories_searched"": [""geopolitical"", ""fed"", ""semiconductor"", ""oil"", ""tariff"", ""market""], ""scan_period"": ""2026-04-09 23:40 JST ~ 2026-04-10 21:10 JST"", ""key_finding"": ""CPI cooler (2.8%) is major positive surprise. But Saudi attacks simultaneously disrupt 600k bpd \u2014 conflicting signals for Friday session. Net direction depends on whether oil spike or rate-cut relief dominates.""}",2026-04-10 21:12:02.407409
58,scan-market,2026-04-11 02:37:00.285325+09,"2 events added: TSMC Q1 revenue +35% YoY beat (War fails to dent AI demand, direct positive), Israel-Lebanon direct talks next week at State Dept (positive, ceasefire sustainability signal). WARNING: March CPI (event 前回登録) numbers conflict across sources (2.8% vs 3.3% headline). Needs review-events verification. Skipped: China 145% tariff clarification (既存), Friday mid-day market (引け前).","{""latest_source_date"": ""2026-04-10T13:30-04:00"", ""categories_searched"": [""geopolitical"", ""fed"", ""semiconductor"", ""oil"", ""tariff"", ""market""], ""scan_period"": ""2026-04-10 21:12 JST ~ 2026-04-11 02:40 JST"", ""key_finding"": ""TSMC hard data confirms AI demand resilience (war/ceasefire/oil\u9ad8 independent). Israel-Lebanon direct talks reduce largest ceasefire tail risk. CPI number conflict: 2.8% (BLS direct) vs 3.3%/core 2.6% (market commentary) -- review-events\u5fc5\u8981""}",2026-04-11 02:37:00.614474
59,scan-market,2026-04-13 13:09:13.47755+09,"3 events added: (1) 4/12 US-Iran talks collapse in Islamabad after 21hrs (Vance, nuclear issue blocks deal, regime change); (2) 4/13 CENTCOM official blockade of Iranian ports starts 10am ET Mon (excluding non-Iran Hormuz transit); (3) 4/12 Brent surge $96→$102.18 (+6%, Parquet verified). All 3 negative, lesson-checked (K-024/K-009 excluded — regime change and CENTCOM official not SNS rhetoric).","{""latest_source_date"": ""2026-04-13T00:00+00:00"", ""categories_searched"": [""geopolitical"", ""fed"", ""semiconductor"", ""oil"", ""tariff"", ""market""], ""scan_period"": ""2026-04-11 02:37 JST ~ 2026-04-13 13:06 JST"", ""key_finding"": ""Ceasefire regime collapse \u2014 peace talks failed, CENTCOM blockade scheduled, Brent +6%. First genuine regime-change event since the 4/7 ceasefire. neg\u2192neu lesson bias does NOT apply here (K-024 covers repeated in-war events; K-009 covers SNS rhetoric; both differ from official military action and breakdown of ceasefire framework itself)."", ""skipped"": ""TSMC/NVIDIA relative performance (\u65e2\u5b584/10\u30ab\u30d0\u30fc\u6e08\u307f), March CPI (\u65e2\u5b58), Section 232 rework (4/6\u65e2\u5b58), S&P500 4/10 close (\u65e2\u5b584/9)""}",2026-04-13 13:09:13.798222
60,scan-market,2026-04-13 17:20:43.662188+09,"3 events added: (1) 4/13 global risk-off mild (Nikkei -0.72/DAX -0.95/ES -0.7/VIX 21.17, orderly not panic, neutral); (2) 4/13 Hormuz commercial shipping self-halt (negative, first 実害 signal); (3) 4/13 Iran piracy rhetoric (neutral, K-009 pattern). Key finding: magnitude mild suggests market priced ""limited Iranian-ports-only blockade"" base case, SOXS寄り買いの easy money は既に抜かれた状態、寄り後の mean reversion リスクあり。","{""latest_source_date"": ""2026-04-13T09:00-04:00"", ""categories_searched"": [""geopolitical"", ""fed"", ""semiconductor"", ""oil"", ""tariff"", ""market""], ""scan_period"": ""2026-04-13 13:09 JST ~ 2026-04-13 17:20 JST"", ""thesis_check"": ""SOXS\u5bc4\u308a\u8cb7\u3044 thesis: \u65b9\u5411\u6027\u306f\u4e00\u81f4\uff08risk_off\uff09\u3060\u304c magnitude \u304c mild \u3067 orderly repricing\u3002panic selloff \u3067\u306f\u306a\u3044\u305f\u3081\u3001\u5bc4\u308a\u8cb7\u3044\u306f gap chase \u30ea\u30b9\u30af\u3002JPM earnings 4/14 20:00 JST \u304c\u6b21\u306e catalyst\u3002"", ""skipped"": ""JPM Q1 preview (\u65e2\u5b584/14 20:00), Goldman $100+ Brent forecast (\u5206\u6790\u8a18\u4e8b\u306e\u305f\u3081ADR-003\u5bfe\u8c61\u5916), Brent $103 update (\u65e2\u5b584/12 $102\u30a4\u30d9\u30f3\u30c8\u306e\u5ef6\u9577)""}",2026-04-13 17:20:44.001081
61,scan-market,2026-04-13 22:28:36.099412+09,"0 events added. 5h gap since 17:20 JST scan yielded no material new events. Core story (Hormuz blockade countdown, risk-off mild, Iran piracy rhetoric) already captured. New rhetoric (Iran ""whirlpool of destruction"" warning, Trump claiming ceasefire ""holding well"" while imposing blockade) matches K-009 pattern (threat-while-negotiating) and K-024 pattern (war rhetoric escalation) → lesson-filtered. Taiwan LNG supply chain concern for TSMC is background narrative, not event (TSMC has safety stock, ADR-003 skip). Brent $102.70 (+7.92%) confirms 4/12 20:00 JST event (+6% from $96). S&P futures -0.59%, Nasdaq -0.70%, VIX 21.17 match existing 4/13 17:00 JST global risk-off event. Key catalyst sequence ahead: (1) US cash open 22:30 JST [+5min], (2) CENTCOM blockade enforcement 23:00 JST [+35min], (3) JPM Q1 earnings 4/14 20:00 JST [+21.5h]. Thesis unchanged: SOXS寄り買いは gap chase risk、magnitude mild suggests market priced ""Iranian-ports-only"" base case already.","{""latest_source_date"": ""2026-04-13T09:00-04:00"", ""categories_searched"": [""geopolitical"", ""fed"", ""semiconductor"", ""oil"", ""tariff"", ""market""], ""scan_period"": ""2026-04-13 17:20 JST ~ 2026-04-13 22:25 JST"", ""events_added"": 0, ""events_skipped"": 4, ""skipped_reasons"": {""iran_whirlpool_rhetoric"": ""K-024 war rhetoric pattern, lesson-filtered to neutral, not event-worthy alone"", ""trump_ceasefire_holding_well_claim"": ""K-009 threat-while-negotiating pattern, rhetoric not action"", ""taiwan_lng_tsmc_concern"": ""Background narrative per ADR-003 (TSMC has safety stock), not direct event"", ""brent_102_70"": ""Duplicate of existing 4/12 20:00 JST Brent surge event""}, ""lesson_references"": [""K-009"", ""K-024""], ""upcoming_catalysts"": [""2026-04-13 22:30 JST (US cash open)"", ""2026-04-13 23:00 JST (CENTCOM blockade enforcement start)"", ""2026-04-14 20:00 JST (JPM Q1 earnings)""], ""thesis_check"": ""SOXS\u5bc4\u308a\u8cb7\u3044thesis unchanged from 17:20 scan. 5h gap confirms no escalation beyond expected script. Magnitude remains mild.""}",2026-04-13 22:28:36.414634
62,entry-analysis,2026-04-13 22:40:39.702029+09,"SOXS long 検討 → 撤退（trade記録なし）。寄り買いthesis: SOXL 3日+35%急騰後K-029 mean reversion + Brent $101 + VIX 20.93 elevated + CENTCOM封鎖 23:00 JST開始。反証: (1) SOXS gap down -0.8%@09:30 (market priced K-009), (2) SOXL +0.73% & SOXS -0.63% = underlying semis +0.22% GREEN OPEN under risk-off headlines, (3) 封鎖25分前に半導体セクターがrelative strength → K-009完全織り込み。Option2(scalp)のEV再計算: 旧+2.1% → 新+0.65% ≈ノイズ。Option3(5分足再構築)はK-018直接違反で除外。決定: Option1撤退、資金・集中力をJPM earnings 4/14 20:00 JSTへ温存。新知見候補: 封鎖前夜の半導体セクターrelative strength（TSMC Q1+35% + AI構造需要 vs 地政学リスク）。","{""symbol"": ""SOXS"", ""direction"": ""long"", ""decision"": ""retreat"", ""trade_id"": null, ""regime"": ""neutral"", ""regime_score"": -0.29, ""flow"": ""bearish"", ""flow_score"": -1.3, ""market_signals_observed"": {""soxs_open"": 23.505, ""soxs_gap"": -0.0078, ""soxl_open"": 76.935, ""soxl_gap"": 0.0073, ""implied_semis_direction"": ""+0.22% GREEN"", ""vix_at_decision"": 20.93, ""brent_at_decision"": 101.64}, ""decision_drivers"": [""semi sector green open = K-009 fully priced"", ""Option2 EV dropped from +2.1% to +0.65% after SOXL gap confirmation"", ""K-033 transition bias self-correction"", ""preserve capital for JPM earnings 4/14 20:00 JST""], ""knowledge_candidate"": ""K-034: \u5c01\u9396\u524d\u591c\u306e\u534a\u5c0e\u4f53\u30bb\u30af\u30bf\u30fcrelative strength\u89b3\u6e2c"", ""next_catalyst"": ""2026-04-14 20:00 JST JPM Q1 earnings""}",2026-04-13 22:40:39.984097
63,playbook-prep,2026-04-13 22:57:49.916588+09,"JPM Q1 2026 earnings playbook作成完了。docs/playbook/jpm_2026_q1.md v0.3 FINAL. 調査: (A) 過去8四半期JPM earnings day反応 — SOXL c2c pos rate 75%、mean +0.98%、ただしQ1 2024 Iran shock outlier -9.4%含む。(B) Post-earnings forward return drift — SOXL D+3 mean -2.3%, D+5 mean -4.5% pos rate 38% → ""sell the news"" empirically confirmed, max hold = D+1. (C) Dimon 4/6 hawkish letter aftermath — SOXL +39% (4/6→4/10) ceasefire rally優先で完全に無視、earnings call commentary info value ≒0. (D) Q4 2025 JPM premarket +0.25%のみ (priced in signal)、ただしSOXL +2.6% (sector-specific動き). 3シナリオ: A(beat)30% TQQQ+SPXL長 / B(in-line)45% NO TRADE / C(miss)25% SQQQ long day-trade only. 禁止: SOXL long, SOXS long, overnight beyond D+1, pre-market entry, BE SL, intraday resize (K-018/019), Scenario B trade.","{""file"": ""docs/playbook/jpm_2026_q1.md"", ""version"": ""v0.3"", ""catalyst"": ""JPM Q1 2026 earnings"", ""event_time_jst"": ""2026-04-14T20:00:00+09:00"", ""scenario_probabilities"": {""A_beat"": 0.3, ""B_inline"": 0.45, ""C_miss"": 0.25}, ""historical_samples"": 8, ""empirical_findings"": [""SOXL JPM day pos rate 75% (n=8)"", ""SOXL D+5 mean -4.54% pos rate 38% (sell the news confirmed)"", ""Dimon 4/6 hawkish letter ignored (SOXL +39% 4-day rally)"", ""Q4 2025 JPM premarket muted +0.25% but SOXL +2.6%""], ""banned_trades"": [""SOXL long"", ""SOXS long"", ""overnight beyond D+1"", ""pre-market entry""], ""knowledge_candidates"": [""K-034 JPM SOXL bullish bias"", ""K-035 CEO pre-letter info value zero""]}",2026-04-13 22:57:50.354858
64,playbook-prep,2026-04-14 08:19:02.08085+09,"Autonomous exploration (session 22 extension) — 20Q JPM earnings expanded analysis. **核となる発見**: 原 8Q sample は recency bias だった。SOXL c2c pos rate 75% (8Q) → 55% (20Q, ≒ random 51.8%). Null-hypothesis tests: t-test p=0.78, Mann-Whitney p=0.97, Binomial p=0.83 — すべて not significant. **JPM day は統計的に random day と区別できない**。playbook の主要 statistical claim は artifact だった。 **副次発見**: (a) D+1 overnight hold が全4symbol で pos rate 65-75%, TECL marginal sig p=0.076. (b) VIX conditional (>20, n=6): c2c pos 67%, d+1 pos 83% (5/6), d+5 mean +7.12% → High VIX では drift UP (逆転). (c) Q1 2025 (VIX 37.6, Iran war) 前例: SOXL +6.2% c2c, +2.3% d+1 — 現環境 (VIX 20.93, Iran war) の最強 analogue. (d) n=6 は decision-making には弱い、Q3 2022 VIX 32 → SOXL -13.4% の反例あり. Playbook 修正: Option 3 (minor caveat添加、structure維持). 8Q-based ""75% pos rate"" claim を artifact と認め、確率anchorから削除.","{""file"": ""docs/playbook/jpm_2026_q1.md"", ""version"": ""v0.4"", ""exploration_type"": ""autonomous_sample_extension"", ""sample_size_change"": ""8Q \u2192 20Q"", ""findings"": {""null_hypothesis_result"": {""t_test_p"": 0.778, ""mannwhitney_p"": 0.967, ""binomial_p"": 0.826, ""conclusion"": ""JPM day = random day""}, ""sample_bias_correction"": {""recent_8Q_pos_rate"": 0.75, ""early_12Q_pos_rate"": 0.42, ""full_20Q_pos_rate"": 0.55, ""baseline_all_days"": 0.518}, ""d_plus_1_edge"": {""SOXL"": {""mean"": 0.0159, ""pos_rate"": 0.65}, ""TQQQ"": {""mean"": 0.0079, ""pos_rate"": 0.7}, ""SPXL"": {""mean"": 0.0096, ""pos_rate"": 0.65}, ""TECL"": {""mean"": 0.0112, ""pos_rate"": 0.75, ""bin_p"": 0.076}}, ""vix_conditional"": {""high_vix_n"": 6, ""high_vix_c2c_pos"": 0.67, ""high_vix_d1_pos"": 0.83, ""high_vix_d5_mean"": 0.0712, ""low_vix_n"": 14, ""low_vix_d5_mean"": -0.0229, ""low_vix_d5_pos"": 0.36}, ""q1_2025_precedent"": {""vix"": 37.6, ""c2c"": 0.062, ""d1"": 0.023, ""d5"": -0.149}}, ""knowledge_candidates_new"": [""K-034 candidate UPDATED: JPM day \u2260 random day null-test failed (p=0.78 n=20)"", ""K-037 candidate: Earnings day VIX regime conditioning \u2014 High VIX >20 \u3067\u306fd+1 pos 83% (n=6), Low VIX \u3067\u306f d+5 drift down"", ""K-038 candidate: Sample size bias in earnings studies \u2014 recency 8Q vs Full 20Q \u3067pos rate 75%\u219255%\u3001recent bull market bias"", ""K-039 candidate: D+1 overnight edge weak but consistent across 4 leverage ETFs (65-75% pos rate, TECL marginal sig)""], ""process_learning"": ""Confirmation bias via sample cherry-picking. \u521d\u671f8Q\u9078\u5b9a\u6642\u306b \""recent 4 quarters + 4 quarters\"" \u3068\u3044\u3046\u76f4\u611f\u7684\u9078\u629e\u3092\u3057\u305f\u304c\u30012024-25\u306fbull\u5e02\u5834 \u2192 pos rate \u904e\u5927\u8a55\u4fa1\u3002\u4eca\u5f8c\u306e historical analysis \u3067\u306f minimum 20 samples + multi-regime period \u3092 default \u306b"", ""decision_impact"": ""Minor \u2014 playbook structure maintained. SOXL long ban justification shifted from \""75% pos rate\"" claim to independent K-029 + \u03c3+2.56 overbought reasoning. No scenario probability changes.""}",2026-04-14 08:19:02.61155
65,scan-market,2026-04-14 08:31:40.453967+09,"3 events added. Iran-US talks revival signal drove 4/13 risk-on reversal (Brent -8%, VIX -9%, SOXL +5.5%, S&P post-war high). Key catalyst: Trump ""Iran wants to talk"" + Goldman Solomon software selloff overstated. 4/14 catalyst: Section 232 semi report deadline (USTR/Commerce). DATA DISCREPANCY FLAG: existing 4/10 CPI event says +0.3% m/m 2.8% y/y (below expect) but Fortune 4/13 cites +0.9% m/m 3.3% y/y (above expect) — needs review-events resolution.","{""latest_source_date"": ""2026-04-13T16:00-04:00"", ""categories_searched"": [""geopolitical"", ""fed"", ""semiconductor"", ""oil"", ""tariff"", ""market""], ""scan_period"": ""2026-04-13 22:28 JST ~ 2026-04-14 08:30 JST"", ""events_added"": 3, ""events_skipped"": 3, ""skipped_reasons"": {""hormuz_blockade_ongoing"": ""Duplicate of existing 4/13 23:00 JST CENTCOM blockade start event"", ""fed_hawkish_dot_plot"": ""Ongoing state not discrete event (ADR-003)"", ""nvidia_amd_export_bottleneck"": ""Structural issue not dated event""}, ""lesson_references"": [""K-009""], ""data_quality_flags"": {""cpi_contradiction"": ""Existing DB event (4/10 21:30 JST) shows +0.3% m/m 2.8% y/y vs Fortune 4/13 cites +0.9% m/m 3.3% y/y. Opposite direction. /review-events needed.""}, ""upcoming_catalysts"": [""2026-04-14 20:00 JST (JPM/Citi Q1 earnings)"", ""2026-04-14 23:59 JST (Section 232 semi negotiation report deadline)"", ""2026-04-15 (BAC Q1 earnings)""], ""thesis_check"": ""Risk-on regime transition CONFIRMED. Market decisively unwinding Iran war premium on talk revival + Goldman software rotation. But: (1) talks already collapsed once 4/12 so tail risk remains, (2) Section 232 deadline 4/14 is binary catalyst, (3) CPI data contradiction unresolved. SOXL 80.56 post +98% 10-day rally - gap chase risk high for fresh longs.""}",2026-04-14 08:31:40.914117
66,scan-market,2026-04-14 16:51:20.50657+09,"0 events added. 8h window (Asia session only, US pre-market). No discrete new events: (a) JPM/Citi earnings not yet released (20:00 JST), (b) Section 232 report not yet released, (c) Iran narrative continues contradictorily (Al Jazeera: ""Tehran wants a deal""; NBC: ""Trump dismissive"") but framed as K-009 rhetoric, covered by existing 4/14 03:00 JST event, (d) OPEC March output -7.88 mbpd data is old news (Bloomberg 4/7 release). Noteworthy data point NOT registered as event: Brent $96.94 (4/13 close) -> $98.05 (4/14 11:52 JST, +1.1%), suggesting 4/13 risk-on thesis is cooling slightly not reversing. Regime implication: 4/13 close-based re-assessment still warranted; current 4/13 mid-day regime stale.","{""latest_source_date"": ""2026-04-14T02:52Z"", ""categories_searched"": [""geopolitical"", ""fed"", ""semiconductor"", ""oil"", ""tariff"", ""market""], ""scan_period"": ""2026-04-14 08:31 JST ~ 2026-04-14 16:49 JST"", ""events_added"": 0, ""events_skipped"": 5, ""skipped_reasons"": {""iran_mixed_messaging"": ""Trump \""Iran wants a deal\"" (AJ) + \""dismissive of talks\"" (NBC) \u306f K-009 rhetoric\u30014/14 03:00 JST event \u306e\u7d99\u7d9a\u3002\u65b0\u30a4\u30d9\u30f3\u30c8\u3067\u306f\u306a\u3044"", ""jpm_citi_earnings_not_released"": ""\u307e\u306020:00 JST\u672a\u5230\u9054\u3001expectation data \u306e\u307f\u3067 event \u3067\u306f\u306a\u3044"", ""section_232_report_pending"": ""4/14 deadline \u672a\u767a\u8868\u3001\u65e2\u5b58 4/14 23:59 JST event \u3067\u30ab\u30d0\u30fc"", ""opec_march_data"": ""Bloomberg 4/7 \u767a\u8868\u306edata\u3001stale news\u30018h window \u5bfe\u8c61\u5916"", ""asia_risk_on_no_numbers"": ""\u300cAsian stocks advanced\u300d\u306e directional narrative \u306e\u307f\u3067\u5177\u4f53\u7684 close \u5024\u306a\u3057\u3001ADR-003 Write\u57fa\u6e96\u4e0d\u9069\u5408""}, ""noteworthy_data_points"": {""brent_14_intraday"": ""Brent $96.94 (4/13 close) -> $98.05 (4/14 11:52 JST, +1.1%), mild pullback from risk-on"", ""jpm_consensus"": ""JPM EPS $5.46-5.49, rev $48.56-48.77B. JPM noninterest expense guide $105B (higher than market expected) = pre-earnings overhang"", ""citi_consensus"": ""Citi EPS $2.65 (+35% YoY), rev $23.5B (+9%)""}, ""lesson_references"": [""K-009"", ""K-024""], ""thesis_check"": ""Risk-on regime transition remains intact but cooling. Brent +1.1% 4/14 AM is NOT reversal\u2014it is reversion toward pre-blockade level after the -7.9% 4/13 drop. The two big catalysts ahead (JPM 20:00 JST, Section 232 TBD) can still push regime either direction.""}",2026-04-14 16:51:20.834086
67,scan-market,2026-04-15 11:13:07.287748+09,"2 events added (Citi Q1 RESULT positive, WFC Q1 RESULT negative). 18h window (4/14 16:51 JST - 4/15 11:10 JST). Most catalysts already covered by pre-existing events: 4/14 US close (risk-on ralli再確認 +1.18% S&P), JPM 20:15 RESULT, Section 232 4/14 23:59 deadline (報告outcome未確認・WebSearchで新情報なし), Iran talks (stalled、existing 4/14 03:00 eventで継続)。PPI March +0.5%はscan対象外（4/14以前の既報）。Brent WebSearch値$91.40は WTI混同疑い、Parquet $94.40を採用。BAC/GS は4/15 BMO (未到達)","{""latest_source_date"": ""2026-04-14T22:30Z"", ""categories_searched"": [""geopolitical"", ""fed"", ""semiconductor"", ""oil"", ""tariff"", ""market""], ""scan_period"": ""2026-04-14 16:51 JST ~ 2026-04-15 11:10 JST"", ""events_added"": 2, ""events_skipped"": 5, ""skipped_reasons"": {""iran_talks_stalled"": ""Trump \""could be happening over next two days\"" = K-009 rhetoric pattern, existing 4/14 03:00 JST Iran talks revival event \u3067\u7d99\u7d9a\u30ab\u30d0\u30fc"", ""section_232_outcome_unknown"": ""4/14 deadline (existing event) \u306e\u5b9f\u969b\u306e\u5831\u544a\u5185\u5bb9\u30fb\u7d50\u679c\u304cWebSearch\u3067\u672a\u78ba\u8a8d\u3002Phase 2 rate\u767a\u8868\u306a\u3057 or \u691c\u7d22\u7db2\u306b\u672a\u53cd\u6620"", ""us_close_4_14"": ""\u65e2\u5b58event 4/15 05:00 JST \u3067SOXL/TQQQ\u306e+5%\u53f0rally\u8a18\u9332\u6e08\u307f\u3002S&P +1.18% / Nasdaq\u6210\u9577\u306f\u540c\u65e5\u5185\u3067\u7e54\u308a\u8fbc\u307f"", ""jpm_nii_guide_cut_reaction"": ""\u65e2\u5b58JPM 20:15 RESULT event\u306b\u5305\u542b (EPS beat\u8a18\u9332\u6e08\u307f). -3% stock reaction \u306f\u4e8b\u5f8c\u53cd\u5fdc\u3067\u65b0\u898fdiscrete event\u3067\u306f\u306a\u3044"", ""brent_discrepancy"": ""WebSearch $91.40 vs Parquet $94.40 \u2192 WTI\u6df7\u540c\u7591\u3044\u3001Parquet authoritative\u63a1\u7528""}, ""lesson_references"": [""K-009"", ""K-024""], ""thesis_check"": ""4/14 risk-on regime\u7d99\u7d9a\u78ba\u8a8d (S&P +1.18%, VIX -3.97% to 18.36, SOXL +5.9%, TQQQ +5.4%). \u6c7a\u7b97\u30b7\u30fc\u30ba\u30f3\u306f mixed start (JPM beat but NII guide, Citi strong, WFC miss) \u306a\u304c\u3089\u5168\u4f53\u76f8\u5834\u306frisk-on\u7dad\u6301\u3002Iran\u4ea4\u6e09\u306fstalled/intermittent pattern\u3001ceasefire 4/21\u671f\u9650\u307e\u3067\u7d9a\u6295\u3002Section 232 4/14\u5831\u544a\u7d50\u679c\u306f\u672a\u78ba\u8a8d \u2192 /review-events\u5bfe\u8c61""}",2026-04-15 11:13:07.595396
68,scan-market,2026-04-15 13:07:05.098288+09,"2 events added (BAC Q1 earnings 4/15 19:45 JST BMO, TSMC Q1 earnings conference 4/16 15:00 JST). 2h window (4/15 11:13-13:05 JST, Asia midday only). Iran talks no new development (Islamabad collapsed narrative continues, Pakistan shuttling messages). Section 232 report outcome still未確認. Asian stocks risk-on continuing (Nikkei +2.32% Tuesday 4/14 = 57,816, existing 4/14 coverage). TSMC は SOXL/TECL direct catalyst として重要 — scanで初発見、discrete event登録必須判断","{""latest_source_date"": ""2026-04-14T21:00Z"", ""categories_searched"": [""geopolitical"", ""fed"", ""semiconductor"", ""oil"", ""tariff"", ""market""], ""scan_period"": ""2026-04-15 11:13 JST ~ 2026-04-15 13:05 JST"", ""events_added"": 2, ""events_skipped"": 3, ""skipped_reasons"": {""iran_no_update"": ""Islamabad talks collapsed narrative \u306f\u65e2\u5b58 4/12 22:00 JST + 4/14 03:00 JST events \u3067\u7d99\u7d9a\u30ab\u30d0\u30fc\u3002Pakistan shuttle diplomacy \u30822\u65e5\u5148\u306e\u52d5\u304d"", ""section_232_outcome_still_unknown"": ""4/14 23:59 JST deadline \u306e actual report\u5185\u5bb9\u30fbPhase 2 rate\u6c7a\u5b9a\u304cWebSearch\u3067\u672a\u78ba\u8a8d \u2192 /review-events \u30673\u65e5\u5f8c\u306b\u8ffd\u8de1"", ""nikkei_4_14_close"": ""Nikkei +2.32% \u306f 4/14 (Tuesday) \u306e\u65e2\u5f80\u30c7\u30fc\u30bf\u30014/14 risk-on regime\u3067\u9593\u63a5\u30ab\u30d0\u30fc\u6e08\u307f""}, ""key_upcoming_catalysts"": {""BAC_Q1"": ""2026-04-15 19:45 JST (BMO, BAC EPS predict $1.01)"", ""TSMC_Q1"": ""2026-04-16 15:00 JST (SOXL/TECL direct catalyst)""}, ""lesson_references"": [""K-009"", ""K-024""], ""thesis_check"": ""4/14 risk-on regime\u7d99\u7d9a\u3002Asian session\u306f mid-day \u3067\u76ee\u7acb\u3063\u305f\u52d5\u304d\u306a\u3057\u3002\u6b2124h\u306ediscrete catalyst\u306f2\u4ef6: BAC Q1 (4/15 19:45 JST) \u2192 TSMC Q1 (4/16 15:00 JST). TSMC\u304cSOXL/TECL\u30dd\u30b8\u30b7\u30e7\u30f3\u5224\u65ad\u306e\u6700\u5927input""}",2026-04-15 13:07:05.408976
69,scan-market,2026-04-15 16:07:24.708118+09,"1 event added (Nikkei 4/15 close +1% 58,400, tech-led, TSMC preview rally). 3h window (13:05-16:05 JST, Tokyo close / Europe pre-open). Iran: Trump 4/15コメント ""2日以内Pakistan再会談 + Field Marshal褒め"" = K-009修辞パターン、既存 4/14 03:00 JST event でカバー、skip. Section 232 outcome 依然未確認. Oil: WTI $93 range, Brent quiet, Parquet照合問題なし","{""latest_source_date"": ""2026-04-15T15:00Z"", ""categories_searched"": [""geopolitical"", ""fed"", ""semiconductor"", ""oil"", ""tariff"", ""market""], ""scan_period"": ""2026-04-15 13:05 JST ~ 2026-04-15 16:05 JST"", ""events_added"": 1, ""events_skipped"": 4, ""skipped_reasons"": {""iran_trump_k009"": ""Trump 4/15 \""2\u65e5\u4ee5\u5185Pakistan\u518d\u4f1a\u8ac7 + Field Marshal\u8912\u3081\"" = K-009\u4fee\u8f9e\u30d1\u30bf\u30fc\u30f3. Lesson\u7167\u5408\u6e08: Iran\u4ea4\u6e09rhetoric\u306f\u5b9f\u884c\u672a\u78ba\u8a8d\u6bb5\u968e\u3067\u306fneutral default. \u65e2\u5b58 4/14 03:00 JST \""Iran-US\u505c\u6226\u4ea4\u6e09revival signal\"" event \u3067\u30ab\u30d0\u30fc"", ""section_232_still_no_outcome"": ""4/14 deadline \u5b9f\u7d50\u679c\u672a\u767a\u8868 or \u6a5f\u5bc6\u3067\u5831\u9053\u3055\u308c\u305a\u3002/review-events \u30674/17\u4ee5\u964d\u8ffd\u8de1"", ""oil_quiet"": ""WTI $93 range, Brent\u5909\u52d5\u5e45\u5c0f. Parquet 4/14 Brent $94.40\u3067\u6574\u5408\u3001discrete event\u4e0d\u8981"", ""asian_tech_details_consolidated"": ""Lasertec/Advantest/SoftBank\u500b\u5225\u52d5\u304d\u306f Nikkei close event \u306b\u5185\u5305""}, ""key_finding"": ""Nikkei +1% 58,400, Advantest +4.7%, Lasertec +3.7% \u306f TSMC 4/16 earnings pre-event rally \u3068\u3057\u3066\u89e3\u91c8\u3002SOXL/TECL long \u306e entry timing \u5224\u65ad\u306b\u91cd\u8981 (TSMC\u7d50\u679c\u524d\u306epre-positioning vs post-event\u78ba\u8a8d)"", ""lesson_references"": [""K-009"", ""K-024""], ""thesis_check"": ""risk_on regime\u7d99\u7d9a\u30024/15 Asia session \u3067 tech-led rally \u306b\u3088\u308a TSMC preview \u3078\u306e\u5e02\u5834\u671f\u5f85\u304cgauged\u3002\u7c73\u56fd session (22:30 JST\u5bc4\u4ed8) \u524d\u306bBAC Q1\u6c7a\u7b97 (19:45 JST BMO) \u2192 TSMC (4/16 15:00 JST) \u306e2\u6bb5\u968ecatalysts""}",2026-04-15 16:07:25.045575
70,scan-market,2026-04-16 20:23:41.167201+09,"4 events added: TSMC Q1 RESULT (mega beat, revenue +35% YoY, FY guidance上方修正>30%, positive)、ASML Q1 RESULT (業績strong/中国懸念mixed, neutral)、4/15 US close new ATH (S&P 7,022.95/Nasdaq 24,016 both ATH, positive)、Iran-US framework agreement progress (Axios 4/15, lesson照合済みpositive)。調査window: 2026-04-15 16:07 JST ~ 2026-04-16 20:20 JST (~28h)","{""latest_source_date"": ""2026-04-16T07:00Z"", ""categories_searched"": [""geopolitical"", ""fed"", ""semiconductor"", ""oil"", ""tariff"", ""market""], ""scan_period"": ""2026-04-15 16:07 JST ~ 2026-04-16 20:20 JST"", ""events_added"": 4, ""events_skipped"": 5, ""skipped_reasons"": {""fed_no_news"": ""FOMC\u6b21\u56de4/28-29\u307e\u3067\u52d5\u304d\u306a\u3057\u3001March minutes\u65e2\u77e5\u60c5\u5831"", ""brent_oil_quiet"": ""Brent $94-95 steady\u3001Parquet 4/14 $94.30\u3068\u6574\u5408\u3001discrete event\u306a\u3057"", ""section_232_still_pending"": ""4/14\u671f\u9650\u904e\u304e\u3066\u3082\u516c\u5f0f\u767a\u8868\u306a\u3057\u3001\u6a5f\u5bc6or\u4ea4\u6e09\u5ef6\u9577\u4e2d"", ""tsmc_pre_event_already_in_db"": ""4/16 15:00 JST TSMC conference pre-event\u65e2\u5b58\u3001RESULT\u8ffd\u52a0\u306e\u307f"", ""asian_session_nikkei_4_16_no_data"": ""4/16 Nikkei close data not in search results yet (scan early evening)""}, ""key_findings"": [""TSMC Q1 revenue $35.6B +35%, Q2 guidance beat $1.9-2.1B\u3001FY\u6210\u9577\u7387>30%\u306braise = AI thesis\u78ba\u8a3c"", ""S&P 500\u521d\u3081\u30667,000\u7a81\u7834\u3067\u6226\u4e89\u524d\u6c34\u6e96\u5b8c\u5168\u56de\u5fa9"", ""Iran framework agreement\u5177\u4f53\u9032\u5c55(Axios\u5831)\u30014/21\u671f\u9650\u524d"", ""ASML\u696d\u7e3estrong\u3082China\u898f\u5236\u61f8\u5ff5\u3067\u682a\u4fa1\u5206\u96e2 = SOXL\u3078\u306e\u5f71\u97ffmixed""], ""lesson_references"": [""K-009"", ""K-024"", ""K-027""], ""thesis_check"": ""risk_on regime\u7d99\u7d9a\u78ba\u8a8d\u3002TSMC\u7d50\u679c\u3067\u534a\u5c0e\u4f53AI thesis\u78ba\u8a3c\u3001SOXL/TECL\u30ed\u30f3\u30b0\u306b\u306f4/16\u591c\u306e\u7c73\u5bc4\u4ed8\u5f8c\u306ereaction\u78ba\u8a8d\u304c\u7126\u70b9\u3002Iran framework\u9032\u5c55 + \u539f\u6cb9$94steady + US ATH\u66f4\u65b0 \u3067risk_off\u8fd4\u9084\u30ea\u30b9\u30af\u306f\u76f8\u5bfe\u7684\u306b\u4f4e\u3044\u3002\u305f\u3060\u3057\u65b0ATH\u904e\u71b1 + 4/21ceasefire\u671f\u9650 + Section 232\u672a\u89e3\u6c7a\u306e3\u70b9\u304c\u4f59\u97fb\u30ea\u30b9\u30af""}",2026-04-16 20:23:41.483133
71,scan-market,2026-04-16 20:25:48.008911+09,"0 events added (4分前のscanから再実行)。3検索実施 (Nikkei 4/16 close / TSMC earnings call tariff color / US futures reaction)。Nikkei 4/16 record high (Bloomberg) 発見も定量値矛盾 (57,877.39 vs 4/15 58,400から+2.43%→算数不整合) で登録保留。TSMC tariff commentary は既存RESULT eventに包含済み。追加登録不要と判断","{""latest_source_date"": ""2026-04-16T11:00Z"", ""categories_searched"": [""semiconductor"", ""market""], ""scan_period"": ""2026-04-16 20:23 JST ~ 2026-04-16 20:24 JST (4\u5206\u9593)"", ""events_added"": 0, ""events_skipped"": 3, ""skipped_reasons"": {""nikkei_4_16_close_number_conflict"": ""Bloomberg \""Nikkei closed 57,877.39 up 2.43%\"" \u767a\u898b\u3082DB 4/15 close 58,400+ \u3068\u6570\u5b66\u7684\u77db\u76fe(58,400\u00d71.0243=59,818)\u30022\u30bd\u30fc\u30b9\u691c\u8a3c\u4e0d\u5145\u8db3\u30fbParquet\u7167\u5408\u5f85\u3061\u3002update_data.py\u5b9f\u884c\u5f8c\u306bParquet\u304b\u3089\u76f4\u63a5\u78ba\u8a8d\u4e88\u5b9a"", ""tsmc_tariff_commentary_in_existing"": ""TSMC earnings call tariff\u8272\u5473\u306f\u65e2\u5b58 RESULT event \u306e impact_reasoning \u3067\u5305\u542b\u6e08\u307f"", ""sox_preview_no_new_info"": ""SOX preview/TSM momentum\u8a18\u4e8b\u306f\u524d\u56descan\u5185\u5bb9\u306e\u713c\u304d\u76f4\u3057""}, ""key_finding"": ""Nikkei 4/16 record high signal\u5b58\u5728\u3001\u305f\u3060\u3057\u5b9a\u91cf\u691c\u8a3c\u304c\u5fc5\u8981\u3002update_data.py\u5f8c\u306bParquet 4/16 JP225\u5024\u3067\u72ec\u7acb\u691c\u8a3c\u63a8\u5968"", ""recommendation"": ""\u6b21\u56descan-market\u306f\u7c73\u5bc4\u4ed8(22:30 JST)\u5f8c\u306b\u5b9f\u65bd\u63a8\u5968\u3002TSMC\u53cd\u5fdc + 4/16 Nikkei close\u78ba\u5b9a\u5024\u306e\u4e21\u65b9\u3092\u30ab\u30d0\u30fc\u53ef\u80fd""}",2026-04-16 20:25:48.331921
72,scan-market,2026-04-17 08:57:43.387394+09,"3 events added: 4/16 US close new ATH (S&P 7,041.28 / Nasdaq 24,102.70 / 12連騰は2009-07以来最長, positive)、TSM ADR -2.5% beat and retreat (K-034 pattern、半導体SOXL追撃不可sign, neutral)、Netflix Q1 RESULT (EPS crush but -9% AH on Q2 miss+Hastings退任, neutral)。調査window: 2026-04-16 20:25 JST ~ 2026-04-17 08:45 JST (~12h、米セッション1回分)","{""latest_source_date"": ""2026-04-17T05:00Z"", ""categories_searched"": [""geopolitical"", ""fed"", ""semiconductor"", ""oil"", ""tariff"", ""market""], ""scan_period"": ""2026-04-16 20:25 JST ~ 2026-04-17 08:45 JST"", ""events_added"": 3, ""events_skipped"": 4, ""skipped_reasons"": {""iran_framework_already_registered"": ""Trump \""close to over\""+Lebanon/Netanyahu\u96fb\u8a71\u306f\u65e2\u5b584/16 03:00 Iran framework event \u306b\u5305\u542b\u3001\u8ffd\u52a0\u306f\u91cd\u8907"", ""brent_94_steady"": ""Brent $94 steady\u3001Parquet\u3068\u6574\u5408\u3001discrete event\u306a\u3057"", ""fed_no_new_speaker_4_16"": ""Fed speakers 4/16\u7279\u8a18\u306a\u3057\u3001\u6b21 FOMC 4/28-29\u307e\u3067\u9759\u89b3"", ""section_232_no_update_4_16_17"": ""Taiwan deal\u65e2\u5b58(1\u6708)\u30014/16-17\u65b0\u767a\u8868\u306a\u3057""}, ""key_findings"": [""Nasdaq 12\u9023\u9a30\u306f2009\u5e747\u6708\u4ee5\u6765=QE\u521d\u671f\u3068\u540c\u3058\u6b74\u53f2\u7684signal\u3001reversion risk\u84c4\u7a4d\u5c40\u9762"", ""TSM ADR -2.5%(\u6c7a\u7b97beat\u5f8c)\u306fK-034 beat and retreat\u6c7a\u5b9a\u7684\u518d\u73fe=\u4eca\u30b7\u30fc\u30ba\u30f3\u8907\u6570\u9298\u67c4\u3067\u30d1\u30bf\u30fc\u30f3\u78ba\u7acb"", ""Netflix EPS crush\u5f8c -9% AH\u3082K-034\u30d1\u30bf\u30fc\u30f3\u3067beat and retreat\u5f37\u5316"", ""Iran\u505c\u6226\u5ef6\u9577in principle\u5408\u610f\u3060\u304c\u7c73\u9ad8\u5b98\u300c\u672a\u6b63\u5f0f\u5408\u610f\u300d=4/21\u671f\u9650\u524dheadline volatility\u7d99\u7d9a""], ""lesson_references"": [""K-024"", ""K-027"", ""K-034""], ""thesis_check"": ""risk_on\u30ec\u30b8\u30fc\u30e0\u7d99\u7d9a+Nasdaq 12\u9023\u9a30\u3067\u5e02\u5834\u5e83\u5e45\u4e0a\u6607\u3060\u304c\u3001\u534a\u5c0e\u4f53\u30bb\u30af\u30bf\u30fc(TSM-2.5%)\u306f\u9006\u884c\u3067 divergence\u767a\u751f\u3002K-034 beat and retreat\u30d1\u30bf\u30fc\u30f3\u304c\u4eca\u56de\u6c7a\u7b97\u30b7\u30fc\u30ba\u30f3\u3067\u78ba\u7acb\u3057\u3001SOXL\u8ffd\u6483\u30ed\u30f3\u30b0\u306f\u4e0d\u53ef\u3002SOXS long\u5074\u306eentry\u6a5f\u4f1a\u3092\u89b3\u5bdf\u3059\u3079\u304d\u5c40\u9762\u30024/21 Iran\u505c\u6226\u671f\u9650\u524d\u306eheadline risk\u3082\u84c4\u7a4d\u4e2d\u3002reversion/\u8abf\u6574\u30ea\u30b9\u30af\u3068\u65b0ATH\u8ffd\u6483\u306e\u4e21\u7768\u307f\u5c40\u9762""}",2026-04-17 08:57:43.701358
73,scan-market,2026-04-17 09:36:07.247892+09,"1 event added: 4/16 Asia close (Nikkei +2.4% record high、Kospi +2.21% 6,226.05、TSMC pre-earnings rally + Iran deal hopes)。前回scanから37分、update_data.py実行済み。**データ品質フラグ: Parquet Brent 4/16 $98.09 vs WebSearch(tradingeconomics) $94.89 で 3.4% 矛盾**、ADR-003 ルールで Brent event 登録せず","{""latest_source_date"": ""2026-04-17T00:00Z"", ""categories_searched"": [""oil"", ""market""], ""scan_period"": ""2026-04-17 08:57 JST ~ 2026-04-17 09:34 JST (37\u5206\u3001update_data.py\u76f4\u5f8c)"", ""events_added"": 1, ""events_skipped"": 1, ""skipped_reasons"": {""brent_parquet_websearch_mismatch"": ""Parquet yfinance 4/16 Brent $98.09 vs tradingeconomics 4/16 $94.89 = 3.4% \u77db\u76fe\u3002ADR-003 \""Parquet\u5024\u3068\u77db\u76fe\u3059\u308b\u5834\u5408\u306f\u4e0d\u63a1\u7528\"" \u30eb\u30fc\u30eb\u9069\u7528\u3002\u30c7\u30fc\u30bf\u30bd\u30fc\u30b9\u8abf\u67fb\u304c\u5225\u9014\u5fc5\u8981 (yfinance \u306eBrent\u5951\u7d04\u30ed\u30fc\u30eb or \u6642\u70b9\u5dee\u306e\u53ef\u80fd\u6027)""}, ""data_quality_flag"": {""symbol"": ""BRENT"", ""parquet_value"": 98.09, ""websearch_value"": 94.89, ""discrepancy_pct"": 3.37, ""action"": ""skip registration, investigate later"", ""hypothesis"": ""yfinance Brent contract roll (\u524d\u6708/\u5f53\u6708 vs settlement price) or intraday-vs-close timing mismatch""}, ""key_findings"": [""Nikkei 225 +2.4% record high 4/16 = \u524d\u56descan \u306e Bloomberg \u5b9a\u91cf\u77db\u76fe\u306f Bloomberg \u5074\u306e snippet error \u3068\u63a8\u5b9a (CNBC \u3067 +2.4% change \u8868\u8a18\u304c\u6b63\u78ba\u3068\u5224\u65ad)"", ""Kospi 6,226.05 +2.21% \u306f Asia \u534a\u5c0e\u4f53 ecosystem \u5168\u4f53\u306e\u5f37\u3055\u3092\u793a\u5506"", ""Asia \u3067\u8cb7\u308f\u308c\u7c73\u3067\u58f2\u3089\u308c\u308b: Nikkei/Kospi \u5f37 \u2192 TSM -2.5% = \u65e5\u4ed8\u8de8\u304e K-034 beat and retreat \u5909\u5f62\u30d1\u30bf\u30fc\u30f3"", ""Parquet VIX 4/16 close 17.94 = 4/15 18.17 \u304b\u3089\u4f4e\u4e0b\u3001risk_on \u7d99\u7d9a\u78ba\u8a8d""], ""parquet_snapshot_4_16"": {""VIX"": 17.94, ""VIX3M"": 20.77, ""HY_SPREAD"": 2.85, ""US10Y"": 4.29, ""BRENT_PARQUET_UNCERTAIN"": 98.09, ""YIELD_CURVE"": 0.54, ""SOXL"": 88.37, ""SOXS"": 20.28, ""SPXL"": 230.62, ""TECL"": 127.94, ""TQQQ"": 56.43}}",2026-04-17 09:36:07.748181
74,scan-market,2026-04-17 16:53:27.364159+09,"3 events added: (1) AMD-France AI partnership LOI signed 4/16 Paris (positive direct semiconductor), (2) Nikkei 225 -0.80% pullback 4/17 close after record (neutral indirect), (3) FOMC Daly speech 4/17 23:30 JST scheduled (neutral background). Context: Fed 2026 no-cut narrative strengthening, Iran ceasefire expires 4/21 (no new talks date). Previous scan 7h ago (09:36 JST).","{""latest_source_date"": ""2026-04-17T00:00Z"", ""categories_searched"": [""geopolitical"", ""fed"", ""semiconductor"", ""oil"", ""tariff"", ""market""], ""scan_period"": ""2026-04-17 09:36 JST ~ 2026-04-17 16:52 JST (7h\u5f8c)"", ""events_added"": 3, ""events_skipped"": 4, ""skipped_reasons"": {""iran_ceasefire_extension"": ""4/15 Bloomberg\u306e\u5ef6\u9577\u691c\u8a0e + 4/17 no new date \u2014 \u65e2\u5b58 4/16 03:00 Iran-US framework deal event\u306b\u5305\u542b\u6e08\u307f\u30024/21\u671f\u9650\u307e\u3067\u65b0material\u7121\u3057"", ""fed_no_cut_narrative"": ""Powell 3/18 FOMC\u767a\u8a00\u30d9\u30fc\u30b9\u306e\u5e02\u5834\u518d\u89e3\u91c8\u3002\u56fa\u6709event\u7121\u3057\u3001narrative shift\u306e\u307f"", ""baker_hughes_rig_count"": ""\u6bce\u9031\u5b9a\u4f8b\u3001\u6750\u6599\u6027\u4f4e\u3044"", ""axp_earnings"": ""4/23\u306b\u5ef6\u671f\u6e08\u307f (4/17\u5206\u306b\u7121\u3044)""}, ""data_quality_notes"": {""brent_discrepancy_unresolved"": ""Parquet 4/16 $98.09 vs WebSearch tradingeconomics $94.89 \u2014 \u524d\u56descan\u6307\u6458\u306e3.4%\u4e56\u96e2\u306f\u672a\u89e3\u6c7a\u3002yfinance BRENT\u5951\u7d04\u30ed\u30fc\u30eb\u7591\u3044\u7d99\u7d9a"", ""parquet_latest"": ""2026-04-16""}, ""key_findings"": [""AMD-France AI LOI 4/16: \u4ecf\u56fd\u5bb6AI\u6226\u7565\u306bAMD\u57fa\u76e4\u63a1\u7528\u3001sovereign AI TAM\u62e1\u5927\u3002AMD +3.4% \u5f53\u65e5\u53cd\u5fdc"", ""Nikkei -0.80% 4/17 close: IMF BoJ\u5229\u4e0a\u3052\u5727\u529b + \u6226\u4e89risk continuation\u3002K-034 beat-and-retreat\u5909\u5f62\u306e\u53ef\u80fd\u6027"", ""Iran ceasefire 4/21 expiration: Trump\u697d\u89b3/Iran\u5074no new date\u3002\u5ef6\u9577\u4ea4\u6e09\u4e2d\u3060\u304c\u65b0material\u672a\u5230\u7740"", ""Fed 2026 no-cut repricing\u9032\u884c\u4e2d: Iran oil shock \u2192 inflation 2.7% \u898b\u901a\u3057\u4e0a\u65b9\u4fee\u6b63 (December 2.5%\u304b\u3089)"", ""S&P 500 4/16 close 7,041.28 (Nasdaq 12\u65e5\u9023\u7d9a\u4e0a\u6607\u30012009\u5e747\u6708\u4ee5\u6765\u6700\u9577)"", ""4/17 US futures +0.21%(SPX) / +0.40%(NDX) premarket = \u8cb7\u3044\u512a\u52e2\u3067\u5165\u308b""]}",2026-04-17 16:53:27.835181
75,scan-market,2026-04-17 17:18:21.052779+09,"1 event added: Israel-Lebanon 10日停戦発効 4/17 06:00 JST (positive indirect). 前回scan 23分後の補完スキャン。update_data後のParquet 4/17反映で BRENT $92.63 (4/16 $98.09から-5.6%、de-escalation整合)、VIX 18.21 (+0.27 risk_on継続)。Trump ""Iran deal very close"" + Islamabad再交渉週末可能性。","{""latest_source_date"": ""2026-04-17T00:00Z"", ""categories_searched"": [""geopolitical"", ""market""], ""scan_period"": ""2026-04-17 16:53 JST ~ 2026-04-17 17:17 JST (23\u5206\u3001update_data.py\u76f4\u5f8c)"", ""events_added"": 1, ""events_skipped"": 3, ""skipped_reasons"": {""trump_deal_very_close_rhetoric"": ""K-009 Trump\u4fee\u8f9e\u30d1\u30bf\u30fc\u30f3\u3002\u300cvery close\u300d\u8868\u73fe\u5358\u72ec\u306fneutral\u3001\u5b9f\u884c\u4f34\u308f\u305a \u2192 skip"", ""us_blockade_13_ships_turned_back"": ""\u65e2\u5b58blockade run\u306e\u904b\u7528\u8a73\u7d30\u3001\u65b0material\u7121\u3057"", ""iran_casualties_3300"": ""\u7d71\u8a08\u7684\u30b3\u30f3\u30c6\u30ad\u30b9\u30c8\u3002event-worthy trigger\u7121\u3057""}, ""parquet_snapshot_4_17_post_update"": {""VIX_4_17"": 18.21, ""VIX3M_4_16"": 20.77, ""HY_SPREAD_4_15"": 2.85, ""US10Y_4_15"": 4.29, ""BRENT_4_17"": 92.63, ""BRENT_4_16_anomaly_prev"": 98.09, ""BRENT_DROP_PCT"": -5.56, ""YIELD_CURVE_4_16"": 0.54, ""VXN_4_15"": 22.25}, ""data_quality_resolution"": {""brent_prev_discrepancy"": ""\u524d\u56descan\u6307\u6458: Parquet 4/16 $98.09 vs WebSearch tradingeconomics $94.89 = 3.4%\u4e56\u96e2"", ""current_state"": ""4/17 yfinance fetch $92.63 \u3067 4/16 WebSearch\u3068\u9023\u7d9a\u6027\u56de\u5fa9\u3002$98.09 \u306f\u4e00\u904e\u7684\u306afetch anomaly(\u5951\u7d04\u30ed\u30fc\u30eb or stale settlement)\u3068\u63a8\u5b9a"", ""action"": ""\u7d99\u7d9a\u76e3\u8996\u3001yfinance BRENT contract\u6319\u52d5\u8abf\u67fb\u306f\u5225issue""}, ""key_findings"": [""Israel-Lebanon 10\u65e5\u505c\u6226 4/16 17:00 ET \u767a\u52b9 = Beirut\u795d\u7832 + Lebanese\u8ecd\u5373\u6642violation claim (K-024)"", ""BRENT 4/17 $92.63 (-5.6% vs 4/16 $98.09) = de-escalation\u6574\u5408\u3002\u524d\u65e5Parquet\u5024\u306eanomaly\u3082\u89e3\u6d88"", ""VIX 4/17 18.21 = 4/16 17.94 \u304b\u3089 +0.27 mild uptick\u3001risk_on\u95be\u5024(20)\u672a\u6e80"", ""Trump \""Iran deal very close\"" / Islamabad\u518d\u4ea4\u6e09\u9031\u672b\u53ef\u80fd\u6027 \u2014 K-009\u4fee\u8f9e\u3001\u5b9f\u884c\u672a\u78ba\u8a8d"", ""Iran ceasefire 4/21 \u671f\u9650\u307e\u3067 4\u65e5\u3001material catalyst continues""]}",2026-04-17 17:18:21.52237
76,scan-market,2026-04-18 18:33:51.074459+09,"2 events added: (1) Iran FM Hormuz open declaration 4/17 22:30 JST → Brent -10.5% to ~$88.73 (geopolitical positive indirect). (2) 4/17 US close: S&P 500 +1.20% ATH 7126.06 / Nasdaq +1.52% ATH / VIX -2.56% (market positive direct). 検討後skip: Axios $20B cash-for-uranium scoop (single source, 2ソース不足), NFLX -9.7% (non-target symbol), 4/22 ceasefire expiry (既知).","{""latest_source_date"": ""2026-04-17T20:00Z"", ""categories_searched"": [""geopolitical"", ""fed"", ""semiconductor"", ""oil"", ""tariff"", ""market""], ""scan_period"": ""2026-04-17 17:18 JST ~ 2026-04-18 18:31 JST (25h)"", ""events_added"": 2, ""events_skipped"": 3, ""skipped_reasons"": {""axios_20b_cash_for_uranium"": ""Single Axios scoop, 2+ Tier 1-2 \u30bd\u30fc\u30b9\u8981\u4ef6\u672a\u9054\u3002CLAUDE.md\u5b9a\u6027\u30a4\u30d9\u30f3\u30c8\u898f\u5247\u3002"", ""nflx_9_7pct_drop"": ""NFLX\u975e\u5bfe\u8c61symbol (target: TQQQ/SOXL/TECL/SPXL\u7b49)\u3001\u6307\u6570\u5438\u53ce\u3067systemic\u5f71\u97ff\u306a\u3057"", ""4_22_ceasefire_expiry"": ""\u65e2\u77e5\u306escheduled deadline\u3001\u65e2\u5b58\u4ea4\u6e09\u30d5\u30ec\u30fc\u30e0\u30ef\u30fc\u30af\u5185""}, ""parquet_snapshot_4_18"": {""VIX_4_17"": 17.48, ""VIX3M_4_17"": 20.51, ""HY_SPREAD_4_16"": 2.86, ""US10Y_4_16"": 4.32, ""BRENT_4_17"": 90.38, ""BRENT_WebSearch_4_17_close"": 88.73, ""BRENT_discrepancy_note"": ""Parquet $90.38 vs WebSearch $88.73 CNBC/TASS settlement = 1.9%\u4e56\u96e2\u3002yfinance BRENT contract continued minor discrepancy but direction\u6574\u5408 (-2.4% vs -10.5%). \u5024\u306f\u5927\u304d\u3081\u306b\u51fa\u3066\u3044\u308b"", ""YIELD_CURVE_4_17"": 0.55, ""VXN_4_16"": 22.18}, ""key_findings"": [""Iran FM Araghchi: Hormuz OPEN \u516c\u5f0f\u5ba3\u8a00 (\u4f46\u66f8: ceasefire\u671f\u9593\u4e2d\u306e\u307f) = de-escalation\u7b2c2\u6ce2 (Lebanon\u505c\u6226\u306b\u7d9a\u304f)"", ""Brent -10.5% to ~$88.73 = \u5b9f\u88c5\u3092\u5e02\u5834\u304c\u4fe1\u3058\u305f\u4fa1\u683c\u78ba\u8a8d\u3002K-024/K-009 \u9069\u7528\u5916"", ""S&P 500 ATH 7126.06 (+1.20%) / Nasdaq ATH 24468 (+1.52%) / VIX 17.48 (-2.56%) = risk_on\u5f37\u5316"", ""NFLX -9.7% (Q2 guidance\u5931\u671b) \u306f\u500b\u5225\u3001\u6307\u6570\u3067\u5438\u53ce \u2192 systemic risk \u793a\u5506\u306a\u3057"", ""4/22 Iran ceasefire\u671f\u9650\u307e\u3067 4\u65e5 = material catalyst continues, \u53cd\u8ee2\u30ea\u30b9\u30af\u8981\u76e3\u8996"", ""Axios $20B cash-for-uranium scoop = single source\u4e0d\u767b\u9332\u3001\u4f46\u3057\u4ea4\u6e09\u9032\u884cmaterial signal \u3068\u3057\u3066\u8a18\u61b6""], ""lesson_application"": {""k_024_check"": ""\u653b\u6483\u7cfbtransient negative lesson\u306f\u672c\u4ef6de-escalation\u306b\u9069\u7528\u5916 \u2192 positive\u7dad\u6301"", ""k_009_check"": ""Iran FM\u306e\u516c\u5f0fSNS\u767a\u8868 = \u653f\u7b56implementation\u3001Trump\u4fee\u8f9e\u3068\u306f\u533a\u5225 \u2192 positive\u7dad\u6301"", ""added_safeguard"": ""ceasefire\u671f\u9650 4/22 \u5230\u6765\u6642\u306e\u53cd\u8ee2\u30ea\u30b9\u30af\u3092 impact_reasoning \u306b\u660e\u8a18""}}",2026-04-18 18:33:51.420072
77,scan-market,2026-04-21 17:46:46.575484+09,"4 events added: (1) 4/18 Iran Hormuz再閉鎖 (geopolitical neutral, K-024 lesson適用) (2) 4/19 US Navy Touska拿捕 Gulf of Oman (geopolitical negative, lesson照合外=escalation+外交fallout+Brent+5.6%実証) (3) 4/20 US close SPX -0.24%/VIX 18.87 (market neutral pullback) (4) 4/20 Apple CEO Cook→Ternus 9/1移行 (market neutral, QQQ/SPX AAPL経由indirect). 検討後skip: Brent急騰 (Touska eventに含有)、Trump ""may not extend"" 発言 (K-009修辞、4/22既存eventと重複)、Section 232 4/14 deadline (public release情報なし)、FOMC 4/28-29 (未来scheduled event)。","{""latest_source_date"": ""2026-04-21T00:00Z"", ""categories_searched"": [""geopolitical"", ""fed"", ""semiconductor"", ""oil"", ""tariff"", ""market""], ""scan_period"": ""2026-04-18 18:33 JST ~ 2026-04-21 17:42 JST (71h)"", ""events_added"": 4, ""events_skipped"": 4, ""skipped_reasons"": {""brent_surge_to_95_48"": ""Touska event (4/19) impact_reasoning\u306b\u542b\u6709\u3001\u91cd\u8907\u56de\u907f"", ""trump_may_not_extend_ceasefire"": ""K-009 \u4fee\u8f9e\u30d1\u30bf\u30fc\u30f3 + 4/22 deadline \u65e2\u5b58event\u91cd\u8907"", ""section_232_april_14_deadline"": ""Report-to-President for negotiation status\u3001public release/material market reaction\u60c5\u5831\u306a\u3057"", ""fomc_april_28_29"": ""\u672a\u6765 scheduled event\u30011\u9031\u9593\u5148""}, ""parquet_verification"": {""BRENT_trajectory"": ""4/15 $94.93 -> 4/16 $99.39 -> 4/17 $90.38 -> 4/20 $95.48 -> 4/21 $89.85"", ""BRENT_WebSearch_consistency"": ""WebSearch Brent 4/20 $95.42 vs Parquet $95.48 = 0.06% \u4e56\u96e2\u3001\u4e00\u81f4"", ""VIX_trajectory"": ""4/15 18.17 -> 4/17 17.48 -> 4/20 18.87 -> 4/21 19.12"", ""ETF_trajectory_4_17_to_4_20"": ""SOXL 94.68->95.94 (+1.3%), SPXL 238.73->237.33 (-0.59%), TECL 133.52->134.18 (+0.5%), TQQQ 58.59->58.08 (-0.87%)""}, ""lesson_application"": {""event_1_hormuz_reclose"": ""K-024 (\u81ea\u4e3b\u505c\u6b62\u6bb5\u968eneutral) + ADR-003 \u5b9f\u5bb3\u57fa\u6e96\u9069\u7528 -> neutral default"", ""event_2_touska_seizure"": ""K-024/K-009 \u3044\u305a\u308c\u3082\u975e\u8a72\u5f53 (US proactive + \u7269\u7406\u640d\u50b7 + \u5916\u4ea4fallout + \u4fa1\u683c\u5b9f\u8a3c) -> negative\u7dad\u6301"", ""event_3_market_pullback"": ""small pullback (-0.24%), VIX<20, \u69cb\u9020\u8ee2\u63db\u306a\u3057 -> neutral"", ""event_4_apple_ceo"": ""orderly transition + successor pre-named + futures up -> neutral""}, ""key_catalysts_pending"": [""4/22 Iran ceasefire expiry (Wed\u3001Trump\u5ef6\u9577\u898b\u9001\u308a\u793a\u5506) = \u6700\u91cd\u8981\u5373\u6642\u30ab\u30bf\u30ea\u30b9\u30c8"", ""4/21 earnings (UAL/DHR/GE Aero/NOC/UNH/RTX)"", ""4/28-29 FOMC (oil shock\u4e0b\u3067\u306ePowell tone\u76e3\u8996)"", ""AMD earnings 5/5"", ""Apple CEO transition effective 9/1""]}",2026-04-21 17:46:46.89278
78,scan-market,2026-04-28 17:38:51.169372+09,6 events added: (1) 4/22 Trump indefinite Iran ceasefire extension (geopolitical positive、K-009/K-024非該当=具体行動、SPX/Nasdaq ATH確認) (2) 4/22 IRGC 2-ship seizure post-extension (geopolitical neutral、K-024 lesson適用) (3) 4/22 Tesla Q1 EPS beat/rev miss + capex $25B (market neutral、QQQ間接影響限定) (4) 4/24 Intel Q1 blowout → AMD +13%/SOXL +13.8%/SOX 10000突破17日連続+41% (semiconductor positive direct catalyst、Parquet実証) (5) 4/27 Iran Hormuz reopen Pakistan-mediated offer → Brent -5.2% (geopolitical positive、counter-proposal lesson適用) (6) 4/30 03:00 JST FOMC announcement scheduled (fed neutral、99.9% no-change pricing、Powell最終、language watch). 検討後skip: 4/22-27 SPX/Nasdaq ATH連続更新 (event 1/4/5 に内包)、Section 232 newly initiated investigation (具体日時不明)、Goldman Brent forecast revision (analyst意見)、Nikkei record (TQQQ/SOXL影響なし)、Verizon earnings (個別株scope外).,"{""latest_source_date"": ""2026-04-28T07:30Z"", ""categories_searched"": [""geopolitical"", ""fed"", ""semiconductor"", ""oil"", ""tariff"", ""market""], ""scan_period"": ""2026-04-21 17:46 JST ~ 2026-04-28 17:32 JST (168h)"", ""events_added"": 6, ""events_skipped"": 5, ""skipped_reasons"": {""spx_nasdaq_ath_4_22"": ""event 1 (Trump ceasefire) \u306b\u5185\u5305"", ""spx_nasdaq_ath_4_27"": ""+0.12%/+0.20% \u8efd\u5fae\u3001event 5 (Iran offer) \u306b\u5185\u5305"", ""section_232_pharma_semi_investigation"": ""newly initiated \u78ba\u8a8d\u3060\u304c\u5177\u4f53\u516c\u8868\u65e5\u3068 impact \u7a0b\u5ea6\u4e0d\u660e"", ""goldman_brent_90_forecast"": ""analyst opinion\u3001market-moving event \u3067\u306f\u306a\u3044"", ""verizon_earnings"": ""\u500b\u5225\u682a\u3001scope\u5916""}, ""parquet_verification"": {""BRENT_trajectory"": ""4/21 $98.48 -> 4/22 $101.91 -> 4/23 $105.07 -> 4/24 $105.33 -> 4/27 $108.23 -> 4/28 $102.69"", ""BRENT_news_consistency"": ""WebSearch\u5404\u65e5\u4ed8\u5024\u3068Parquet\u5b8c\u5168\u4e00\u81f4 (CNBC/PBS/Al Jazeera)"", ""VIX_trajectory"": ""4/21 19.50 -> 4/22 18.92 -> 4/23 19.31 -> 4/24 18.71 -> 4/27 18.02 (\u9031\u6b21\u4f4e\u4e0b\u3001\u6975\u7aef\u3067\u306f\u306a\u3044)"", ""SOXL_trajectory"": ""4/21 $98.09 -> 4/22 $105.64 (+7.7%) -> 4/23 $112.77 (+6.7%) -> 4/24 $128.32 (+13.8%) -> 4/27 $123.39 (-3.8%)\u3001\u9031\u6b21+25.8%"", ""TQQQ_trajectory"": ""4/21 $57.40 -> 4/22 $60.21 (+4.9%) -> 4/23 $59.22 -> 4/24 $62.56 -> 4/27 $62.64\u3001\u9031\u6b21+9.1%""}, ""lesson_applications"": {""event_1_ceasefire_extension"": ""K-009 (modal threat\u4fee\u8f9e) \u975e\u8a72\u5f53 = \u5927\u7d71\u9818executive action\u3001\u5177\u4f53\u7684\u5ef6\u9577\u6c7a\u5b9a\u3002K-024 \u975e\u8a72\u5f53 = de-escalation\u65b9\u5411\u3002\u4fa1\u683c\u53cd\u5fdcconfirm \u2192 positive"", ""event_2_ship_seizure"": ""K-024 (\u9032\u884c\u4e2d\u6226\u4e89\u7e70\u308a\u8fd4\u3057\u3001IRGC\u58f0\u660e\u3001\u8fce\u6483\u6210\u529f\u30d1\u30bf\u30fc\u30f3) \u8a72\u5f53 \u2192 neutral default\u3002\u5b9f\u5bb3\u306a\u3057"", ""event_3_tesla"": ""\u500b\u5225decisive\u50ac\u5316\u5264\u306a\u3057\u3001mixed result \u2192 neutral"", ""event_4_intel_amd"": ""Earnings blowout + structural AI demand validation = lesson\u7167\u5408\u5916 (de novo positive catalyst)"", ""event_5_iran_offer"": ""Counter-proposal lesson\u9069\u7528 (\u53e3\u5148\u62d2\u5426\u3067\u306f\u306a\u304f\u5177\u4f53terms\u63d0\u793a) \u2192 positive \u5bc4\u308a\u3002Brent -5.2% reversal \u3067\u78ba\u8a8d"", ""event_6_fomc"": ""99.9% no-change pricing\u6e08\u307f\u3001surprise\u4f59\u5730\u30bc\u30ed\u306escheduled event \u2192 neutral default""}, ""key_catalysts_pending"": [""4/30 03:00 JST FOMC announcement + 03:30 Powell press (Powell\u6700\u7d42\u4f1a\u5408\u3001language watch)"", ""4/30 AMC MSFT/META/GOOGL/QCOM/BA earnings (4/30 ET = 5/1 AMC JST)"", ""5/1 AMC AAPL/AMZN/LLY earnings"", ""Trump response to Iran Hormuz offer (next 24-48h\u3001acceptance/rejection \u3067 oil/SOX \u5927\u5e45\u632f\u308c)"", ""SOX 17\u65e5\u9023\u7d9a+41% overbought \u30ea\u30b9\u30af (mean reversion \u76e3\u8996)""], ""regime_context"": ""risk_on (7\u65e5\u524d\u78ba\u8a8d)\u3001SOXL\u9031\u6b21+25.8%/TQQQ+9.1%\u3067\u30ea\u30b9\u30af\u8cc7\u7523\u5f37\u6c17\u6301\u7d9a\u3002VIX 18.02 \u3067 extreme calm \u3067\u306f\u306a\u3044\u304ccompression\u9032\u884c\u3002SOX overbought signal \u8b66\u6212""}",2026-04-28 17:38:51.499541
79,scan-market,2026-05-03 10:29:21.2589+09,5 events added: (1) 4/28 UAE OPEC exit 5/1発効 (oil neutral indirect、構造変化、両論並走) (2) 4/30 03:30 FOMC 8-4 dissent (1992以来最大) + Powell governor残留 (fed neutral indirect、pricing通り surprise なし) (3) 4/30 04:00 Trump Iran blockade継続宣言 → Brent +6% to $118、4/30 intraday $126、5/01 close $108 で K-024 transient pattern 確認 (oil neutral indirect、conditional negative tilt) (4) 4/30 05:00 Mag7 4社 AMC earnings GOOGL+10/AMZN+4/MSFT-4/META-9 mixed (market neutral direct、AI capex $650B 構造positive) (5) 5/01 05:00 AAPL Q2 FY26 +3% AH、$111.2B(+17%)、Greater China+28%、$100B buyback (market positive direct). Skip: SOX 5/1 52-week high (Mag7 event内に内包、独立催化外)、Section 232 4月update (具体公表なし、4/14 deadline event既存)、Trump Iran proposal review 5/2 (event 3 continuation)。,"{""latest_source_date"": ""2026-05-02T00:00Z"", ""categories_searched"": [""geopolitical"", ""fed"", ""semiconductor"", ""oil"", ""tariff"", ""market""], ""scan_period"": ""2026-04-28 17:38 JST ~ 2026-05-03 10:22 JST (113h)"", ""events_added"": 5, ""events_skipped"": 3, ""lesson_applications"": {""event_1_uae_opec"": ""No prior lesson \u8a72\u5f53 = \u65b0\u898f\u69cb\u9020\u5909\u5316\u30a4\u30d9\u30f3\u30c8\u3001\u4e21\u8ad6\u4e26\u8d70\u3067 neutral default"", ""event_2_fomc_dissent"": ""K-009 modal threat \u975e\u8a72\u5f53 = \u78ba\u5b9a\u767a\u8868\u30021992\u4ee5\u6765\u6700\u5927 dissent \u3082 pricing\u901a\u308a surprise \u306a\u3057 \u2192 neutral"", ""event_3_trump_blockade"": ""K-024 (\u9032\u884c\u4e2d\u6226\u4e89 transient pattern) \u90e8\u5206\u8a72\u5f53 = Brent $118\u2192$126\u2192$108 retracement \u3067 confirm\u3002executive action \u7d99\u7d9a\u3060\u304c\u4fa1\u683c\u53cd\u5fdc -8.5% retracement \u3067 transient \u6027\u8a3c\u660e\u3002conditional negative tilt (Iran 14-point proposal review \u9032\u884c\u4e2d)"", ""event_4_mag7_mixed"": ""Wells Fargo/Citi Q1 lesson \u7167\u5408\u9069\u7528 = \u500b\u5225\u9298\u67c4 mixed \u306e index aggregate neutral \u76f8\u6bba pattern"", ""event_5_aapl_beat"": ""No prior negative lesson\u3001clean beat + Greater China surprise positive \u3067 de novo positive""}, ""parquet_verification"": {""BRENT_5_01"": ""Parquet $108.17\u3001WebSearch \""above $111\"" \u2192 \u7d043% \u4e56\u96e2\u3002Parquet \u4fe1\u983c\u3067\u63a1\u7528\u3001$118\u2192$126\u2192$108 retracement\u8ecc\u8de1\u3067 transient pattern \u691c\u8a3c"", ""VIX_5_01"": ""Parquet 16.99\u3001WebSearch \""below 17\"" \u2192 \u4e00\u81f4\u78ba\u8a8d"", ""BRENT_trajectory"": ""4/28 $102.69 \u2192 4/29 close $118 (+15%) \u2192 4/30 peak $126 \u2192 5/01 close $108.17 \u3067 blockade announcement \u52b9\u679c\u306f -8.5% retracement \u3067\u5927\u534a\u5265\u843d""}, ""key_catalysts_pending"": [""5/05 (\u6765\u9031\u6708) AMD Q1 2026 earnings AMC (analyst estimate rev $9.84B\u3001SOXL direct catalyst\u3001SOX RSI 80.97 overbought\u4e0b)"", ""5/08 (Fri) April nonfarm payrolls release (4 dissent FOMC\u5f8c\u306e dovish/hawkish path \u78ba\u8a8d)"", ""Trump Iran 14-point proposal final response (Trump 5/2 \u300cdissatisfied but prefers non-military path\u300d\u300124-72h \u5185 acceptance/rejection \u3067 oil/SOX \u5927\u5e45\u632f\u308c)"", ""Powell chair \u4efb\u671f 5/15 \u7d42\u4e86 (Warsh \u5f8c\u7d99?\u3001Fed independence narrative)""], ""regime_context"": ""risk_on (5\u65e5\u524d\u78ba\u8a8d)\u3001Brent $108 (\u5371\u6a5f\u6c34\u6e96\u7dad\u6301) + UAE OPEC\u96e2\u8131 + Trump blockade \u3067 oil divergence \u62e1\u5927\u3002equity \u5074 VIX 16.99/HY 2.83 \u3067 compression \u7dad\u6301\u3060\u304c Brent floor raised \u306f structural risk \u84c4\u7a4d\u3002SOX RSI 80.97 \u3067 deeply overbought\u3001AMD 5/5 earnings \u3067 mean reversion \u304b continuation \u304b\u5224\u5b9a\u6750\u6599""}",2026-05-03 10:29:21.557173
80,scan-market,2026-05-19 00:47:55.971807+09,"8 events added: (1) 5/5 AMD Q1 2026 blowout earnings ($10.3B +38%, Q2 guide +46% YoY, Meta 6GW deal) — semiconductor positive direct (2) 5/5 US Operation Project Freedom launch + <48h pause (geopolitical neutral indirect, K-024 transient) (3) 5/7 US-Iran Strait of Hormuz fire exchange (3 destroyers attacked, US counterstrike 3 Iran ports) (geopolitical neutral indirect, K-024+K-038 lesson) (4) 5/8 April NFP +115K beat + AHE 3.6% YoY miss (dovish wage) (fed positive indirect) (5) 5/11 Trump rejects Iran 14-point proposal ""totally unacceptable"", ceasefire ""massive life support"" (geopolitical neutral background, K-009) (6) 5/15 Trump-Xi Beijing summit conclusion (soybeans $17B/yr + Boeing 200 + rare earths, S&P -1.24%) (market neutral direct, sell-the-news) (7) 5/16 Powell chair term end + Warsh Senate Banking committee party-line approval (fed neutral background, full pricing-in) (8) 5/18 Trump 5/17 ""nothing left"" warning + 5/19 NSC meeting schedule (geopolitical neutral indirect, K-009). Skip: Section 232 semiconductor tariff no new event in window (Jan 15 effective + July 1 next review), NVDA Q1 FY27 earnings 5/20 AMC pending (future catalyst). Brent price discrepancy noted: Parquet 5/18 110.83 vs WebSearch $106.01 (~4.5% gap), yfinance Brent contract差異の可能性 — 要追跡。","{""latest_source_date"": ""2026-05-18T00:00Z"", ""categories_searched"": [""geopolitical"", ""fed"", ""semiconductor"", ""oil"", ""tariff"", ""market""], ""scan_period"": ""2026-05-03 10:29 JST ~ 2026-05-19 00:42 JST (~16 days)"", ""events_added"": 8, ""events_skipped"": 2, ""lesson_applications"": {""event_1_amd_earnings"": ""No K-009/K-024 applicable = clean individual beat + structural Meta partnership = de novo positive"", ""event_2_project_freedom"": ""K-024 transient pattern = announcement + <48h pause = de-escalation pivot 並走 neutral"", ""event_3_hormuz_fire_exchange"": ""K-024 (進行中戦争 repeat) + K-038 extension (US proactive action + de-escalation pivot 並走 neutral) = 死者0 + 物理損傷限定 + 引き分け帰投 = neutral"", ""event_4_april_nfp"": ""No prior neg lesson, dovish wage component dominantで positive"", ""event_5_trump_rejection"": ""K-009 modal threat 完全該当 (Trump SNS拒否 + Iran提案継続) = background neutral"", ""event_6_trump_xi_summit"": ""Wells Fargo Q1 NII miss lesson + K-009 hybrid = sell-the-news pattern = neutral direct"", ""event_7_powell_warsh"": ""K-009非該当、完全pricing済み移行 = neutral background"", ""event_8_trump_19_nsc"": ""K-009 modal threat 完全該当 + NSC会合段階 = neutral (5/19会合結果で reclassify候補)""}, ""parquet_verification"": {""BRENT_5_18"": ""Parquet 110.83、WebSearch $106.01 → ~4.5% 乖離。yfinance contract差異の可能性、要追跡"", ""VIX_5_18"": ""Parquet 18.77、WebSearch 18.99 → 1.2% 乖離許容範囲"", ""VIX_5_15"": ""Parquet (取得値要確認)、WebSearch 18.43"", ""SP500_5_15"": ""WebSearch 7,408.50 (-1.24%)、Parquet SPXL 266.60 で対応 SPX水準 confirm""}, ""key_catalysts_pending"": [""5/20 (Wed) AMC NVDA Q1 FY27 earnings — consensus $78.8B revenue / EPS $1.77、Blackwell platform focus、SOXL/TECL最大direct catalyst (SOX RSI 直前要確認)"", ""5/19 (today) NSC meeting on Iran military action — Trump leaning Axios 報道、結果次第で K-024無効化 + negative reclassify"", ""6/16-17 FOMC Warsh議長初会合 (hawkish/dovish initial signaling)"", ""7/1 Section 232 semiconductor tariff Commerce Department update + modify判定""], ""regime_context"": ""risk_on (16日前確認、5/3 scan時から継続)。VIX 18.77 (5/18、+1pt from 16.99)、VIX3M 21.29、HY 2.80 (compression維持)、Brent $108-111 (危機水準維持 + UAE OPEC exit structural)、YC 0.50 (正常)。equity 5/15 -1.24% sell-the-news で短期 mean reversion 入り、SOX RSI正常化途上。AMD blowout + Trump-Xi summit positive narrative の一方、Iran ceasefire fragile + 5/19 NSC会合 で structural geopolitical risk累積。NVDA 5/20 earnings が次の最大 catalyst で reaction次第で SOXL trajectory決定。""}",2026-05-19 00:47:56.283592
81,scan-market,2026-05-19 10:42:15.346185+09,1 event added: Trump 5/18 Iran strike postponement (Truth Social): Qatar/Saudi/UAE要請で 5/19火曜予定 military strike 延期、「Deal includes NO NUCLEAR WEAPONS for Iran」、 conditional「prepared to assault on moments notice」、延期 2-3日。lesson照合: K-009 de-escalation pivot = 4/22 indefinite extension同型 (positive impact)、ただし 2-3日 conditional で K-024 transient half-life併用。市場既反応: SOXL 5/18 intraday $146.97→close $151.75 (+3.2%)、VIX 18.52→17.82、Brent 111→109.74、risk premium部分unwind済み。Axios「Iran offer insufficient、war resumption risk」並走報道で 5/20-22 deal成立確度 50%以下。 Skip: 5/18 market close mixed reaction (Dow +0.32/Nasdaq -0.51/SPX -0.07/NVDA -1.3% / 10Y 4.60%) は価格反応で event登録不要、NVDA Q1 FY27 5/20 AMC pending (future catalyst、既述)。,"{""latest_source_date"": ""2026-05-18T18:00Z"", ""categories_searched"": [""geopolitical"", ""market"", ""semiconductor""], ""scan_period"": ""2026-05-19 00:47 JST ~ 2026-05-19 10:37 JST (10h delta scan)"", ""events_added"": 1, ""events_skipped"": 3, ""lesson_applications"": {""event_trump_iran_postpone"": ""K-009 modal threat de-escalation pivot = 4/22 Trump indefinite extension同型でpositive、ただし 2-3日 conditional + Axios Iran offer insufficient報道で transient half-life併用 = positive with conditional negative reverse risk""}, ""parquet_verification"": {""VIX_5_18"": ""Parquet 17.82、WebSearch 18.99 → やや乖離だがclose確定値で 17.82 採用"", ""BRENT_5_18"": ""Parquet 109.74、WebSearch report $109 → 一致"", ""SOXL_5_18_close"": ""Parquet $151.75、intraday low $146.97 → +3.2% recovery confirm"", ""US10Y_5_15"": ""Parquet 4.59、5/18 intraday WebSearch 4.60%超 → 整合""}, ""key_catalysts_pending"": [""5/20 (水) AMC NVDA Q1 FY27 — consensus $79.2B/EPS $1.78、whisper Q2 guide $90B、SOXL/TECL最大direct catalyst"", ""5/20-22 (火-木) US-Iran deal 結果 — 2-3日延期窓内で deal成立 or military strike resume判定、Iran策insufficient報道で 確度50%以下"", ""5/22 (木) 03:00 JST FOMC議事録 4/29会合 — 8-4 dissent 内訳surprise可能性"", ""5/30 (金) PCE デフレーター — Warsh 6/16 FOMC前最終インフレdata""], ""regime_context"": ""risk_on (score 0.57、5/19判定済み)。Iran 延期で短期 catalyst risk軽減、ただし 10Y 4.60%+ + April CPI hot で structural bear pressure継続。NVDA 5/20 が 2大カタリスト中の最大 — Iran postpone effect 既priced in でNVDA dominantに昇格。「Iran de-escalation + NVDA blowout」両方クリアで SOXL +20-30% rally可能、「Iran resume or NVDA miss」いずれかで SOXL -15-20% reversion継続。""}",2026-05-19 10:42:15.744378
82,scan-market,2026-05-21 08:07:03.672582+09,3 events added: NVDA Q1 FY27 blowout (positive、Revenue $81.6B / EPS $1.87 / Q2 guide $91B / $80B buyback、AH -2.5% sell-the-news = hypothesis 4 partial counter-evidence)、FOMC 4/29 minutes hawkish surprise (neutral、3 hawkish dissents + easing bias 削除傾倒、hypothesis 1 validated 反対方向、SPX +1.08%で Iran期待が dominate)、Trump Iran 'final stages' (neutral、K-009 lesson照合: 24-48h reversal risk + Iran側 deadlock 継続)。skip: Section 232 (新規動向なし、4/14 期限後 NeglEffect)、oil price decline (Iran rhetoric の price reflection、standalone event でない)、Trump-Xi follow up (新情報なし)、Tariff (新規 escalation/de-escalation なし)。,"{""latest_source_date"": ""2026-05-21T05:30:00+09:00"", ""categories_searched"": [""semiconductor"", ""fed"", ""geopolitical"", ""oil"", ""tariff"", ""market""], ""scan_period"": ""2026-05-19 10:42 JST ~ 2026-05-21 08:02 JST (45h delta scan)"", ""events_added"": 3, ""events_skipped"": 4, ""lesson_applications"": {""event_nvda_q1_fy27"": ""hypothesis 4 (Blowout + structural = continuation): partial match — blowout YES だが AH -2.5% は pre-earnings priced in での sell-the-news = counter-evidence 候補。lesson refinement 案: pre-earnings n%-run-up での price reaction は whisper を基準にする"", ""event_fomc_apr_minutes"": ""lesson #219 (FOMC dissent secondary catalyst) validated 反対方向: pricing-in済み rate hold でも HAWKISH dissent 構成 で minutes 朝刊 driven repricing。hypothesis 1 強化 (二段階 catalyst で発火確認)"", ""event_trump_iran_final_stages"": ""K-009 + lesson #216/#220/#228 重畳適用: positive rhetoric + structural change未確定 + Iran側 deadlock 継続 = neutral 暫定、24-48h Trump 非反転確認後 positive upgrade ルール厳格化""}, ""parquet_verification"": {""SOXL_5_20_close"": ""Parquet $173.20、Search SOXX +2% / AMD +8.1% / INTC +7.42% = SOXL +14.1% 整合"", ""VIX_5_20"": ""Parquet 17.44 = 通常範囲、Iran期待+NVDA前先回り買いで low vol"", ""BRENT_5_20"": ""Parquet $105.40 (-4.9% from 5/16 $110.83) = Iran rhetoric driven decline 整合"", ""NVDA_AH_5_20"": ""Search $217.91 AH (close $224.22 から -2.5%) = pre-NVDA SOXL +14% gap-down risk""}, ""key_catalysts_pending"": [""5/21 (今日) US寄付 22:30 JST — NVDA AH -2.5% → SOXL gap-down 想定、Q2 guide 評価で日中 reversal あり得る"", ""5/21-22 Iran 公式 response 経路 (Pakistani仲介)、deadlock 継続なら 5/20 oil/equity 反応 partial unwind 候補"", ""5/30 (金) PCE デフレーター — FOMC minutes hawkish 受けて high stake、structural inflation 確認 catalyst"", ""6/6 (金) 5月NFP — hypothesis 2 (NFP AHE leverage amplification) 再観察"", ""6/16-17 FOMC Warsh 初会合 — hypothesis 1 (dissent secondary catalyst) 二段階発火確認: dovish chair vs hawkish 3 dissent 対峙構造""], ""regime_implication"": ""risk_on (5/19 score 0.57) → 5/20 では Iran rhetoric + NVDA期待で表面 risk-on、しかし FOMC minutes hawkish (rate hike on table) + Iran 構造 deadlock 継続で structural pressure 累積。NVDA AH -2.5% は priced-in unwind 起点。5/21 US寄付で「Iran-deal optimism + NVDA-fade」の同時反応、SOXL/TECL は寄付 gap-down (3-5%想定) からの日中 mean reversion 注目、SOXS/TECS は寄付 spike からの fade 注目。5/20 SOXL +14% は (a) AMD-like overbought continuation hypothesis 4 vs (b) sell-the-news priced-in の二論立て中。"", ""soxl_wait_evaluation"": ""Session 31 (5/19 01:10) の様子見推奨評価: 5/19 close $151.89 → 5/20 close $173.20 で +14.1% miss (実現可能 entry)。しかし NVDA AH -2.5% を考慮すると 5/21 寄付で SOXL gap-down -3 to -7% 想定 = +14% の半分前後 erase 候補。判断時点情報での妥当性: (a) Iran NSC会合 + NVDA AMC の double-catalyst 回避は risk management 正当、(b) hypothesis 4 (AMD pattern) は n=1 で fragile、当時 SOXL bottom hunting signal 不足、(c) しかし「pre-NVDA 期待先行買い」の pricing-in メカニズムを モデル化していなかったのは過程の盲点。結論: 結果は機会喪失だが、過程は当時の情報・確信度では妥当。5/21 寄付反応で「真の評価」確定。""}",2026-05-21 08:07:04.121785
83,scan-market,2026-05-21 20:04:29.802715+09,"2 events added: NVDA 5/21 米プレマーケット 上値伸び悩み (fade) + 4連続決算後下落 (fourth-straight post-earnings slide) パターン確定 (semiconductor, neutral, 米先物 SPX -0.42%/Nasdaq -0.56% 反映、hypothesis 4 partial counter-evidence 強化候補)、Iran-US 交渉 5/21 進展 (geopolitical, neutral, Tehran「ギャップ縮小」 + 「一部強く拒否」 + Pakistan 軍仲介加速、K-009 modal threat 並走で neutral 維持)。skip: oil 価格 (5/20 反応の確認のみで新事実なし)、Section 232 (4/14 期限後 新規動向なし、baseline継続)、TSMC/アジア半導体 (NVDA 反応の波及で新規 standalone event なし)。","{""latest_source_date"": ""2026-05-21T19:00:00+09:00"", ""categories_searched"": [""semiconductor"", ""geopolitical"", ""fed"", ""oil"", ""tariff"", ""market""], ""scan_period"": ""2026-05-21 08:07 JST ~ 2026-05-21 20:05 JST (12h delta scan、米寄付前タイミング)"", ""events_added"": 2, ""events_skipped"": 3, ""lesson_applications"": {""event_nvda_premarket_fade"": ""hypothesis 4 partial counter-evidence 強化: AMD パターン (n=1) と NVDA パターン (今回 4連続後 sliding) で hypothesis 4 修正候補、「pre-earnings n%-run-up + whisper > consensus 差以上 → continuation 失効」を補正条件として確定段階へ前進"", ""event_iran_5_21_progress"": ""lesson照合 #216 + #220 + #228 + K-009 modal threat 重畳: positive narrative (gaps reduced) + structural change未確定 + Trump「nasty」発言並走 = neutral 維持、24-48h Trump 非反転確認後 upgrade ルール厳格適用""}, ""parquet_verification"": {""WTI_5_20"": ""WebSearch $98.26 (close、-5%超)、Parquet データなし (WTIは未取得シリーズ)"", ""BRENT_5_20"": ""Parquet $105.40 (前回確認)、WebSearch $105.02 → やや乖離だが close 確定値整合範囲"", ""NVDA_AH"": ""WebSearch close $224.22 → premarket $229.72 (+2.5%) → 米先物時間で reversed (CNBC「stock sank」) = direct confirmation"", ""US_futures_5_21"": ""WebSearch SPX -0.42% / Nasdaq -0.56% (5/21 朝 ET時点) = リスクオフ転換確認""}, ""key_catalysts_pending"": [""5/21 (今日) 21:30 JST 米失業保険申請 + Philly Fed 製造業 (consensus Initial 213K / Philly 15.0、Philly actual を Wall Street Horizon が 26.7 と速報、要確認)"", ""5/21 22:30 JST 米寄付 SOXL ギャップアップ ($178-183 程度に下方修正候補、シナリオB 確率上振れ)"", ""5/22 05:00 JST 米引け NVDA一日反応確定 + Iran 公式 response 経路 (Pakistani 仲介経由)"", ""5/30 (金) 21:30 JST 4月PCE デフレーター (FOMC議事録 hawkish 受けて high stake)"", ""6/6 (金) 21:30 JST 5月NFP (hypothesis 2 AHE 緩和的賃金 再観察)"", ""6/16-17 FOMC + SEP/dot plot + Warsh 初記者会見 (hypothesis 1 二段階発火)""], ""regime_implication"": ""risk_on (5/21 score 0.71) は 5/20 close 反映、5/21 米プレマーケット fade + 米先物下落で 5/21 close 値ベースの score は 0.60-0.65 へ下押し候補。NVDA 4連続決算後 sliding pattern が顕在化すれば SOXL +14% (5/20) の partial unwind = 緩衝バネ (compression spring) 部分解凍。Iran 「strongly rejected」報道 と Trump 「nasty」発言の並走で K-009 reversal window 24-48h 注視、5/22-23 で deal成立 or 軍事行動再開判定。""}",2026-05-21 20:04:30.235713
84,scan-market,2026-05-21 22:54:39.651913+09,"1 event added: Iran 最高指導者 Khamenei ウラン国内保持 directive (geopolitical, **negative**、通常脅迫パターン K-009 modal threat 適用外、最高権力者の正式指令でレジーム変化伴う)。skip: NVDA プレマーケット $220.66 (-1.6%) は既存 NVDA event の延長で重複、失業保険申請 209K = 予想通り (新規 event 不要)、Brent 反発 + 米先物下落は Iran event の市場反応で別 event 不要。シナリオ確率 大幅 update: prior A30/B55/C15 → posterior A12/B50/C38 (C大幅上昇)。","{""latest_source_date"": ""2026-05-21T22:00:00+09:00"", ""categories_searched"": [""geopolitical"", ""fed"", ""semiconductor"", ""oil"", ""tariff"", ""market""], ""scan_period"": ""2026-05-21 20:05 JST ~ 2026-05-21 22:19 JST (2h delta、米寄付10分前タイミング)"", ""events_added"": 1, ""events_skipped"": 3, ""critical_finding"": ""Iran 最高指導者 Khamenei が濃縮ウラン国内保持 directive 発出 (Reuters): これは予測 ID 6 (SOXL 5/22 引け <$173.20 シナリオB予測) を強く支持する material event、シナリオC (急反落) trigger 顕在化、寄付前 OCO 指値の致命的リスクが現実化候補"", ""probability_update"": {""prior"": {""A"": 0.3, ""B"": 0.55, ""C"": 0.15}, ""posterior"": {""A"": 0.12, ""B"": 0.5, ""C"": 0.38}, ""reasoning"": ""Iran 最高指導者 directive = C trigger 確定、NVDA プレマーケット朝の +2.5% から -1.6% へ fade で B/C 強化、米先物下落でリスクオフ""}, ""market_snapshot_at_scan"": {""NVDA_premarket"": ""$220.66 (前日 $224.22 比 -1.6%)、朝のピーク $229.72 から fade"", ""SOXL_predicted_open"": ""$169.30 (前日 $173.20 比 -2.25% ギャップダウン)"", ""US_jobless_claims"": ""209K (vs 210K consensus、ほぼ予想通り、中立)"", ""oil"": ""Brent/WTI 上昇 (Iran directive 反映)""}}",2026-05-21 22:54:40.168831
85,scan-market,2026-05-21 23:19:15.913871+09,0 events added (重要観察あり、新規 event 登録基準未達)。Iran 最高指導者 Khamenei ウラン保持 directive (Reuters: Mojtaba Khamenei、上級当局者2名取材) は既登録 5/21 21:30 event の補強情報。市場反応: Brent +3% → +1.5% partial unwind、米先物 slip、SOXL 寄付ギャップダウン -1.1% → 寄付30分 +3.2% rally → 寄付45分で fade -2.1% (高値$178.29 → 現値$174.50)。半導体セクター単独 rally の持続力は寄付60分前に既に減衰、NVDA -0.5% 寄付の影響も顕在化。シナリオ確率 再update: A45/B40/C15 (23:02) → A25/B60/C15 (23:18、fade顕在化)。予測 ID 6 (SOXL 5/22 引け <$173.20 シナリオB予測) が支持される方向。,"{""latest_source_date"": ""2026-05-21T23:15:00+09:00"", ""categories_searched"": [""semiconductor"", ""oil"", ""geopolitical"", ""market"", ""fed"", ""tariff""], ""scan_period"": ""2026-05-21 22:54 JST ~ 2026-05-21 23:18 JST (24分 delta、米寄付50分タイミング)"", ""events_added"": 0, ""events_skipped"": 3, ""critical_observations"": {""fade_pattern_emerging"": ""SOXL 寄付高値 $178.29 (23:00) → 23:15 $174.50 で -2.1% fade。上値伸び悩み (fade、シナリオB) パターン顕在化、引け方向は予測 ID 6 と整合候補"", ""iran_directive_market_response"": ""Brent +3% → +1.5% partial unwind、米全体 -0.6% で限定。一過性パターン (K-024 transient) で消化進行、5/21 21:30 event の impact: negative は過大評価候補、5/22 引け後 review-events で再判定推奨"", ""nvda_4straight_slide_confirmed"": ""NVDA 寄付 -0.5%、4連続決算後下落パターン継続確定、既存 event の事実裏付け"", ""macro_partial_unwind"": ""VIX 17.84 → 17.34、VIX3M 20.88 → 20.62、Brent 108.71 → 107.33 で Iran reaction partial unwind""}, ""probability_evolution"": {""morning_prior"": {""A"": 0.3, ""B"": 0.55, ""C"": 0.15}, ""iran_directive_22_19"": {""A"": 0.12, ""B"": 0.5, ""C"": 0.38}, ""open_30min_rally_23_02"": {""A"": 0.45, ""B"": 0.4, ""C"": 0.15}, ""open_45min_fade_23_18"": {""A"": 0.25, ""B"": 0.6, ""C"": 0.15}}, ""soxl_intraday_snapshot"": {""open_22_30"": 171.26, ""high_23_00"": 178.29, ""current_23_15"": 174.5, ""fade_from_high"": ""-2.13%"", ""gain_from_prev_close"": ""+0.75%""}}",2026-05-21 23:19:16.365571
86,entry-analysis,2026-05-22 00:17:46.636822+09,"SOXL long 3株 @ $176.1090 — trade #6 recorded, confidence 0.55、setup: swing_long_post_NVDA_fade_pullback、OCO 注文 (TP1 $185 で 2株 + TP2 $195 で 1株、SL 共通 $158)、保有主軸 6/17 FOMC まで、再評価カタリスト 5/30 PCE / 6/6 NFP / 6/17 FOMC","{""symbol"": ""SOXL"", ""direction"": ""long"", ""quantity"": 3, ""entry_price"": 176.109, ""entry_total_usd"": 528.33, ""regime"": ""neutral (+0.50)"", ""flow"": ""neutral (+0.40)"", ""trade_id"": 6, ""prediction_id"": 6, ""tp_design"": {""TP1"": {""price"": 185, ""quantity"": 2, ""pct_from_entry"": ""+5.05%""}, ""TP2"": {""price"": 195, ""quantity"": 1, ""pct_from_entry"": ""+10.73%""}}, ""sl_price"": 158, ""sl_pct_from_entry"": ""-10.28%"", ""expected_value_horizons"": {""5/27-30 close"": ""-0.70%"", ""5/30 PCE後 +5d"": ""-1.65% (中央値、ただし歴史的勝率 78%)"", ""6/6 NFP まで"": ""+1.50%"", ""6/17 FOMC まで"": ""+2.50%""}, ""major_catalysts"": [""5/23 05:00 JST 米引け (prediction #6 解決)"", ""5/30 21:30 JST 4月PCE デフレーター"", ""6/1 NVIDIA GTC Taipei (Huang 基調)"", ""6/6 21:30 JST 5月NFP"", ""6/11 21:30 JST 5月CPI"", ""6/17 03:00 JST FOMC + SEP + Warsh 初記者会見""], ""risk_acknowledged"": {""pce_upside_risk"": ""March PCE 3.5% YoY (Feb 2.8% から急加速)、April PCE elevated 予想、上振れ確率 40-50%"", ""short_term_prediction_id_6_conflict"": ""5/22 引け予測 (シナリオB) と方向逆、スイング期間で挽回想定"", ""nvda_4straight_slide_pattern"": ""NVDA 直近4回 1日反応 平均 -1.5%、SOXL バスケット影響でも限定的観測""}, ""bias_check_at_entry"": ""即時損切バイアスを撤回 (過去 n=52 +10日勝率 61.5% を考慮)。PCE 上振れ確率を 25% → 40-50% に上方修正。Iran directive 反応の partial unwind (Brent +3% → +1.5%) を確認、過大評価リスク認識。""}",2026-05-22 00:17:46.957141
87,scan-market,2026-05-22 19:13:56.178512+09,"0 events added. 19h window (5/21 23:19 → 5/22 18:40 JST) covered US Thursday session completion + Asia 5/22 open. Major observations: (1) SOXL Thursday close $178.39 (+3.0%), NOT below $173.20 → prediction #6 (期限 5/23) directionally wrong (fade did not deepen to close <$173.20; gap-up held). (2) NVDA Thursday close -0.9% confirming 4連続post-earn fade pattern (existing 5/21 19:00 event resolved). (3) S&P +0.17%, Nasdaq +0.09%, Dow +0.55%, Russell +0.93% — broad market mild risk-on, VIX 16.76 (-3.9%) back into comfort zone. (4) Iran-US negotiations stuck: Iran 'reviewing' US proposal, Trump 'few days' wait posture (CNBC 5/22). Brent intraday +3.4% London rally → partial unwind to $105.81 close (5/22 JST), ヘッドラインskepticismだが供給実害なしのまま消化進行 (K-024 pattern). (5) Trump '20年濃縮停止許容' 報道はAir Force One China出発時発言で5/15周辺の可能性高く 5/22発言と二重照合不能 → 非採用 (lesson照合: K-009 Trump追加rhetoric 24-48h確認待ち).","{""latest_source_date"": ""2026-05-22T12:00:00+09:00"", ""categories_searched"": [""semiconductor"", ""oil"", ""geopolitical"", ""market"", ""fed"", ""tariff""], ""scan_period"": ""2026-05-21 23:19 JST ~ 2026-05-22 18:40 JST (19h delta, US Thursday session post-close)"", ""events_added"": 0, ""events_skipped"": 3, ""skip_reasons"": {""trump_20year_uranium_comment"": ""Air Force One departing China context = 5/15 Trump-Xi summit conclusion, 5/22 date unconfirmed by independent Tier-1 source. K-009 inverse pattern (Trump softening rhetoric) 24-48h reversal risk warning."", ""araghchi_skeptical_response"": ""Incremental update to existing 5/21 18:00 negotiations event. Iran \""reviewing\"" stance unchanged structurally."", ""oil_brent_intraday_rally"": ""Price move data not discrete event. Parquet close $105.81 (5/22) -1.4% vs 5/21 close $107.33 \u2014 partial unwind already in data.""}, ""us_thursday_session_close"": {""soxl_close"": 178.39, ""soxl_pct_change"": ""+3.00%"", ""nvda_pct_change"": ""-0.9%"", ""sp500_close"": 7445.72, ""sp500_pct_change"": ""+0.17%"", ""nasdaq_close"": 26293.1, ""nasdaq_pct_change"": ""+0.09%"", ""vix_close"": 16.76, ""vix_pct_change"": ""-3.9%""}, ""prediction_6_resolution_signal"": {""target"": ""SOXL 5/22 05:00 JST \u7c73\u5f15\u3051 <$173.20"", ""actual_close"": 178.39, ""direction"": ""wrong (close $178.39 > $173.20)"", ""comment"": ""Gap-up sustained, intraday fade did not reach prior close. \u30b7\u30ca\u30ea\u30aaB (sell-the-news fade) \u60f3\u5b9a\u5916\u3001\u30b7\u30ca\u30ea\u30aaA (gap up + hold) \u5b9f\u73fe"", ""resolution_action_needed"": ""resolve_prediction(id=6, outcome=\""failed\"") \u5225\u9014\u5b9f\u884c\u63a8\u5968""}, ""macro_state_snapshot"": {""vix_5_22"": 16.96, ""vix3m_5_21"": 20.0, ""vix_vix3m_ratio"": 0.848, ""hy_spread_5_20"": 2.8, ""brent_5_22"": 105.81, ""us10y_5_20"": 4.57, ""yield_curve_5_21"": 0.49}}",2026-05-22 19:13:56.668771
88,scan-market,2026-05-24 14:39:34.429821+09,"2 events added in 43h window (5/22 19:13 → 5/24 14:32 JST、米5/22 Friday session + 週末 5/23-24). Event 1 (geopolitical/neutral): 米イラン60日休戦MOU draft 5/23 Sat 合意、Hormuz開放+sanctions waiver、Trump 5/24 Sun発表予定。Brent $105.11→$100.21 (-4.7%)、SOXL $178.39→$190.56 (+6.82%) 大幅 risk-on positioning 既反映。K-009/K-016 lesson 該当 (Trump反転24h + sell-the-news 5日後-11.9% risk) のため neutral default。Event 2 (fed/negative): Cleveland Fed nowcast PCE 4.18% (+38bps)、利下げ期待 removed、Powell hawkish tilt。5/29 4月PCE発表が主要verifyカタリスト。SOXLロング保有 (entry $176.11, 現在 $190.56, +8.2%) は: (a) Iran deal成功なら+3-5%追加 / 崩壊なら-5-8% gap、(b) 5/29 PCE 上振れ確認なら半導体重く、(c) 5/25 Memorial Day休場で月曜 3日gap持ち越し必須。TP1 $185 既hit想定 (5/22 high $191超え)、OCO 2セット状況再確認必要 (実約定価格と部分exit有無)","{""latest_source_date"": ""2026-05-24T12:00:00+09:00"", ""categories_searched"": [""semiconductor"", ""oil"", ""geopolitical"", ""market"", ""fed"", ""tariff""], ""scan_period"": ""2026-05-22 19:13 JST ~ 2026-05-24 14:32 JST (43h delta, Friday session + Memorial Day weekend Day 1)"", ""events_added"": 2, ""events_skipped"": 4, ""skip_reasons"": {""us_5_22_market_close_data"": ""S&P+0.37%/Nasdaq+0.19%/Dow+0.58%/SOXL+6.82%/Brent-4.7% \u306f market data\u3001discrete event \u975e\u8a72\u5f53"", ""qatari_team_tehran_5_22"": ""event 1 (60-day MOU draft) \u306e\u5148\u884c\u30d7\u30ed\u30bb\u30b9\u3001\u5358\u72ec event \u5316\u305b\u305a merge"", ""rome_5th_round_5_23_no_breakthrough"": ""event 1 \u3068\u4e26\u8d70\u3001\u4e3b\u8981 catalyst \u306f MOU draft \u5408\u610f\u5074"", ""trump_ny_rally_oil_tumble_rhetoric"": ""event 1 \u306b reasoning \u5185 merge\u3001K-009 \u4fee\u8f9e pattern""}, ""market_state_snapshot"": {""soxl_5_22_close"": 190.56, ""soxl_pct_from_entry_176_11"": ""+8.21%"", ""brent_5_22_close"": 100.21, ""brent_pct_change_from_5_21"": ""-4.66%"", ""vix_5_22"": 16.7, ""sp500_5_22"": 7473.47, ""nasdaq_5_22"": 26343.97, ""soxl_high_5_22"": ""estimated $191+ (TP1 $185 likely hit)""}, ""key_calendar_ahead"": {""5_24_sun_afternoon"": ""Iran-US draft proposal \u516c\u5f0f\u767a\u8868\u4e88\u5b9a (Tier-1 announcement)"", ""5_25_mon"": ""US Memorial Day market closed"", ""5_26_tue_22_30_jst"": ""US\u518d\u958b\u3001weekend headlines \u4e00\u62ec pricing-in\u3001SOXL gap risk"", ""5_29_thu_21_30_jst"": ""4\u6708 PCE \u767a\u8868 \u2014 Cleveland Fed nowcast 4.18% verify"", ""6_3_tue"": ""ISM Mfg PMI 5\u6708"", ""6_6_fri_21_30_jst"": ""5\u6708 NFP"", ""6_17_wed"": ""FOMC + SEP + Warsh \u521d\u8a18\u8005\u4f1a\u898b""}, ""soxl_swing_implications"": {""entry"": 176.11, ""current_close_5_22"": 190.56, ""in_flight_pct"": ""+8.21%"", ""tp1_185_status"": ""likely hit (5/22 high likely $191+, exit$185 \u3067 2\u682a partial profit confirmed\u5019\u88dc)"", ""tp2_195_distance"": ""+2.33%"", ""sl_158_distance"": ""-17.08%"", ""key_risk_5_26_gap"": ""Iran deal\u6210\u529f\u306a\u3089+3-5% gap up / \u5d29\u58ca\u306a\u3089-5-8% gap down""}}",2026-05-24 14:39:34.758343
89,scan-market,2026-05-25 23:48:39.41799+09,"1 event added in 33h window (5/24 14:39 → 5/25 23:44 JST, Memorial Day weekend Day 2). Event (geopolitical/neutral): Trump 5/24 Sun ET SNS post + 米官僚 briefing で Iran deal slow-walk pivot — 前回 scan-market 想定の「5/24 Sun MOU 公式発表」未実現、Trump「don't rush, time is on our side」、米官僚「signed in coming days, not today」、Hormuz blockade full force 継続。LNG 3隻 Hormuz 通過 (物理 de-escalation evidence) は MOU process continuation として reasoning 内 merge。5/25 weekend futures S&P +0.9% / Nasdaq +1.3% (record high 7,500+) は Iran deal 期待 pricing 完了。Brent $98 (-2.2%), WTI $91 (-5%超)。K-009 lesson 該当 (Iran proposal-led 24h reversal risk)、neutral default。SOXLロング保有 (entry $176.11, current $190.56, +8.2%): 5/26 Tue 米再開で (a) deal final signing 5/26-5/30 → +3-5% upside, (b) 「don't rush」継続 → sell-the-news -3-5% gap down リスク, (c) 5/29 Thu PCE (nowcast 4.18%) 半導体 weight 増。スキップ (4件 market data): Brent急落, S&P futures record high, WTI -5%, LNG 3隻通過 (event 1 reasoning 内 merge)。","{""latest_source_date"": ""2026-05-25T12:00:00+09:00"", ""categories_searched"": [""geopolitical"", ""fed"", ""semiconductor"", ""oil"", ""tariff"", ""market""], ""scan_period"": ""2026-05-24 14:39 JST ~ 2026-05-25 23:44 JST (33h delta, Memorial Day weekend Day 2)"", ""events_added"": 1, ""events_skipped"": 4, ""skip_reasons"": {""brent_98_drop"": ""market data (price)\u3001discrete event \u975e\u8a72\u5f53"", ""sp_futures_record_high"": ""market data (futures price)\u3001Iran event \u3078\u306e market reaction"", ""lng_3_tankers_hormuz"": ""event 1 reasoning \u5185 merge\u3001\u72ec\u7acb event \u5316\u4fa1\u5024\u9650\u5b9a (3\u96bb limited)"", ""wti_91_drop_5pct"": ""market data (price)\u3001Brent \u3068\u91cd\u8907 oil-route""}, ""market_state_snapshot"": {""soxl_5_22_close"": 190.56, ""soxl_pct_from_entry_176_11"": ""+8.21%"", ""brent_5_25_intraday"": 98, ""brent_pct_change_from_5_22"": ""-2.21%"", ""wti_5_25_intraday"": 91, ""sp_futures_5_25_weekend"": ""+0.9%"", ""nasdaq_futures_5_25_weekend"": ""+1.3%"", ""sp_500_target_record_high"": ""7,500+"", ""vix_5_25"": 16.66}, ""key_calendar_ahead"": {""5_25_mon"": ""US Memorial Day market closed (\u7d9a\u884c)"", ""5_26_tue_22_30_jst"": ""US\u518d\u958b\u3001weekend headlines pricing-in\u3001SOXL gap risk (+3-5% up vs -3-5% down)"", ""5_27_wed"": ""US Conference Board \u6d88\u8cbb\u8005\u4fe1\u983c\u611f 5\u6708"", ""5_29_thu_21_30_jst"": ""4\u6708 PCE \u767a\u8868 \u2014 Cleveland Fed nowcast 4.18% verify"", ""5_30_fri"": ""University of Michigan \u6d88\u8cbb\u8005\u4fe1\u983c\u611f 5\u6708 final"", ""6_3_tue"": ""ISM Mfg PMI 5\u6708"", ""6_6_fri_21_30_jst"": ""5\u6708 NFP"", ""6_17_wed"": ""FOMC + SEP + Warsh \u521d\u8a18\u8005\u4f1a\u898b""}, ""iran_deal_status"": {""mou_draft_signed"": false, ""trump_5_24_statement"": ""proceeding orderly, time is on our side, don't rush"", ""us_officer_briefing"": ""signed in coming days, not today"", ""hormuz_blockade"": ""full force until certified and signed"", ""lng_tankers_passing"": 3, ""lng_destinations"": [""Pakistan"", ""China"", ""India""], ""physical_de_escalation"": true, ""k_009_pattern_active"": true}, ""soxl_swing_implications"": {""entry"": 176.11, ""current_close_5_22"": 190.56, ""in_flight_pct"": ""+8.21%"", ""tp1_185_status"": ""likely hit (\u524d\u56de 5/22 high ~$191+)"", ""tp2_195_distance"": ""+2.33%"", ""sl_158_distance"": ""-17.08%"", ""key_risk_5_26_gap_up"": ""+3-5% (deal final signing within 5/26-5/30)"", ""key_risk_5_26_gap_down"": ""-3-5% (sell-the-news on slow-walk continuation)"", ""pce_thu_overlay"": ""5/29 4\u6708PCE 4.18% nowcast verify \u304c\u534a\u5c0e\u4f53 weight \u5897 risk""}}",2026-05-25 23:48:39.716315
90,scan-market,2026-05-26 01:57:03.614957+09,"1 event added in 2h window (5/25 23:48 → 5/26 01:55 JST). Event (geopolitical/neutral): Iran 国営 Fars が Trump 5/24「largely negotiated」を公的反論 — 「Hormuz は Iran 管理下のまま」「Trump 主張は incomplete and inconsistent with reality」、MOU draft 核心条項を Iran 側から拒否。WTI $91.01 close (-5.79%) 確定、S&P 7,473.47 5/22 close +0.37% record、5/25 NYSE/Nasdaq Memorial Day 休場確認。K-009 + K-024 lesson 該当、neutral default。SOXL ロング (P120136 1株 @ $176.00, in-flight) には 5/26 gap down リスク幅拡大 (-3-5% → -5-7%)。スキップ (3件 market data): WTI $91 close, S&P 7,473.47 record, Memorial Day休場確認。","{""latest_source_date"": ""2026-05-25T20:00:00+09:00"", ""categories_searched"": [""geopolitical"", ""oil"", ""market""], ""scan_period"": ""2026-05-25 23:48 JST ~ 2026-05-26 01:55 JST (2h delta\u3001Memorial Day weekend Day 2-3 \u8de8\u304e)"", ""events_added"": 1, ""events_skipped"": 3, ""skip_reasons"": {""wti_91_close_5_79pct_drop"": ""market data (price)\u3001\u524d\u56de intraday \u5831\u9053\u306e close \u78ba\u5b9a"", ""sp_7473_record_high"": ""market data (close price)\u3001Memorial Day \u524d\u306e\u6700\u7d42\u7d42\u5024"", ""us_market_closed_5_25"": ""calendar fact\u3001discrete event \u975e\u8a72\u5f53""}, ""market_state_snapshot"": {""soxl_5_22_close"": 190.56, ""soxl_open_position_p120136"": {""qty"": 1, ""entry"": 176.0, ""unrealized_pct"": ""+8.27%""}, ""wti_5_25_close"": 91.01, ""wti_pct_change"": ""-5.79%"", ""sp_5_22_close"": 7473.47, ""sp_pct_change"": ""+0.37%"", ""us_5_25_market"": ""closed (Memorial Day)"", ""us_5_26_market"": ""reopens 22:30 JST""}, ""iran_deal_status_update"": {""mou_signed"": false, ""trump_5_24_position"": ""proceeding orderly, time is on our side, don't rush"", ""iran_fars_5_25_position"": ""Hormuz remains under Iran management, Trump claim incomplete and inconsistent"", ""mou_core_conflict"": ""Hormuz control (US wants reopen, Iran wants retain management)"", ""reconciliation_needed_by_5_26_open"": true}}",2026-05-26 01:57:03.615209
91,scan-market,2026-05-26 17:07:32.440365+09,4 events added (15h window: 5/26 01:57 → 17:03 JST、Memorial Day後＋米5/26寄り前). Events: (1) geo/neutral - 米軍 Bandar Abbas self-defense strikes + IRGC KIA、Trump「proceeding nicely」発言で lesson 適用 neutral default、(2) geo/neutral - Khamenei MOU framework approve だが signed 遅延 + 核拒否 + 同時刻 US strike で neutral、(3) market/neutral - Consumer Confidence 5月分 release 5/26 23:00 JST、(4) market/neutral - Salesforce Q1 FY27 earnings AMC = 5/27 05:00 JST、Agentforce traction が TECL spillover。スキップ: PPI 6.0% YoY 4月 (5/13 release で期間外)、SOX 16-day streak +38.7% (集計値 永続化禁止)、Section 232 新規進展なし、Schwab 5/22 記事 (Warsh就任 既登録),"{""latest_source_date"": ""2026-05-26T12:00:00+09:00"", ""categories_searched"": [""geopolitical"", ""fed"", ""semiconductor"", ""oil"", ""tariff"", ""market"", ""calendar"", ""earnings""], ""scan_period"": ""2026-05-26 01:57 JST ~ 2026-05-26 17:03 JST (15h window, Memorial Day post + US 5/26 pre-open)"", ""events_added"": 4, ""events_skipped"": 4, ""skip_reasons"": {""ppi_apr_6pct_yoy"": ""release date 5/13\u3001\u671f\u9593\u5916 (\u524d\u56de scan \u3088\u308a\u524d)"", ""sox_16day_streak_38_7pct"": ""market data \u96c6\u8a08\u5024\u3001ADR-003 \u6c38\u7d9a\u5316\u7981\u6b62"", ""section_232_no_new_progress"": ""\u65e2\u5b58 (1/15\u767a\u52b9\u30014/14 USTR\u5831\u544a\u901a\u904e) \u306e\u307f\u3001\u65b0\u898f\u9032\u5c55\u306a\u3057"", ""schwab_warsh_oath_5_22"": ""5/22 \u8a18\u4e8b\u3001Warsh\u5c31\u4efb\u30a4\u30d9\u30f3\u30c8\u65e2\u767b\u9332""}, ""lesson_applied_count"": 2, ""lesson_applied_to"": [""us_strikes_bandar_abbas"", ""khamenei_mou_approval""], ""catalysts_today"": [{""time_jst"": ""2026-05-26 23:00"", ""event"": ""Consumer Confidence May"", ""source"": ""Conference Board""}, {""time_jst"": ""2026-05-27 05:00"", ""event"": ""Salesforce Q1 FY27 earnings AMC"", ""source"": ""CRM""}], ""sox_streak_context"": {""days"": 16, ""pct_gain"": 38.7, ""nvda_in_streak"": 22.6, ""note"": ""longest in 32-year history, mean reversion risk""}, ""oil_prices_5_26_asia"": {""brent"": 98.26, ""brent_pct"": ""+2.0%"", ""wti"": 91.73, ""wti_pct"": ""-5.1%"", ""divergence_note"": ""WTI\u4e0b\u843d\u3068 Brent\u4e0a\u6607 diverge""}, ""soxl_pos_p120136_context"": {""qty"": 1, ""entry"": 176.0, ""last_close_5_22"": 190.56, ""unrealized_pct"": ""+8.27%"", ""next_reaction_window"": ""2026-05-26 22:30 JST US open""}}",2026-05-26 17:07:32.757859
92,scan-market,2026-05-27 01:30:07.799526+09,"2 events added (8.5h window: 5/26 17:07 → 5/27 01:28 JST、米市場 intraday + Consumer Conf release 後)。Events: (1) semi/positive - MU UBS Timothy Arcuri が price target $535→$1,625 (+204%) 大幅引上げ、HBM 構造化 thesis (long-term agreement 3-5年、fixed pricing)、本日 SOX +5-6% rally の主因、(2) fed/neutral - Consumer Confidence May 93.1 (forecast 92 上回り、prior 93.8 から -0.7pt)、Present Situation -3.2 / Expectations +1.0 で mixed、Middle East 戦争 inflationary impact captured。スキップ (重複/routine): Iran 既登録継続 (Rubio「a word, a sentence」disagreement)、WTI $94.31 (-2.37%) routine、Brent ~$97 安定、Fed Warsh 5/26 speech なし、Section 232 新規進展なし。","{""latest_source_date"": ""2026-05-26T22:00:00+09:00"", ""categories_searched"": [""semiconductor"", ""fed"", ""geopolitical"", ""oil"", ""tariff""], ""scan_period"": ""2026-05-26 17:07 JST \u2192 2026-05-27 01:28 JST (8.5h\u3001\u7c73\u5e02\u5834 intraday \u30ab\u30d0\u30fc)"", ""events_added"": 2, ""events_skipped"": 4, ""skip_reasons"": {""iran_ceasefire"": ""Rubio\u300ca word disagreement\u300d\u65e2\u767b\u9332\u30a4\u30d9\u30f3\u30c8\u3068\u540c\u3058 status (no signing)\u3001\u91cd\u8907"", ""wti_brent_routine"": ""WTI -2.37% / Brent stable\u3001daily price moves \u306f ADR-003 \u3067\u6c38\u7d9a\u5316\u3057\u306a\u3044"", ""fed_no_speech"": ""5/26 Warsh speech \u306a\u3057\u3001general PCE \u8a00\u53ca\u306e\u307f"", ""section_232_no_new"": ""\u65e2\u5b58 1/15 \u767a\u52b9\u5206\u306e\u307f\u3001\u65b0\u898f\u9032\u5c55\u306a\u3057""}, ""lesson_applied_count"": 2, ""lesson_applied_to"": [""mu_ubs_upgrade_positive_judgment"", ""consumer_conf_data_neutral_default""], ""sox_rally_context_at_scan"": {""soxl"": 219.87, ""soxl_pct"": ""+15.38%"", ""soxx_pct"": ""+5.10%"", ""mu_pct"": ""+17.69%"", ""nvda_pct"": ""-1.07%"", ""amd_pct"": ""+5.83%"", ""note"": ""MU \u4e3b\u5c0e broad rally\u3001NVDA \u306e\u307f\u72ec\u6b69 negative laggard""}, ""open_trade_context"": {""trade_9"": ""T126816 SOXL 1\u682a entry $215.00 (5/27 00:54 JST)\u3001IFD-OCO TP $230 / SL $205 armed"", ""pending_ifd"": ""$205 BUY \u00d7 2\u682a still Working (T126816)"", ""note"": ""SOXL $219.87 \u3067\u542b\u307f\u76ca +$4.87/+2.27% (gross)\u3001+$2.67/+1.24% (net \u624b\u6570\u6599\u63a7\u9664)""}}",2026-05-27 01:30:08.106934
93,scan-market,2026-05-27 21:36:11.12124+09,"1 event added (20h window: 5/27 01:30 → 5/27 21:30 JST、米 5/26 close intraday + Asia/Euro 5/27 + 米プレマーケット 5/27 カバー)。Event: market/positive - 5/26 US close 双子 record high (S&P 7,519.12 +0.61% / Nasdaq 26,656.18 +1.19%)、MU +19% で一時 $1T mkt cap、NVDA -1.07% 単独 laggard で 4連続 post-earnings slide 確定。スキップ (重複/データ不足): UAE OPEC exit (4/28 既登録)、Iran slow-walk 継続 (K-009 既パターン、新規 dated catalyst なし)、Fed Polymarket zero-cut dominant pricing (trend で単一イベントでなく 5/21 FOMC minutes 内包)、CRM Q1 FY27 result (actual 未公表、scheduled が 5/27 ET AMC = 5/28 05:00 JST の可能性で既存 event の timestamp 要再検証だが本 scan 対象外)、Brent/WTI daily price (ADR-003 routine)、Section 232 新規進展なし。Saxo Live snapshot 同時取得: trade #9 SOXL Long 1株 @ $215 含み益 +$10.72/+4.99%、P120136 で trade #8 利確分 +$34 が T+2 入金待ち。","{""latest_source_date"": ""2026-05-27T21:00:00+09:00"", ""categories_searched"": [""geopolitical"", ""fed"", ""semiconductor"", ""oil"", ""tariff"", ""market""], ""scan_period"": ""2026-05-27 01:30 JST \u2192 2026-05-27 21:30 JST (20h)"", ""events_added"": 1, ""events_skipped"": 7, ""skip_reasons"": {""iran_slow_walk"": ""Trump rhetoric oscillation \u65e2\u30d1\u30bf\u30fc\u30f3 (K-009)\u3001\u65b0\u898f signing/concrete event \u306a\u3057"", ""fed_polymarket_pricing"": ""market-derived trend \u3067\u5358\u4e00 dated event \u3067\u306a\u3044"", ""mu_1t_mkt_cap"": ""UBS upgrade 5/26 \u65e2\u5b58 event \u306e downstream \u52b9\u679c"", ""uae_opec_exit"": ""4/28 \u65e2\u767b\u9332"", ""crm_q1_result"": ""actual \u672a\u516c\u8868 (scheduled 5/27 ET AMC = 5/28 05:00 JST \u53ef\u80fd\u6027)"", ""oil_daily_moves"": ""ADR-003 routine\u3001daily price \u306f persist \u3057\u306a\u3044"", ""section_232_no_progress"": ""1/15 \u767a\u52b9\u5206\u4ee5\u964d\u30015/27 \u307e\u3067\u306b\u65b0\u898f\u9032\u5c55\u306a\u3057""}, ""lesson_applied_count"": 1, ""lesson_applied_to"": [""market_ath_positive_no_inverse_lesson""], ""verification_checks"": {""uae_opec"": ""WAM (Tier 1) + Bloomberg + Al Jazeera + Khaleej Times 4 \u30bd\u30fc\u30b9 \u2192 \u65e2\u5b58\u767b\u9332\u7dad\u6301"", ""sp_nasdaq_ath_5_26"": ""CNBC + Jefferson City News-Tribune 2 \u30bd\u30fc\u30b9\u78ba\u8a8d""}, ""saxo_live_snapshot"": {""trade_9_open"": ""T126816 SOXL Long 1\u682a @ $215.00 (5/27 00:54 JST entry)\u3001unrealized +$10.72/+4.99%/+1,713 JPY"", ""trade_8_closed"": ""P120136 SOXL Long 1\u682a $176\u2192$210 (5/21\u21925/26\u3001+$34/+19.3%\u30015d hold)\u3001T+2 \u5165\u91d1 33,312 JPY \u5f85\u3061"", ""account_t126816"": ""NAV 104,633 JPY / spending_power 68,750 JPY / settled_cash 103,275"", ""account_p120136"": ""NAV 55,387 JPY / spending_power 55,387 JPY / settled_cash 22,075 (\u58f2\u5374\u672a\u6c7a\u6e08 +33,312)"", ""note"": ""trade #9 \u306b prediction_id \u7d10\u4ed8\u3051\u306a\u3057 (ADR-003 violation \u5019\u88dc)\u3001\u5229\u78ba \u2192 \u9ad8\u5024\u30ed\u30fc\u30eb ($210\u2192$215) \u306e\u5408\u7406\u6027\u8981\u691c\u8a3c""}, ""market_context_at_scan"": {""sp500_futures_premarket_5_27"": ""7,564.75 +0.37%"", ""nasdaq_futures_premarket_5_27"": ""30,256.00 +0.61%"", ""vix_premarket_5_27"": ""16.90 -0.65%"", ""soxl_at_prev_scan_close"": ""$219.87 (5/26 close, +15.38%)"", ""mu_1t_mkt_cap"": ""5/26 intraday touch (UBS $1,625 target effect)"", ""nvda_laggard"": ""5/26 -1.07%\u30014\u9023\u7d9a post-earnings slide pattern \u7d99\u7d9a""}}",2026-05-27 21:36:11.434236
94,scan-market,2026-05-28 22:31:19.638403+09,"2 events added (25h window: 5/27 21:36 → 5/28 22:24 JST、米 5/27 cash session + 5/28 PCE/GDP release カバー)。Event 1: semiconductor/negative - 5/27 chip brutal selloff (QCOM -13%、SOXL gap-up open $242.66 → close $217.98、intraday open→close -10.2%、prev close 比 -3.46%、trigger は Consumer Confidence 上振れ + Iran 油価 + Fed cut 期待後退)。Event 2: fed/neutral - Q1 GDP 2.0% 不変・PCE +4.5% 不変・Core PCE +4.4% (+0.1pp 上方)。スキップ (重複/スコープ外/データ不足): Iran 60日MOU 継続 (5/23 既登録、新 dated catalyst なし)、Brent <$96 (ADR-003 daily price routine)、Section 232 進展なし、Snowflake/Dell earnings (universe 外)、5/28 pre-market futures move (sentiment のみ)、NVDA bucked the trend -1% (sector event に内包)。Saxo OAuth re-auth 不可で Live snapshot 取得できず、Excel transactions で代替検証 (P120136 trade #8 closed 5/26 @$210)。","{""latest_source_date"": ""2026-05-28T22:00:00+09:00"", ""categories_searched"": [""geopolitical"", ""fed"", ""semiconductor"", ""oil"", ""tariff"", ""market""], ""scan_period"": ""2026-05-27 21:36 JST \u2192 2026-05-28 22:24 JST (25h)"", ""events_added"": 2, ""events_skipped"": 6, ""skip_reasons"": {""iran_mou_60d"": ""5/23 \u65e2\u767b\u9332\u30015/27-28 \u65b0 dated catalyst \u306a\u3057\u3001slow-walk K-009 \u7d99\u7d9a"", ""brent_sub_96"": ""ADR-003 routine daily price\u30015\u6708 -16% trend \u3067 persist \u3057\u306a\u3044"", ""section_232_semi"": ""1/15 \u767a\u52b9\u4ee5\u964d\u30015/28 \u307e\u3067\u306b\u65b0\u898f\u9032\u5c55\u306a\u3057"", ""snowflake_dell_earnings"": ""TQQQ/SOXL/TECL/SPXL universe \u5916"", ""premarket_5_28"": ""pre-market futures down 0.2-0.4% \u306f sentiment\u3001discrete event \u3067\u306a\u3044"", ""nvda_minus_1"": ""chip selloff event \u5185\u306b\u5185\u5305\u8a18\u8ff0""}, ""lesson_applied_count"": 3, ""lesson_applied_to"": [""wells_fargo_individual_vs_sector_separation (chip selloff \u306f sector-wide \u3067\u4e0d\u9069\u7528\u3001negative \u7dad\u6301)"", ""k_034_asia_to_us_rally (US session \u5185 event \u306e\u305f\u3081\u4e0d\u9069\u7528)"", ""fed_dissent_secondary_catalyst (data release \u3067\u4e0d\u9069\u7528\u3001PCE neutral \u7dad\u6301)""], ""verification_checks"": {""5_27_chip_selloff"": ""Yahoo Finance + TheStreet 2 source + Parquet SOXL 5/27 (open 242.66/low 204.00/close 217.98) \u3067 triangulated"", ""q1_gdp_pce_5_28"": ""BEA (Tier 1) + Kraken Economic Brief + heygotrade \u3067 3 source \u78ba\u8a8d"", ""consumer_confidence_5_26"": ""93.1 vs forecast 88.5 \u306f 5/26 \u65e2\u767b\u9332 event \u306e\u5024\u3001chip selloff \u306e trigger \u8aac\u660e\u3068\u3057\u3066 cite""}, ""soxl_5_27_intraday"": {""open"": 242.66, ""high"": 242.66, ""low"": 204.0, ""close"": 217.98, ""prev_close"": 225.79, ""intraday_open_to_close_pct"": -10.18, ""prev_close_to_close_pct"": -3.46, ""source"": ""Parquet data/parquet/daily/SOXL.parquet""}, ""sector_selloff_5_27"": {""QCOM"": ""-13% (worst since 2020)"", ""INTC"": ""-8%"", ""MU"": ""-6%"", ""SOXX"": ""-5%"", ""NVDA"": ""-1% (prev day record close \u5f8c selective resilience)""}, ""saxo_status"": ""OAuth refresh expired 5/27 22:27\u3001user reported login trouble\u3001Excel transactions 22013145 \u3067\u4ee3\u66ff\u691c\u8a3c\u5b9f\u65bd (T126816 16 trades\u3001P120136 trade #8 closed 5/26 @$210 +$34/+19.3%)"", ""trade_db_corrections_in_session"": [""id=9 closed via SenseiDB.close_trade (exit 5/28 JST @ $242.43, pnl +$27.43)"", ""id=8 erroneously DELETE \u2192 \u5fa9\u5143\u3001\u305f\u3060\u3057 exit fields \u306f\u8aa4\u3063\u3066 NULL \u5316 \u2192 \u672c scan \u3067\u524d\u56de metadata \u767a\u898b\u3057\u3055\u3089\u306b\u5fa9\u5143\u4e88\u5b9a (task #5)""]}",2026-05-28 22:31:19.966068
95,entry-analysis,2026-05-28 23:51:44.632649+09,"SOXL 両方向分析 → A1 only 記録 (trade #10): SOXL long shallow dip $210 limit buy、TP $220 (+4.8%) / SL $206 (-1.9%) / R:R 1:2.5 / 1 株 / confidence 0.50。+1.5σ サポート反発 setup、scenario A (mean reversion 30%) + B (range 40%) で約定確率 ~55%。5/29 05:00 JST MRVL AMC で再評価。","{""symbol"": ""SOXL"", ""direction"": ""long"", ""regime"": ""risk_on"", ""flow"": ""bullish"", ""trade_id"": 10, ""scenarios"": {""A_mean_reversion"": 0.3, ""B_range"": 0.4, ""C_rally_resume"": 0.3}, ""orders_proposed"": {""A1_long_210_limit"": ""recorded as trade #10"", ""A2_long_205_limit"": ""not recorded, optional"", ""A3_long_220_stop"": ""not recorded, optional"", ""S1_soxs_short_proxy"": ""not recorded, optional K-031 workaround""}, ""next_catalysts"": {""04:00_JST"": ""pre-close rotation"", ""05:00_JST_5_29"": ""MRVL/Dell/Costco AMC + US close"", ""22:30_JST_5_29"": ""next day open with MRVL gap""}, ""technicals"": {""sma20"": 166.45, ""sigma20"": 29.23, ""sigma_position_at_5_27_close"": 1.76, ""plus_1_5_sigma"": 210.29, ""plus_2_sigma"": 224.91, ""k029_3d_return_pct"": 22.2, ""k029_threshold_pct"": 25.0, ""k029_status"": ""just_below_threshold""}}",2026-05-28 23:51:44.950782
96,scan-market,2026-05-29 19:51:57.986416+09,2 events added (21h window: 5/28 22:31 → 5/29 19:47 JST、米 5/28 cash session + MRVL/Dell/Costco AMC カバー)。Event1: market/positive - 5/28 米 record close (S&P+Nasdaq 史上最高値、各+0.5%、PCE 3年高にも関わらず)、SOXL 217.98→224.63 +3.05% で前日 selloff 全戻し、AI infra 主導 (SNOW+30%)。Event2: semiconductor/positive - MRVL Q1 FY27 beat+raise (rev $2.418B +28%、FY27/28 上方、AI networking)、aftermarket+5%→premarket-2% sell-the-news (K-016)。スキップ: Iran 60日MOU (5/23 既登録 slow-walk 継続)、oil (routine + Parquet 92.60 vs web 97.51 乖離不採用)、Section 232 (7/1 Commerce 報告まで進展なし)、Fed (今週 discrete なし PCE 既登録)、NVDA premarket (sentiment のみ)。,"{""latest_source_date"": ""2026-05-29T05:00:00+09:00"", ""categories_searched"": [""geopolitical"", ""fed"", ""semiconductor"", ""oil"", ""tariff"", ""market""], ""scan_period"": ""2026-05-28 22:31 JST \u2192 2026-05-29 19:47 JST (21h)"", ""events_added"": 2, ""events_skipped"": 5, ""verification"": {""may28_record_close"": ""TheStreet (Tier2) + Parquet SOXL daily 217.98->224.63 (+3.05%) triangulate"", ""mrvl_q1_fy27"": ""SEC 8-K mrvl-20260527.htm (Tier1) report date 2026-05-27 AMC + Stocktwits/Yahoo"", ""oil_conflict"": ""web Brent $97.51 (5/28 9am ET) vs Parquet BRENT 92.60 (5/29) \u4e56\u96e2\u3067 discrete oil event \u4e0d\u63a1\u7528""}, ""lesson_applied"": [""K-034 \u4e0d\u9069\u7528 (US session \u81ea\u4f53)"", ""K-016 sell-the-news (MRVL premarket -2%)"", ""negative bias \u88dc\u6b63\u306f\u6226\u4e89\u4fee\u8f9e\u30a4\u30d9\u30f3\u30c8\u9650\u5b9a\u3067 record close \u306b\u4e0d\u9069\u7528""], ""mrvl_q1_fy27"": {""revenue_usd_b"": 2.418, ""rev_yoy_pct"": 28, ""eps"": 0.8, ""eps_est"": 0.75, ""q2_guide_usd_b"": 2.7, ""report_date_et"": ""2026-05-27 AMC""}, ""soxl_5_28_recovery"": {""prev_close_5_27"": 217.98, ""close_5_28"": 224.63, ""pct"": 3.05, ""source"": ""Parquet daily""}}",2026-05-29 19:51:58.285926
97,scan-market,2026-06-01 20:05:36.81593+09,"3 events added (3日窓: 5/29 19:47 → 6/01 20:01 JST、週末+月曜premarket、米6/01は通常取引日・現在07:01ET未開場)。Event1: market/positive - 5/29金 米record close (S&P 7,580.06 +0.22%/Nasdaq 26,972.62/Dow 51,032.46、S&P9週連続=2023以来最長、5月Nasdaq+8%)、但しSOXL 224.63→224.34 -0.13%で半導体出遅れ。Event2: semiconductor/positive - Dell Q1FY27 blowout (rev$43.8B+88%、AI server$16.1B、FY27 guide+47%)、5/29 +32.76%、SEC 8-K確認、AI capex thesis補強。Event3: semiconductor/positive - NVDA Computex 5/31 N1X/RTX Spark PC chip参入 (Arm、Microsoft共同)、6/01 premarketでARM/HPE連れ高、INTC/AMD/QCOM競争ネガ混在。スキップ: Iran (Trump final determination未決+停戦違反、K-009/K-024でneutral・5/23MOU slow-walk継続で重複)、oil (WTI5月-16.2%だがIran de-escalation帰結で既登録イベントの consequence、Parquet整合)、Fed (discrete無し、ISM今夜forward)、tariff (review phase進展無し)。","{""latest_source_date"": ""2026-06-01T12:00:00+09:00"", ""categories_searched"": [""geopolitical"", ""fed"", ""semiconductor"", ""oil"", ""tariff"", ""market""], ""scan_period"": ""2026-05-29 19:47 JST -> 2026-06-01 20:01 JST (3d\u3001\u9031\u672b+\u6708\u66dcpremarket)"", ""events_added"": 3, ""events_skipped"": 4, ""verification"": {""may29_record_close"": ""Yahoo/TheStreet/Fool (Tier2) + index values triangulate; SOXL Parquet 224.63->224.34 -0.13% \u3067\u534a\u5c0e\u4f53lag\u78ba\u8a8d"", ""dell_q1_fy27"": ""SEC 8-K exhibit991earnings8kq1fy27 (Tier1) + Yahoo/Fool\u3001rev$43.8B/EPS$5.24/AIorder$24.4B"", ""nvda_computex"": ""CNBC + Bloomberg (Tier2) keynote 5/31 20:00PT\u3001N1X/RTX Spark\u3001Arm PC entry"", ""oil_consistency"": ""WTI $89.69 (6/01) \u2248 Brent Parquet 94.08 spread~$4.4 \u3067\u6574\u5408\u3001\u524d\u56de\u306e\u4e56\u96e2\u89e3\u6d88""}, ""lesson_applied"": [""K-034 sector lag (SOXL broad rally \u4e0d\u53c2\u52a0)"", ""K-016 sell-the-news \u4e0d\u9069\u7528 (Dell)"", ""K-009/K-024 Iran neutral\u7d99\u7d9a\u3067skip"", ""negative bias\u88dc\u6b63\u306f\u6226\u4e89\u4fee\u8f9e\u9650\u5b9a""], ""dell_q1_fy27"": {""revenue_usd_b"": 43.8, ""rev_yoy_pct"": 88, ""eps"": 5.24, ""ai_orders_usd_b"": 24.4, ""ai_server_rev_usd_b"": 16.1, ""fy27_guide_low_b"": 165, ""fy27_guide_high_b"": 169, ""close_5_29"": 420.91, ""pct"": 32.76}, ""nvda_computex"": {""chip"": ""N1X"", ""product"": ""RTX Spark"", ""partner"": ""Microsoft"", ""oem"": [""Microsoft"", ""Dell"", ""HP"", ""ASUS"", ""Lenovo"", ""MSI""], ""ship"": ""fall 2026"", ""keynote_pt"": ""2026-05-31 20:00""}, ""forward_catalysts"": {""ism_mfg_may"": ""6/01 10:00 ET = 23:00 JST"", ""opec_meeting"": ""6/07 (July targets +188k bpd)"", ""nfp_may"": ""6/05 (first Friday)""}}",2026-06-01 20:05:37.171259
98,entry-analysis,2026-06-01 21:37:40.283419+09,"SOXL long — 分析のみ(trade未記録)。MAP: 環境risk_on(+1.36)/フローneutral(+0.10,σ+1.60伸び切り,出来高0.6x)/イベントNVDA Computex(プレでincumbent直撃: AMD-3.6%/INTC-6.3%, SOXL-3%~$217)。プレ一致率を実測しK-039登録(全体65.5%だがプレ下落日は当日下落39-47%と非対称→今日のプレ下げは反転含み押し目)。推奨: 寄り成り飛び乗り見送り、シナリオA($216指値long/TP$236/SL$204/8株)はISM(23:00JST)後に発火判定。USD$0で発注ゲート未解決。","{""symbol"": ""SOXL"", ""direction"": ""long"", ""regime"": ""risk_on"", ""regime_score"": 1.36, ""flow"": ""neutral"", ""flow_score"": 0.1, ""sigma_position"": 1.6, ""trade_recorded"": false, ""reason_no_trade"": ""ISM\u5f85\u3061 + USD$0\u767a\u6ce8\u30b2\u30fc\u30c8"", ""scenario_A"": {""entry_limit"": 216, ""tp"": 236, ""sl"": 204, ""qty"": 8, ""rr"": 1.7}, ""premarket_soxl_pct"": -3.0, ""knowledge_discovered"": ""K-039"", ""reeval_catalyst"": ""ISM Manufacturing PMI 2026-06-01 23:00 JST (10:00 ET)""}",2026-06-01 21:37:40.60459
99,scan-market,2026-06-01 23:08:34.503456+09,"3 events added (intraday窓: 6/01 20:05→23:05 JST、米寄付後+ISM)。oil/negative: Iran米協議停止(Tasnim)→WTI+6%$92/Brent+5%$95(Parquet94.03確認)、リスクオフ。semiconductor/negative: 選別AIトレード INTC-6%/AMD-4%/NVDA堅調、SOXバスケット下落(SOXL寄り224→210 -6%)=本日SOXL含み損の主因、但しrotation/profit-takingでthesis破綻でない。fed/neutral: ISM製造業52.7(53.0ミス)拡大圏維持。ブロード: S&P7,576.97(-0.04%)/Nasdaq26,955.62(-0.06%)でATHから小反落。","{""latest_source_date"": ""2026-06-01T23:00:00+09:00"", ""categories_searched"": [""geopolitical"", ""fed"", ""semiconductor"", ""oil"", ""tariff"", ""market""], ""scan_period"": ""2026-06-01 20:05 -> 23:05 JST (\u7c73\u5bc4\u4ed8\u5f8cintraday)"", ""events_added"": 3, ""events_skipped"": 2, ""ism_may"": 52.7, ""ism_consensus"": 53.0, ""oil"": {""wti_pct"": 6, ""wti_usd"": 92, ""brent_pct"": 5, ""brent_usd"": 95, ""parquet_brent"": 94.03, ""driver"": ""Iran halted US talks (Tasnim)""}, ""chips"": {""intc_pct"": -6, ""amd_pct"": -4, ""nvda"": ""steady ~219"", ""soxl_intraday_low"": 210, ""frame"": ""rotation/profit-taking, not AI thesis break""}, ""open_position"": ""SOXL 3\u682a@218 (trade#12) + 4\u682a@208 resting (trade#13)"", ""lesson_applied"": [""K-024 Iran headline\u5272\u5f15\u2192negative\u306f\u539f\u6cb9\u5b9f\u4fa1\u683c(Parquet)\u306b\u4ed8\u4e0e"", ""chip rotation\u2260thesis\u7834\u7dbb""]}",2026-06-01 23:08:34.85428
100,scan-market,2026-06-02 10:42:17.920996+09,"2 events added (窓: 6/01 23:08→6/02 10:39 JST、米6/1引け+overnight). market/positive: S&P 7,599.96(+0.26%)/Nasdaq 27,086.81(+0.42%)最高値引け、原油+8%とIran/Lebanonエスカレーションをテック主導で吸収、SOXL場中安値210.14→227.03戻し引け(resting@208未約定)。geopolitical/neutral: Israel地上26年ぶり最深進攻+IRGC Hormuz封鎖威嚇、K-024/K-009 lesson照合で供給実被害なし→neutral。fed/tariff: 窓内新展開なし(ISMは前回登録済)。半導体の戻りはmarketイベントに集約。Parquet照合: SOXL close 227.03 / Brent 95.10確認","{""latest_source_date"": ""2026-06-01T16:00:00-04:00"", ""categories_searched"": [""geopolitical"", ""fed"", ""semiconductor"", ""oil"", ""tariff"", ""market""], ""scan_period"": ""2026-06-01 23:08 -> 2026-06-02 10:39 JST (\u7c736/1\u5f15\u3051+overnight)"", ""events_added"": 2, ""events_skipped"": 4, ""parquet_check"": {""soxl_close"": 227.03, ""soxl_low"": 210.14, ""brent_close"": 95.1}, ""open_position"": ""SOXL 3\u682a@218 (trade#12, \u5f15\u3051227.03\u3067\u542b\u307f\u76ca) + 4\u682a@208 resting (trade#13, \u5b89\u5024210.14\u3067\u672a\u7d04\u5b9a)"", ""lesson_applied"": [""K-024 \u9032\u884c\u4e2d\u6226\u4e89\u30ec\u30c8\u30ea\u30c3\u30af\u2192neutral"", ""K-009 Iran/Trump\u6700\u5f8c\u901a\u7252=\u4fee\u8f9e"", ""\u534a\u5c0e\u4f53selloff\u306f\u62bc\u3057\u76ee\u8cb7\u3044\u3067\u5438\u53ce=thesis\u7834\u7dbb\u3067\u306a\u3044""], ""skipped_reason"": {""oil"": ""6/01 22:45\u65e2\u5b58\u3068\u91cd\u8907(\u4fa1\u683c\u53cd\u5fdc\u6355\u6349\u6e08)"", ""fed"": ""ISM 52.7\u524d\u56de\u767b\u9332\u6e08\u3001\u65b0release\u7121"", ""tariff"": ""Section 232\u65b0\u5c55\u958b\u7121"", ""semiconductor"": ""6/01\u9078\u5225AI\u30c8\u30ec\u30fc\u30c9\u767b\u9332\u6e08\u3001\u623b\u308a\u306fmarket\u306b\u96c6\u7d04""}}",2026-06-02 10:42:18.223336
101,scan-market,2026-06-02 17:27:44.94836+09,1 event added (窓: 6/02 10:42→17:20 JST、米6/1引け後〜6/2プレマーケット04:20 ET). geopolitical/neutral: トランプ「対イラン協議は急ピッチ」+ヒズボラ停戦主張のデエスカレーション修辞、ただしNetanyahu即座に南レバノン継続と矛盾→混在シグナル。K-009/K-024 lesson照合でneutral。スキップ4件: oil(Brent $94小幅反落、供給新被害なし)、semiconductor(NVDA Computex/N1X既登録)、market(6/2プレマ futures小幅高=継続でevent性薄)、fed(新release無、BofA/JPM 2027までhold見通しのみ)。Parquet照合: Brent web$94.58 vs parquet93.44整合、SOXL close 227.03。,"{""latest_source_date"": ""2026-06-02T04:20:00-04:00"", ""categories_searched"": [""geopolitical"", ""fed"", ""semiconductor"", ""oil"", ""tariff"", ""market""], ""scan_period"": ""2026-06-02 10:42 -> 17:20 JST (\u7c736/1\u5f15\u3051\u5f8c+overnight+6/2\u30d7\u30ec\u30de\u30fc\u30b1\u30c3\u30c8)"", ""events_added"": 1, ""events_skipped"": 4, ""parquet_check"": {""brent_web"": 94.58, ""brent_parquet"": 93.44, ""soxl_close"": 227.03}, ""lesson_applied"": [""K-009 Iran/Trump\u4fee\u8f9e=24-48h\u53cd\u8ee2\u30ea\u30b9\u30af\u2192neutral"", ""K-024 \u9032\u884c\u4e2d\u6226\u4e89\u7e70\u8fd4\u3057\u30a4\u30d9\u30f3\u30c8\u2192neutral""], ""skipped_reason"": {""oil"": ""Brent $94\u5c0f\u5e45\u53cd\u843d(-0.42%)\u3001Hormuz\u4f9b\u7d66\u65b0\u88ab\u5bb3\u306a\u3057\u30016/1\u30b9\u30d1\u30a4\u30af\u65e2\u6355\u6349"", ""semiconductor"": ""NVDA Computex/N1X+AMD\u5727\u8feb\u306f6/1\u65e2\u767b\u9332\u3001NVDA ex-div 6/4\u306f\u8efd\u5fae"", ""market"": ""6/2\u30d7\u30ec\u30de futures Nasdaq+0.5%/S&P+0.3%\u306f6/1\u8a18\u9332\u66f4\u65b0\u306e\u7d99\u7d9a\u3001distinct event\u6027\u8584"", ""fed"": ""\u7a93\u5185\u65b0release\u7121\u3001BofA 2027\u5229\u4e0b\u3052\u5f8c\u308d\u5012\u3057/JPM 2026 hold\u898b\u901a\u3057\u306f\u5206\u6790\u7b4boutlook\u306e\u307f"", ""tariff"": ""Section 232\u306f1/14\u65e2\u63aa\u7f6e\u3001\u7a93\u5185\u65b0\u5c55\u958b\u306a\u3057""}}",2026-06-02 17:27:45.421309
102,scan-market,2026-06-02 17:51:20.538141+09,0 events added (窓: 6/02 17:20→17:50 JST、わずか30分・米プレマ04:50 ET). 新規カタリストなし。地政学はイラン協議停止/トランプ修辞=17:27既登録イベントの再掲で、WaPo/NPR/CNNが追加Tier1-2ソースとして既登録を裏付け(2ソース要件retroactive充足)。市場/原油も6/1分recap(WTI$90.55/Brent$94)で6/2新データ無。全カテゴリ変化なし。,"{""latest_source_date"": ""2026-06-01T16:00:00-04:00"", ""categories_searched"": [""geopolitical"", ""market"", ""oil"", ""semiconductor""], ""scan_period"": ""2026-06-02 17:20 -> 17:50 JST (\u524d\u56de\u304b\u308930\u5206\u3001\u7c73\u30d7\u30ec\u30de)"", ""events_added"": 0, ""events_skipped"": 0, ""note"": ""\u524d\u56de17:27\u5b9f\u884c\u304b\u308930\u5206\u306e\u8d85\u77ed\u7a93\u3002\u65b0\u898f\u30cb\u30e5\u30fc\u30b9\u7121\u3001\u65e2\u767b\u9332\u30a4\u30d9\u30f3\u30c8\u306e\u8ffd\u52a0\u30bd\u30fc\u30b9\u78ba\u8a8d\u306e\u307f\u3002over-triangulation\u56de\u907f\u306e\u305f\u30812\u691c\u7d22\u3067\u6253\u3061\u5207\u308a\u3002""}",2026-06-02 17:51:21.004117
103,scan-market,2026-06-03 18:25:47.503297+09,"2 events added (window: 6/02 17:51 -> 6/03 18:22 JST、約24.5h)。6/02 米セッション全体が新情報（前回はプレマ）。登録: (1) 6/02引け S&P 7,609.78 史上最高値/VIX16.09 (2) 半導体ラリー SOX+6%/MRVL+32%/HPE+19%。スキップ: Rubio「ホルムズ機雷」=既登録6/01協議停止イベントの増分・K-024反復・市場無視のためnegバイアス回避で不採用。ADP(5月)は本日21:15 JST/8:15 ET発表予定で未取得=upcoming catalyst。","{""latest_source_date"": ""2026-06-02T16:00:00-04:00"", ""categories_searched"": [""geopolitical"", ""fed"", ""semiconductor"", ""oil"", ""tariff"", ""market""], ""scan_period"": ""2026-06-02 17:51 -> 2026-06-03 18:22 JST"", ""events_added"": 2, ""events_skipped"": 1, ""upcoming_catalysts"": [""ADP 5\u6708 2026-06-03 21:15 JST (8:15 ET)"", ""NFP 5\u6708 2026-06-05 21:30 JST (8:30 ET)""]}",2026-06-03 18:25:47.84753
104,scan-market,2026-06-03 19:13:02.206345+09,1 event added (broad sweep モード: 関連銘柄横断)。前回18:25直後だが引数指示でSOX構成銘柄+二次ストーリーを広く調査。登録: Alphabet $80B AI capex調達+Berkshire $10B (6/01)=ハイパースケーラー capex >$725B の半導体需要シグナル、前回までの index中心スキャンが取りこぼし。スキップ: Micron +19%/$1T は日付照合で5/26と判明(窓外・検索エンジンのTuesday混同)=6/02イベントとして不採用。GOOGL/INTC個別はスコープ外。TSMC 5月月次は未発表(~6/10)。ADP 5月は本日21:15 JST。,"{""latest_source_date"": ""2026-06-03T06:00:00-04:00"", ""mode"": ""broad_sweep_then_deepdive"", ""categories_searched"": [""semiconductor"", ""fed"", ""oil"", ""market"", ""tariff"", ""geopolitical""], ""tickers_swept"": [""NVDA"", ""AMD"", ""AVGO"", ""MRVL"", ""MU"", ""TSM"", ""INTC"", ""QCOM"", ""HPE"", ""GOOGL""], ""events_added"": 1, ""events_skipped"": 2, ""skip_reasons"": {""Micron_1T_19pct"": ""date maps to 5/26 not 6/02 (out of window)"", ""GOOGL_INTC_individual"": ""out of scope individual stock""}, ""upcoming_catalysts"": [""ADP 5\u6708 2026-06-03 21:15 JST"", ""NFP 5\u6708 2026-06-05 21:30 JST"", ""TSMC 5\u6708\u6708\u6b21 ~2026-06-10""]}",2026-06-03 19:13:02.520596
105,scan-market,2026-06-03 20:30:59.477833+09,1 event added: Broadcom Q2 FY26 決算(本日AMC ET=6/4 05:15 JST)。前回19:13直後の狭い窓だがプレマSOXL +5.7%の確認スキャン。スキップ: 半導体ラリー継続/NVIDIA RTX Spark(6/1既登録)・oil Brent~$97(6/01 oilと重複・parquet$94.7と乖離なし)・ADP5月(21:15 JST未発表)・地政学(Hormuz/US Navy拿捕はK-024でneutral継続・既存と重複),"{""latest_source_date"": ""2026-06-03T07:00:00-04:00"", ""window_since_last"": ""19:13 JST"", ""categories_searched"": [""semiconductor"", ""fed"", ""oil"", ""geopolitical"", ""market""], ""events_added"": 1, ""events_skipped"": 4, ""key_catalyst"": ""AVGO Q2 FY26 AMC 6/3 ET"", ""upcoming_catalysts"": [""ADP 5\u6708 2026-06-03 21:15 JST"", ""AVGO\u6c7a\u7b97 2026-06-04 ~05:15 JST"", ""NFP 5\u6708 2026-06-05 21:30 JST""]}",2026-06-03 20:30:59.81367
106,entry-analysis,2026-06-03 22:42:43.271094+09,"SOXL long 浅め部分(1発目) — trade #15 placed (指値$267/3株/IFD-OCO TP$278 SL$259), conf38%。post-Broadcom本命・23時調整前提","{""symbol"": ""SOXL"", ""direction"": ""long"", ""regime"": ""risk_on"", ""flow"": ""bullish"", ""trade_id"": 15, ""tranche"": ""1of2_partial"", ""entry_type"": ""placed_limit"", ""plan"": ""23:00 JST adjust (ISM\u5f8c), deep $228 post-Broadcom"", ""deploy_pct"": 34, ""eff_risk_pct"": 1.0}",2026-06-03 22:42:43.618837
107,scan-market,2026-06-03 23:31:50.008181+09,0 events added (窓3h、20:30→23:30 JST)。スキップ: ISM サービス業5月(23:00 JST発表直後で実数値web未反映=登録不可・要再取得)、SK Hynix ウエハ増産→半導体セクター+5%(QCOM/LRCX/ON)は単一ソース＋既存ラリーの継続色で2ソース基準未達、Broadcom決算(登録済)・ADP(登録済)。市場は寄り後mixed(S&P-0.14%/Dow-0.56%/Nasdaq+0.01%)で半導体は依然強い,"{""window"": ""20:30->23:30 JST"", ""categories_searched"": [""fed"", ""market"", ""semiconductor""], ""events_added"": 0, ""pending"": [""ISM Services May 2026 actual (\u767a\u8868\u76f4\u5f8c\u30fb\u672aindexed)""], ""observed_not_registered"": [""SK Hynix wafer capacity -> semis +5% (single source)""]}",2026-06-03 23:31:50.289549
108,scan-market,2026-06-04 20:43:14.99612+09,3 events added (窓 6/3 23:31->6/4 20:43 JST)。AVGO決算sell-the-news(semi全面安SOXL-13.77%プレ)、本日寄り前失業保険、明日NFP。スキップ: Iran House決議(単一ソース)、CRWD/SMCI個別下落(スコープ外),"{""latest_source_date"": ""2026-06-04T07:40:00-04:00"", ""categories_searched"": [""geopolitical"", ""fed"", ""semiconductor"", ""oil"", ""tariff"", ""market""], ""events_added"": 3, ""skipped"": [""Iran House resolution (single source)"", ""CRWD/SMCI individual moves (out of scope)""], ""key_driver"": ""AVGO sell-the-news -> semi selloff, SOXL -13.77% premarket""}",2026-06-04 20:43:15.297294
109,scan-market,2026-06-05 14:00:37.739267+09,1 event added (窓 6/4 20:43->6/5 13:57 JST)。6/04引けセクターローテーション(資金が半導体->financials/healthcare、Dow史上最高値+1.73%/Nasdaq-0.09%、SOX leadership停止)。スキップ: NFP(既登録6/5 21:30)、Iran攻撃(K-024反復+窓外)、原油-1%(価格動向のみ)、鉄鋼/銅関税(スコープ外),"{""latest_source_date"": ""2026-06-05T07:00:00-04:00"", ""categories_searched"": [""geopolitical"", ""fed"", ""semiconductor"", ""oil"", ""tariff"", ""market""], ""events_added"": 1, ""skipped"": [""NFP (already registered)"", ""Iran attacks (K-024 repetition + pre-window)"", ""oil -1% (price action only)"", ""steel/copper tariff (out of scope)""], ""key_driver"": ""Sector rotation out of semis into financials/healthcare; Dow record, Nasdaq flat; NFP tonight 21:30 JST is dominant catalyst""}",2026-06-05 14:00:38.024276
110,scan-market,2026-06-05 17:13:10.948112+09,0 events added (窓 6/5 14:00->17:11 JST、3h・米市場休場中)。新規カタリストなし。スキップ: 米イラン60日MOU(暫定・Trump署名待ち/イラン未確認・既に原油-20%織込・K-009反転パターン)、Nikkei-1.36%(6/4=AVGO既登録のミラー・K-034)、NFP(既登録、21:30 JST未発表),"{""latest_source_date"": ""2026-06-05T00:00:00-04:00"", ""categories_searched"": [""geopolitical"", ""fed"", ""semiconductor"", ""oil"", ""tariff"", ""market""], ""events_added"": 0, ""skipped"": [""US-Iran 60d MOU (tentative, awaiting Trump sign-off, oil already -20%, K-009 reversal pattern)"", ""Nikkei -1.36% (6/4 mirror of AVGO, K-034)"", ""NFP (already registered, not yet released)""], ""key_driver"": ""No new catalyst in 3h window; NFP tonight 21:30 JST remains dominant catalyst""}",2026-06-05 17:13:11.423496
111,entry-analysis,2026-06-05 19:00:05.899184+09,"SOXL long 事前プラン骨格(no trade row)。NFP21:30→寄り22:30でbuy-stop+OCO。risk4%(弱NFPで3%)/cap90%/equity$2130(T126816)。ライブ変数=①寄り後5分高値②swing安値の2つのみ。MAP: regime risk_on(+1.43)/flow neutral(+0.10,σ+1.60伸び切り)/event NFP二値。発火時勝率50-55%・1発・深玉なし","{""symbol"": ""SOXL"", ""direction"": ""long"", ""mode"": ""pre_plan_no_trade"", ""regime"": ""risk_on"", ""flow"": ""neutral"", ""risk_pct"": 0.04, ""equity_usd_T126816"": 2130, ""cap"": 0.9, ""tp1"": 274.5, ""tp2"": 278, ""breakeven_pct_est"": 0.8, ""live_vars"": [""first_5min_high(entry buy-stop)"", ""swing_low(OCO stop)""], ""gate"": ""NFP 21:30 JST + open higher-low confirmation""}",2026-06-05 19:00:06.214406
112,scan-market,2026-06-06 03:19:51.75532+09,1 event added (窓 6/5 17:13->6/6 03:18 JST)。6/05強NFP(172K=予想85Kの倍)→10年債4.5%超→good news is bad news全面リスクオフ(SOXL-25%/SOX-8%、半導体最深、引け前進行中)。スキップ: Iran停戦fragile(新規カタリストなし窓内)、原油+1%(価格のみ)、Section232関税(1月既出)、NFP announcement(既登録neutral・本件は結果反応で別),"{""latest_source_date"": ""2026-06-05T14:00:00-04:00"", ""categories_searched"": [""geopolitical"", ""fed"", ""semiconductor"", ""oil"", ""tariff"", ""market""], ""events_added"": 1, ""skipped"": [""Iran ceasefire fragile (no new catalyst in window)"", ""oil +1% (price only)"", ""Section 232 tariff (Jan, not new)"", ""NFP announcement (already registered)""], ""key_driver"": ""Strong NFP 172K -> yields >4.5% -> good news is bad news risk-off; semis worst SOXL -25%""}",2026-06-06 03:19:52.04236
113,scan-market,2026-06-06 13:01:37.23806+09,0 events added (窓 6/6 03:19->13:00 JST、土曜・米市場休場)。新規カタリストなし。6/5 selloffは既登録イベントの確定値=SOXL引け$182.54(-30.5%)/Nasdaq100-4.77%/S&P-2.64%/30Y>5%/利上げ確率57%(50%から上昇)/約$1T消失。重複回避でadd_eventせず(update_event無し)。Iran停戦fragileは6/1-4で既出,"{""latest_source_date"": ""2026-06-05T16:00:00-04:00"", ""categories_searched"": [""geopolitical"", ""fed"", ""semiconductor"", ""oil"", ""tariff"", ""market""], ""events_added"": 0, ""note_finalized_close"": ""SOXL $182.54 (-30.5%), Nasdaq100 -4.77%, S&P -2.64%, Dow -1.35%, 30Y>5%, rate-HIKE odds ~57%, VIX 21.51"", ""skipped"": [""6/5 selloff (already registered, this is finalization)"", ""Iran ceasefire (6/1-4, past)""]}",2026-06-06 13:01:37.568891
114,scan-market,2026-06-08 21:28:44.770748+09,"2 events added (窓 6/6 13:01->6/8 21:18 JST、週末+月曜プレ)。6/8半導体リバウンド(SOXX +4%プレ/SOXL +11.1% $202.85, positive direct)と6/7-8イスラエル・イラン応酬(イラン攻撃停止宣言, K-024/K-009→neutral indirect)。スキップ: Fed利上げ確率57%->70%・利下げ2027後退(6/5 NFP既登録の延長)、Section232関税(窓内に新アクションなし、7/1更新期限は将来catalyst)、Brent web$97.68 vs parquet$94.30で定量矛盾のため数値不採用","{""latest_source_date"": ""2026-06-08T09:00:00-04:00"", ""categories_searched"": [""geopolitical"", ""fed"", ""semiconductor"", ""oil"", ""tariff"", ""market""], ""events_added"": 2, ""soxl_premarket"": ""202.85 (+11.13% vs 6/5 close 182.54), thin/pre"", ""fed_note"": ""hike-odds-by-end2026 ~70% (from 57%), Goldman pushes cuts to 2027, >95% hold at 6/16-17 FOMC"", ""skipped"": [""fed rate narrative (extension of 6/5 NFP)"", ""Section 232 (no new action in window)"", ""oil price (parquet/web quantitative conflict)""]}",2026-06-08 21:28:45.082498
115,scan-market,2026-06-09 19:49:55.876196+09,"1 event added: 5月CPI 6/10 21:30 JST(fed/neutral/indirect, 最重要カタリスト). スキップ4件: 6/8米引け(S&P+0.30%/Nasdaq+0.86%/VIX18.92-12%)・6/9プレ半導体続伸(Micron+4%/NVDA+2%)は6/8リバウンド事象と重複、Iran/Israel双方攻撃停止宣言(6/8 NPR, K-024/K-009→既登録)、Brent$94→parquet$92.51で原油デエスカレ既登録、Section232は窓内新アクションなし(7/1更新期限は将来catalyst)","{""latest_source_date"": ""2026-06-09T (premarket, Schwab/Yahoo)"", ""categories_searched"": [""geopolitical"", ""fed"", ""semiconductor"", ""oil"", ""tariff"", ""market""], ""events_added"": 1, ""cpi_release"": ""May CPI 2026-06-10 08:30 ET / 21:30 JST; April was +0.6% MoM headline / 3.8% YoY, core +0.4% / 2.8% YoY"", ""market_close_68"": ""S&P 7405.73 (+0.30%), Nasdaq 25929.66 (+0.86%), Dow -0.2%, VIX 18.92 (-12%)"", ""skipped"": [""6/8 market close (dup of rebound)"", ""6/9 premarket chip continuation (froth/dup)"", ""Iran-Israel de-escalation (dup, K-024/K-009)"", ""oil easing (dup geopolitical)"", ""Section 232 (no new action; 7/1 future catalyst)""]}",2026-06-09 19:49:56.409276
116,scan-market,2026-06-11 19:02:24.926108+09,"3 events added: 6/9 ET 半導体主導の場中急落→V字(market/neutral, トランプ・イラン発言ホイップソー), 5月CPI結果4.2%(fed/neutral, コア軟調・株pared losses), 6/10 ET 米イラン攻撃実行→Dow-900(geopolitical/negative). Trade#16 SOXL stop-out(6/9)の原因特定が主目的。","{""latest_source_date"": ""2026-06-10 (CNBC/TheStreet/BLS)"", ""categories_searched"": [""geopolitical"", ""fed"", ""semiconductor"", ""oil"", ""tariff"", ""market""], ""cpi_result"": ""May CPI 4.2% YoY (highest since Apr 2023), headline +0.5% m/m in-line, core +0.2% m/m below est / 2.9% YoY, energy +3.9% m/m (Hormuz/US-Iran war)"", ""fed_path"": ""next move priced as Dec HIKE; on hold through year"", ""6_9_event"": ""Trump dovish (2-3 day Iran deal, Hormuz reopen) then strike-threat whipsaw -> Nasdaq -3% intraday -> -1% close 25,678.82, semi-led V-recovery"", ""6_10_event"": ""US completes strikes against Iran -> Dow -900 intraday; NVDA -3.1%, AMD -4.8%, SMCI -20%"", ""purpose"": ""root-cause of Trade#16 SOXL SL stop-out on 6/9""}",2026-06-11 19:02:25.238475
117,scan-market,2026-06-12 18:38:39.682815+09,"4 events added: 6/11 Trump対イラン攻撃中止→緩和ラリー(geo/neutral, K-009/K-024), 6/11 Oracle $70B capex半導体ラリー(semi/positive/direct, NVDA+1.73%/Intel+11.19%/MU+9.87%), FOMC 6/16-17 Warsh初(fed/neutral/forward, dot-plot存続が焦点), Section232 7/1報告(tariff/neutral/forward/direct).","{""latest_source_date"": ""2026-06-12 (tradingeconomics Brent ~$89, CNBC/TheStreet 6/11 close)"", ""categories_searched"": [""geopolitical"", ""fed"", ""semiconductor"", ""oil"", ""tariff"", ""market""], ""skipped"": ""oil(\u7de9\u548c\u30a4\u30d9\u30f3\u30c8\u306b\u7d71\u5408, Brent$86.44\u306fparquet\u65e2\u5b58), market close(geo+semi\u30a4\u30d9\u30f3\u30c8\u306b\u7d71\u5408)"", ""6_11_close"": ""S&P+1.75% 7394.30 / Nasdaq+2.54% 25809.66 / Dow+1.86% 50848.75"", ""iran"": ""Trump called off strikes, deal \""this weekend\"", Hormuz reopen; no final text approved; CNBC long-grind framing"", ""chip_driver"": ""Oracle Q earnings + ~$70B data-center capex; AI demand strong"", ""fed"": ""FOMC 6/16-17, 98.2% hold 3.50-3.75%, Warsh first, dot-plot survival/forward-guidance rollback key"", ""section232"": ""Commerce report due 7/1 on data-center chip market -> President may modify 25% tariff""}",2026-06-12 18:38:39.993099
118,scan-market,2026-06-12 22:20:39.057444+09,1 event added (開場前集中scan): 米イラン和平6/14署名target+石油制裁解除観測(geo/neutral/週末ギャップcatalyst). SOXL $227->$219はnews起因でなくfroth正常化(K-017). 半導体個別の新材料なし. futures little changed. SpaceX IPO本日(個別株でskip). Brent-3.84% $86.91.,"{""latest_source_date"": ""2026-06-12 (TheStreet/NPR/Axios premarket)"", ""categories_searched"": [""geopolitical"", ""market"", ""oil"", ""semiconductor""], ""soxl_premarket_fade"": ""$227->$219 = K-017 froth\u6b63\u5e38\u5316, \u30cb\u30e5\u30fc\u30b9\u8d77\u56e0\u3067\u306a\u3044"", ""iran"": ""sign as soon as Sunday 6/14 in Europe, US lift oil sanctions, Hormuz 30d, nuclear conceptually agreed; sticking: $24B assets/uranium/Lebanon"", ""spacex_ipo"": ""largest ever $135/sh $1.78T ~$75B raised, today; \u500b\u5225\u682a\u3067event\u767b\u9332skip"", ""futures"": ""little changed; gold +2.72%, Brent -3.84% $86.91, WTI $84.23"", ""skipped"": ""SpaceX IPO(\u500b\u5225\u682a), oil drop(de-escalation\u65e2\u5b58\u306b\u7d71\u5408), Iran\u91cd\u8907\u90e8\u5206""}",2026-06-12 22:20:39.05763
119,scan-market,2026-06-13 14:34:23.659365+09,1 event added: 米イラン「最終合意文書」到達(Islamabad declaration)・署名はG7エビアン6/15-17へ後ろ倒し=FOMC6/16-17と同週クラスタ(geo/neutral). 6/12米引け=SpaceX IPO +19.3%($161)が支配的catalyst・半導体続伸(SOXL$234.68)はOracle/de-escalation継続. NVDA-TSMC AI提携は既存テーマ継続. FOMC6/16-17は緩和バイアス除去がコンセンサス(Yardeni).,"{""latest_source_date"": ""2026-06-12 (Bloomberg/CBS/CNN/TheStreet)"", ""categories_searched"": [""geopolitical"", ""market"", ""semiconductor"", ""fed"", ""oil"", ""tariff""], ""iran"": ""final agreed text (Islamabad declaration, Pakistan-mediated); signing around G7 Evian France 6/15-17 in Geneva; Trump not 100% certain; not officially confirmed by US/Iran"", ""g7"": ""Evian, France 6/15-17 2026 (= Iran signing venue/window, overlaps FOMC 6/16-17)"", ""market_6_12"": ""SpaceX IPO +19.34% close $161.11 ($1.77T) = dominant catalyst; whipsaw week rallied into close; SOXL closed $234.68(+4.8%), VIX 17.68"", ""fed"": ""FOMC 6/16-17 expected to formally drop easing bias (Yardeni); 1 hike priced ~Oct; cuts off table 2026"", ""semi"": ""NVDA-TSMC AI fab partnership (6/1, ongoing theme); 2nm volume prod started; no new 6/12-13 chip catalyst"", ""skipped"": ""SpaceX IPO(\u500b\u5225\u682a), NVDA-TSMC(\u30c6\u30fc\u30de\u7d99\u7d9a), 6/12 close(continuation), Fed/Section232(\u65e2\u767b\u9332)""}",2026-06-13 14:34:23.659533
120,scan-market,2026-06-15 21:39:35.386707+09,"2 events added: (1)6/15 米イラン和平合意 正式発表(戦争終結+ホルムズ再開MOU、署名は金曜ジュネーブ)→リスクオン急騰 Nasdaq100先物+2.1%/SOXLプレ+13.76%=当日支配catalyst, impact=neutral(lesson照合: 署名未了+60日交渉+Trump反転リスク)。(2)原油3mo安値 WTI$84.88/Brent$82.78(ホルムズ再開期待), impact=neutral。スキップ: FOMC6/16-17(Warsh初・SEP・97.4%hold・登録済), Section232 7/1報告(登録済), 半導体momentum(Micron UBS PT3倍/SOX16日連騰=Iranリスクオンに包含・日付不確実で個別登録せず)。","{""latest_source_date"": ""2026-06-15 (NPR/TheStreet/Yahoo/Bloomberg/CNN)"", ""categories_searched"": [""geopolitical"", ""fed"", ""semiconductor"", ""oil"", ""tariff"", ""market""], ""dominant_catalyst"": ""US-Iran peace deal announced 6/15 (end war + reopen Strait of Hormuz, MOU finalized, signing Fri Geneva post-G7 Evian); risk-on: Nasdaq100 fut +2.1%, S&P +1.3%, oil 3mo low; SOXL pre +13.76%"", ""fomc"": ""FOMC 6/16-17 Warsh first meeting, decision 6/17 14:00 ET (6/18 03:00 JST), 97.4% hold 3.50-3.75%, SEP/dot-plot, easing->neutral bias shift (already in DB)"", ""oil"": ""WTI ~$84.88 (-3.2%), Brent ~$82.78 (parquet 6/15), 3-month low; normalization obstacles: mine-clearing Hormuz, restart idled fields"", ""semi"": ""Micron UBS PT tripled (+6% pre), AMD +2.7%, NVDA +1.2%, SOX 16-day win streak +38.7% (longest in 32yr); folded into Iran risk-on, not registered standalone (date uncertain)"", ""tariff"": ""Section 232: Jan 14 25% on advanced chips in effect (data-center exempt); Commerce report due 7/1 (already in DB); no new 6/13-15 catalyst"", ""lesson_applied"": ""K-027: Iran de-escalation positive->neutral default (Trump 24-48h reversal risk; upgrade after non-reaction + Fri signing confirm)""}",2026-06-15 21:39:35.686896
121,entry-analysis,2026-06-15 22:54:09.685372+09,"SOXL long — trade #18 placed (5株 大=full-Kelly, $246 GTC limit, OrderId 5415072817). SL$210/TP$282未付=IFD-OCO化要. risk_on地盤だが金曜イラン署名/FOMC6-18跨ぎ.","{""symbol"": ""SOXL"", ""direction"": ""long"", ""regime"": ""risk_on"", ""flow"": ""neutral"", ""trade_id"": 18, ""broker_ref"": ""5415072817"", ""qty"": 5, ""limit"": 246.0, ""sizing"": ""full-Kelly point (realized SOXL-long p=0.73, b=2.0, n=11)"", ""warning"": ""StandAlone limit, no SL attached; binary events (Iran signing Fri, FOMC 6/18) in GTC window""}",2026-06-15 22:54:10.028325
122,scan-market,2026-06-16 20:08:15.951165+09,"1 event added: 6/15米引けrisk-on維持(Nasdaq+3.07%/tech主導/SOXL$272.50 gap維持), impact=positive(FOMC頭打ち・K-027反転リスク注記)。スキップ: FOMC6/18(登録済・dot-plot詳細は追加情報のみ), イラン署名6/19スイス(進捗確認・崩れなし=既登録), 原油Brent$83(既登録oilの補足・MOU本文未公開), Section232(7/1登録済・near-term追加は日付不確実)。市況: pre-FOMC consolidation、risk-on regime継続だが半導体extended、6/16 pre先物フラット〜小安","{""latest_source_date"": ""2026-06-16 (FXStreet/TradingEconomics/CNBC premarket)"", ""categories_searched"": [""geopolitical"", ""fed"", ""semiconductor"", ""oil"", ""tariff"", ""market""], ""window"": ""2026-06-15 21:39 JST -> 2026-06-16 20:05 JST"", ""dominant_state"": ""pre-FOMC consolidation; Iran deal on track (signing Fri 6/19 Switzerland, no breakdown); semis extended (SOX historic streak); oil Brent ~$83 WTI<$80 (MOU text unreleased, shipping cautious)"", ""fomc"": ""FOMC 6/16-17, decision/presser 6/18 03:00 JST. 97% hold 3.50-3.75%. SEP/dot-plot may show no cuts or a hike; ~42% see 3.75-4.00 by yr-end, easing->neutral shift. Warsh hawkish, yr-end hike prob ~70%"", ""premarket_6_16"": ""US futures flat-to-slightly-lower awaiting FOMC; VIX prev close 16.20; SOXL pre +1.6% ~$276.88""}",2026-06-16 20:08:16.23711
123,scan-market,2026-06-17 02:14:23.484623+09,"2 events added: (1)6/16半導体ローテーション売り SOXL-10.5%/指数フラット=利確de-leadership(neutral,単一カタリスト特定できず), (2)6/16 BOJ利上げ1.0%約30年ぶり高水準=carry unwind背景リスク(neutral)。スキップ: イラン和平(6/16オントラック・デジタル署名済/正式6/19=既登録), FOMC6/18(既登録), 原油Brent$78.71続落(既登録oilの延長), Section232(7/1既登録・6/16新規なし)。重要: 指数フラット(S&P+0.13%/Nasdaq+0.02%)中のSOXL-10.5%=半導体集中ローテーション(risk-offでない)。この押しが$246指値を約定させた(#18 long)","{""latest_source_date"": ""2026-06-16 (TheStreet/CNBC/Al Jazeera)"", ""categories_searched"": [""geopolitical"", ""fed"", ""semiconductor"", ""oil"", ""tariff"", ""market""], ""window"": ""2026-06-16 20:08 JST -> 2026-06-17 02:12 JST"", ""key_finding"": ""SOXL -10.5% intraday 6/16 while broad indices flat = semi-specific profit-taking rotation out of extended leadership (SOX 16d streak +38.7%) ahead of FOMC, accelerated by BOJ hike to 1.0% (carry unwind). No fresh single-name catalyst found."", ""iran"": ""on track 6/16: digital signature done, formal signing Fri 6/19 Switzerland, no breakdown"", ""fomc"": ""FOMC decision/presser 6/18 03:00 JST (Warsh first). Market pricing meaningful hike prob later 2026"", ""oil"": ""Brent $78.71 (6/16, continued drop from $82), WTI sub-80""}",2026-06-17 02:14:23.811064
124,scan-market,2026-06-17 10:59:52.483167+09,"2 events added: (1)6/16米最終引けDow最高値/Nasdaq-1.15%分岐=FOMC前バリュー回転・半導体de-leadership確定(neutral), (2)5月住宅着工-15.4%=2020年来低だがCPI4.2%が支配でFOMC本丸(neutral)。スキップ: FOMC6/18(既登録・新情報は98.4%据置/easing bias削除/Warsh dot plot提出見送り可能性=既知範囲), イラン6/19署名(既登録オントラック), 原油Brent$78.89続落4連敗(既登録oil延長), Section232 7/1(既登録・6/16新規発表なし), 半導体ローテ(02:14既登録)。前回02:14は6/16場中だったため6/16最終引けのみ新規","{""latest_source_date"": ""2026-06-16 (TheStreet 6/16 close)"", ""categories_searched"": [""geopolitical"", ""fed"", ""semiconductor"", ""oil"", ""tariff"", ""market""], ""window"": ""2026-06-17 02:14 JST -> 2026-06-17 10:40 JST"", ""key_finding"": ""6/16 final close: Dow record (+0.64% ~52k) vs Nasdaq -1.15% divergence = value-over-growth rotation into FOMC, semi de-leadership confirmed. VIX >16. New macro: May housing starts -15.4% (lowest since May 2020) but CPI 4.2% dominates FOMC."", ""fomc"": ""FOMC decision 6/18 03:00 JST (Warsh first). 98.4% hold 3.5-3.75%, remove easing bias, dot plot likely no 2026 cuts, Warsh may decline own projection"", ""iran"": ""on track: formal e-signing Fri 6/19 Switzerland, no breakdown"", ""oil"": ""Brent $78.89 (4th consecutive down session, lowest since early March)"", ""open_position_note"": ""SOXL #18 $246x5 held; 6/16 close $226.19 (~-8%). FOMC 6/18 is the binary""}",2026-06-17 10:59:52.773693
125,scan-market,2026-06-17 19:45:40.160206+09,"0 events added. 前回10:59 JSTから約9hの窓は米市場クローズ中心(6/16引け後〜6/17プレ)でFOMC前ドリフトのみ。全材料が既登録or非イベント: FOMC(hold3.5-3.75%,6/18 03:00既登録/検索の4.25-4.50は旧テンプレ誤り), イラン6/19署名オントラック(Yahoo ""doubts""はHormuz回復持続性=船舶50%稼働への懐疑であり署名決裂でない=K-024/K-009で非negative), 半導体6/16ローテ既登録, Brent$78.89続落既登録oil延長, Section232 7/1既登録新規発表なし, 市場S&P~7536(+0.33%)/VIX16.50=FOMC前ドリフト非イベント","{""latest_source_date"": ""2026-06-17 (intraday pre-FOMC drift: S&P ~7536, VIX 16.50; concrete dated articles up to 6/16 close)"", ""categories_searched"": [""geopolitical"", ""fed"", ""semiconductor"", ""oil"", ""tariff"", ""market""], ""window"": ""2026-06-17 10:59 JST -> 2026-06-17 19:43 JST"", ""events_added"": 0, ""key_finding"": ""No new registrable events in ~9h window (US market mostly closed, FOMC-day positioning only). FOMC 6/18 03:00 JST remains the binary for open SOXL #18."", ""fomc"": ""hold 3.5-3.75% confirmed (~97% CME), decision 6/18 03:00 JST, Warsh first presser, dot plot likely no 2026 cuts, BofA flags >=3 members may project hikes"", ""iran"": ""on track 6/19 signing Switzerland (Burgenstock); durability doubts (shipping 50% cap) not a breakdown"", ""oil"": ""Brent $78.89 (parquet 6/17 matches), continued decline on Hormuz reopen optimism"", ""open_position_note"": ""SOXL #18 $246x5 held, SL$210/TP$282 OCO live; FOMC 6/18 03:00 JST is the binary""}",2026-06-17 19:45:40.491597
126,scan-market,2026-06-18 22:33:07.359816+09,"1 event added (FOMC hawkish outcome 6/18 03:00 JST). 前回6/17 19:45以降の窓(約27h)の最大カタリスト=FOMC通過。据置3.5-3.75%全会一致だがdot plot大幅タカ派化(2026利下げ消滅/中央値3.8%/9名利上げ票/声明130語短縮)。実反応分岐: 広範指数-1%(SPY/QQQ/TQQQ)だが半導体は6/16暴落からリバウンド(SOXX+1.4%/SOXL+3.4%)=decoupling。他5カテゴリ非新規: Brent$78.66続落(Hormuz再開楽観継続,既登録oil), Section232 7/1期限変化なし(既登録), イラン6/19署名on track(既登録MOU), 関税新規なし。","{""latest_source_date"": ""2026-06-18 (Brent $78.66 intraday; FOMC outcome 6/17 14:00 ET = 6/18 03:00 JST)"", ""categories_searched"": [""geopolitical"", ""fed"", ""semiconductor"", ""oil"", ""tariff"", ""market""], ""window"": ""2026-06-17 19:45 JST -> 2026-06-18 22:30 JST"", ""events_added"": 1, ""key_finding"": ""FOMC hawkish surprise (no 2026 cut, dot 3.8%, 9 hike votes, statement cut to 130 words). Reaction divergence: broad indices down ~1%, semis rebounded from 6/16 crash. #18 SOXL long survived (+3.4% on day), #19 deep-add @220 unfilled (no flush)."", ""fomc"": ""hold 3.5-3.75% unanimous; dot plot raised to 3.8% median; removed 2026 cut; 9 of 18 backed hikes (6 multiple); 130-word statement; Warsh abstained from SEP dots"", ""oil"": ""Brent $78.66 (-1.12%) on Hormuz reopen optimism; parquet BRENT 78.16 6/18 consistent"", ""iran"": ""6/19 Geneva MOU signing on track (60-day ceasefire, Hormuz toll-free passage, blockade lift in 30d); already registered"", ""open_position_note"": ""SOXL #18 $246x5 held (6/17 close $233.86, -4.9% from entry, well above SL$210); #19 add @220 placed/unfilled; OCO live""}",2026-06-18 22:33:07.700677
127,entry-analysis,2026-06-19 08:45:24.731476+09,"SOXL long — エントリーなし(no trade). 押し目が指値水準($246/$253)に未到来、SOXL $271→$280(+19.7%,+2σ)へ走り続け deploy 0=K-041(落ちないナイフを置きに行かなかった/機会損失であって損失でない). 推奨は未実行(ユーザー判断待ち): #19@$220キャンセル(FOMC崩落thesis死亡で現金$660解放)+$246指値4株/SL$232(gap-fill$234下,構造的)/TP$270/risk3%/R:R1.7:1 GTC IFD-OCO.","{""symbol"": ""SOXL"", ""direction"": ""long"", ""regime"": ""risk_on(+1.07)"", ""flow"": ""neutral(+0.00)"", ""sigma_position"": ""+1.57 (froth)"", ""trade_id"": null, ""executed"": false, ""recommendation"": {""cancel"": ""#19 @220"", ""entry"": 246, ""stop"": 232, ""tp"": 270, ""risk_pct"": 0.03, ""shares"": 4, ""order_type"": ""GTC IFD-OCO""}, ""reason_no_entry"": ""pullback never reached limits; price ran to +2\u03c3; not chasing (K-041)"", ""next_catalyst"": ""6/19 Iran MOU signing (sell-the-news could create the dip)""}",2026-06-19 08:45:25.217305
128,scan-market,2026-06-22 20:20:06.852815+09,"4 events added. 窓6/18 22:33→6/22 20:17 JST(約4日, うち6/19はJuneteenth米休場で金曜セッション無し)。イラン: 6/19ジュネーブ対面署名式延期(MoUは電子署名で成立)→6/22カタール+パキスタンが60日内最終合意ロードマップ声明。Lebanon新フロント(6/19 イスラエル空爆死者83+Trump停戦発表→直後違反)。oil 6/19 Brent$80.57バウンス→6/22 $78.5反落。全件neutral(Iran提案=Trump24-48h反転lesson, Lebanon=K-024, oil=往復/供給実害なし)。既登録(FOMC 6/18/Section232 7/1/Iran署名予定)はスキップ。半導体・関税は新規カタリスト無し。","{""latest_source_date"": ""2026-06-22 (CNBC/TheStreet premarket; Qatar+Pakistan roadmap statement)"", ""categories_searched"": [""geopolitical"", ""fed"", ""semiconductor"", ""oil"", ""tariff"", ""market""], ""window"": ""2026-06-18 22:33 JST -> 2026-06-22 20:17 JST"", ""events_added"": 4, ""key_finding"": ""Iran in-person Geneva ceremony postponed (MoU signed electronically); 6/22 Qatar+Pakistan roadmap to final deal within 60d. New Lebanon front (Israel strikes 83 killed 6/19, Trump truce then violated). Brent round-trip $78->$80.57(6/19)->$78.53(6/22)."", ""market_calendar"": ""6/19 Juneteenth US closed; 6/22 first session post-FOMC/post-holiday, futures slightly lower, awaiting inflation data later this week"", ""next_catalyst"": ""core PCE inflation print later this week (exact date TBD); Section 232 data-center semi report due 7/1"", ""open_position_note"": ""FLAT \u2014 SOXL #18 closed @ $270 (TP) on 6/18, reconciled via /sync-saxo this session""}",2026-06-22 20:20:07.195952
129,scan-market,2026-06-22 22:21:40.608986+09,"2 events added (プレ確認付). 窓20:20→22:18 JST(約2h)+寄り12分前のpre価格。NEW: 6/21 Hormuz再閉鎖(タンカー通過0、レバノン停戦違反理由)+Trump再攻撃威嚇=6/22ロードマップ楽観の反対側の重し(neutral, oil下落で市場はposturing視/K-009/K-024, 油価$82-85超で要neg転換監視)。Micron FY26 Q3決算6/24米引け後(売上~$34.5B+271%/EPS~$19.7/HBM4, MU=SOXX筆頭11.62%, neutral/K-016 sell-the-news警戒)。プレ価格(09:18 ET): SOXL$299.12(+7.10%)/SOXX+2.21% vs SPY+0.15%/QQQ+0.31%=半導体decoupling寄り前で鮮明(薄商いfroth)。全件neutral。","{""latest_source_date"": ""2026-06-22 (CNBC oil 6/22; premarket movers 09:18 ET)"", ""categories_searched"": [""geopolitical"", ""fed"", ""semiconductor"", ""oil"", ""market""], ""window"": ""2026-06-22 20:20 JST -> 22:18 JST (+pre-market quotes)"", ""events_added"": 2, ""premarket_quotes_0918ET"": {""SOXL"": ""299.12 (+7.10%)"", ""SOXX"": ""653.55 (+2.21%)"", ""SPY"": ""747.85 (+0.15%)"", ""QQQ"": ""742.94 (+0.31%)""}, ""key_finding"": ""Two-sided narrative: 6/22 roadmap optimism (oil negative) vs 6/21 Hormuz reclosure (0 transits) + Trump threat. Semis decoupling strongly into open (SOXX +2.2% vs SPY +0.15%). Next direct catalyst: Micron Q3 earnings 6/24 after close (HBM4, K-016 sell-the-news risk)."", ""next_catalyst"": ""Micron Q3 earnings 6/24 after US close (~05:30 JST 6/25); core PCE later this week; Section 232 report 7/1""}",2026-06-22 22:21:40.949353
130,entry-analysis,2026-06-22 22:47:21.389606+09,"SOXL long — trade #20/#21 placed (2+2株@$281 GTC IFD-OCO, SL$260, TP$310/$300), risk4%, conf50%. ライブ注文照合一致.","{""symbol"": ""SOXL"", ""direction"": ""long"", ""regime"": ""risk_on"", ""flow"": ""neutral"", ""trade_ids"": [20, 21], ""entry"": 281.0, ""stop"": 260.0, ""tp"": [300, 310], ""qty_total"": 4, ""risk_pct"": 0.04, ""breakeven_pct"": 0.912, ""broker_refs"": {""5417183962"": ""TP310"", ""5417182117"": ""TP300""}, ""verified_live"": true, ""cross_event"": ""MU earnings 6/24 after close""}",2026-06-22 22:47:21.389782
131,scan-market,2026-06-23 17:28:29.378881+09,"0 events added. 6/23 04:15ET pre-marketで広範なrisk-off観測: SPY-1.44%/QQQ-2.59%/SOXX-5.49%/SOXL-16.22%(3x整合)/TQQQ-7.79%(3x整合)。5分で深掘り加速(04:10→04:15)。VIX 16.9→20.19(6/23,parquet照合済)が裏付け。但し新規catalyst特定できず: 半導体大暴落は6/4-5(Broadcom,stale)、地政学/原油はcalming(Brent$77下落,和平MOU維持)。11検索(6カテゴリ+Asia/China/Nvidia/Micron)で6/23固有のTier1-2 sourceなし。froth(薄商い04:15ET裏取り無)で寄りまでに縮小余地。既存catalyst(Micron 6/24引け後/Section232 7/1)でカバー済のため登録なし。","{""latest_source_date"": ""2026-06-05 (semis rout articles; no fresh 6/23 catalyst found)"", ""categories_searched"": [""geopolitical"", ""fed"", ""semiconductor"", ""oil"", ""tariff"", ""market""], ""premarket_quotes_0415ET"": {""SPY"": ""733.67 (-1.44%)"", ""QQQ"": ""718.84 (-2.59%)"", ""SOXX"": ""619.06 (-5.49%)"", ""SOXL"": ""251.99 (-16.22%)"", ""TQQQ"": ""76.15 (-7.79%)""}, ""key_finding"": ""Broad semis-led pre-market risk-off, leverage-consistent (3x), VIX-corroborated, but NO sourceable fresh catalyst. Thin 04:15ET tape = likely overshoot. Decoupling: SOXX -5.5% vs SPY -1.4%."", ""events_added"": 0, ""note"": ""thin pre froth caveat; reassess at regular open 22:30 JST and after Micron 6/24 AMC""}",2026-06-23 17:28:29.739269
132,scan-market,2026-06-24 17:35:53.660557+09,"1 event added(6/23 AI半導体ラウト, 事後にTier1-2複数ソースで原因確定→前回0件分を登録)。原因=最混雑トレードのポジション/バリュエーション巻き戻し(BofA73%)+債務AI capex懸念+タカ派Fed、メモリ/HBM主導Asia発。6/24は+5%反発。Micron 6/24 AMC(implied~14%)・Section232 7/1は既登録skip。regime risk_on(+0.79)保存、K-045/K-046記録。","{""latest_source_date"": ""2026-06-24 (6/24 rebound + Micron preview)"", ""categories_searched"": [""geopolitical"", ""fed"", ""semiconductor"", ""oil"", ""tariff"", ""market""], ""events_added"": 1, ""premarket_0432ET_6_24"": {""SOXL"": ""243.70(+5.31%)"", ""SOXX"": ""615.72(+2.04%)"", ""SPY"": ""735.41(+0.25%)""}}",2026-06-24 17:35:53.660712
133,scan-market,2026-06-24 21:45:57.141874+09,"1 event added(6/24アジア半導体反発: KOSPI+3.3〜4.6%/Samsung+9〜10%/SK Hynix+2.7%、駆動=Samsung自社株買い観測+SK Hynix $29B Nasdaq ADR計画[7/10上場], impact=neutral K-034照合)。プレ認識下で調査(SOXL+3.4%/SOXX+1.37% thin=半導体主導の戻り継続)。Micron 6/24 AMC(implied~14%)・Section232 7/1は既登録skip。地政学/原油は6/20-21 Hormuz閉鎖以降の新規update無しskip。6/24 US calendar=新築住宅販売/Fed stress test/Micron-Paychex-Jefferies決算(銀行系はSOXL外)。","{""latest_source_date"": ""2026-06-24 (CNBC SK Hynix Nasdaq ADR / Asia tech rebound)"", ""categories_searched"": [""geopolitical"", ""fed"", ""semiconductor"", ""oil"", ""tariff"", ""market""], ""events_added"": 1, ""window"": ""2026-06-24 17:35 JST -> 21:43 JST"", ""premarket_2141JST"": {""SOXL"": ""239.28(+3.40%)"", ""SOXX"": ""611.65(+1.37%)"", ""SPY"": ""736.16(+0.35%)""}, ""tier1_blocked"": ""reuters/ap/ft crawler-blocked; CNBC+Bloomberg(Tier2x2)\u3067\u4ee3\u66ff\u691c\u8a3c""}",2026-06-24 21:45:57.452743
134,scan-market,2026-06-25 02:23:26.078898+09,1 event added(5月core PCE 6/25 21:30 JST=新規カタリスト、neutral/indirect、FOMC 6/17でPCE見通し3.6%上方修正後の印・年内利上げ織込み50-57%を動かす)。窓=6/24 21:45 JST前回→6/25 02:20 JST(6/24米セッション13:19 ET進行分)。6カテゴリ調査: Micron決算詳細(コンセン$34.66B/$19.95・会社ガイド$33.5B/$19.15・options~17%変動・HBM4 2027配分焦点・BofA$1500/UBS$1625/Street高$1750 Strong Buy)は既登録skip、6/24米セッション=広範flat〜小幅高(SPY+0.02%/QQQ-0.53% 実勢13:19ET)に対し半導体ソフト(SOXX-1.39%/SOXL-4.70%)=Micron前de-risk・記録色でskip、oil=Brent$74継続緩み(Iran 60日ロードマップ)既登録theme、Section232 7/1既登録(データセンター用は除外と判明)、Iran/Hormuz新規update無し。tier1 reuters/ap/ft一部blocked→CNBC/TheStreet/BEA/IG(Tier1-2)で代替検証,"{""latest_source_date"": ""2026-06-24 (TheStreet 6/24 market live / BEA PCE schedule 6/25 release)"", ""categories_searched"": [""geopolitical"", ""fed"", ""semiconductor"", ""oil"", ""tariff"", ""market""], ""events_added"": 1, ""window"": ""2026-06-24 21:45 JST -> 06-25 02:20 JST"", ""live_quote_1319ET"": {""SOXL"": ""220.54(-4.70% vs 6/23close)"", ""SOXX"": ""595.01(-1.39%)"", ""SPY"": ""733.70(+0.02%)"", ""QQQ"": ""709.85(-0.53%)""}, ""next_catalysts_6_25"": [""Micron MU FY26 Q3 05:30 JST(semis-direct, implied~17%)"", ""core PCE 21:30 JST(macro-rates)""]}",2026-06-25 02:23:26.377036
135,scan-market,2026-06-25 18:52:02.286848+09,1 event added(Micron FY26 Q3結果=記録的ブローアウト 売上$41.46B/EPS$25.11/粗利84.9%/Q4ガイド$50B/HBM2027完売・$100B契約、positive/direct)。窓=6/25 02:23 JST前回→6/25 18:50 JST。重要発見: 反応メモリ偏重(MU+17/SNDK+12.6/WDC+11.7 vs NVDA+1.3/AMD+3.8)→SOXX追随限定的。sell-the-news直接前例(3月MU 24%ビート翌日-3.8%)+プレfade兆候+PCE逆風でday1方向はコイン投げ。他カテゴリ新規なし: PCE6/25 21:30既登録/Section232 7/1既登録(レビュー・DC除外)/Iran Hormuz閉鎖継続既登録/Brent$73緩み継続theme,"{""latest_source_date"": ""2026-06-25 (Investing.com transcript / TradingKey premarket / Schwab market open)"", ""categories_searched"": [""geopolitical"", ""fed"", ""semiconductor"", ""oil"", ""tariff"", ""market""], ""events_added"": 1, ""window"": ""2026-06-25 02:23 JST -> 06-25 18:50 JST"", ""live_quote_0550ET"": {""SOXL"": ""263.14(+14.62%)"", ""SOXX"": ""632.16(+5.10%)""}, ""micron_result"": {""rev"": ""41.46B(+346%YoY,+16%beat)"", ""eps"": ""25.11(+22%)"", ""gm"": ""84.9%"", ""q4_guide"": ""50B+-1B(+16% vs 42.9B)"", ""hbm"": ""sold out thru 2027 incl HBM4"", ""contracts"": ""100B/16 SCA"", ""reaction"": ""memory-concentrated, NVDA+1.3% tepid"", ""selltn_precedent"": ""Mar2026 MU 24%beat->-3.8% next day""}, ""next_catalysts_6_25"": [""core PCE 21:30 JST(macro-rates,hawkish 3.3% backdrop)"", ""US open 22:30 JST(Micron gap hold/fade test)""]}",2026-06-25 18:52:02.581694
136,scan-market,2026-06-26 02:25:23.953428+09,1 event added(5月core PCE結果: core 3.4%y/y 2023年10月来最高/headline 4.1%だがcore m/m+0.3%で予想0.1pp下=上振れサプライズ無し→市場見送りrisk-on、neutral/indirect)。窓=6/25 18:52 JST前回→6/26 02:22 JST。重要訂正: 監視中の「core 2.9%」は誤り(プレビュー検索の誤値)、正=3.4%。結論不変(risk-off回避は妥当)。6/25米セッション=Micron+15.78%引け・SanDisk+18.25%・QCOM+10%で半導体ラリー(S&P+0.52%/Nasdaq+0.24%)、ただしSOXL 3xは寄り$267→$230intraday暴れ(sell-the-news)。他カテゴリ新規なし: Section232 7/1既登録/Iran Hormuz閉鎖継続・MoU6/17署名済既登録/Brent$75-82レンジ既theme,"{""latest_source_date"": ""2026-06-25 (CNBC PCE report / TheStreet market close 6/25)"", ""categories_searched"": [""geopolitical"", ""fed"", ""semiconductor"", ""oil"", ""tariff"", ""market""], ""events_added"": 1, ""window"": ""2026-06-25 18:52 JST -> 06-26 02:22 JST"", ""pce_actual"": {""core_yoy"": ""3.4% (Oct2023 high, consensus in-line)"", ""headline_yoy"": ""4.1% (Apr2023 high)"", ""core_mom"": ""+0.3% (0.1pp below exp)"", ""reaction"": ""risk-on, yields slipped, semis rallied""}, ""session_6_25_close"": {""SP500"": ""+0.52%"", ""Nasdaq"": ""+0.24%"", ""MU"": ""+15.78%"", ""SNDK"": ""+18.25%"", ""QCOM"": ""+10%""}, ""correction"": ""prior monitoring stated core PCE 2.9% (wrong, preview value); actual 3.4% y/y"", ""next_catalysts"": [""Section 232 review 7/1"", ""Sept FOMC hike odds (Warsh)""]}",2026-06-26 02:25:24.247744
137,scan-market,2026-06-26 18:44:35.890611+09,"1 event added(Micron決算sell-the-news剥落→6/26プレ半導体再下落SOXX-3.3%/SOXL-9.27%、AIリセット相場再燃、新規カタリスト無し)。窓=6/26 02:25→18:36 JST。重要訂正: 前回metadataの6/25終値「Nasdaq+0.24%」は途中値、実際の6/25引けはNasdaq-0.46%(25,358.60)・S&P-0.01%でMicron+17%バウンス剥落。残5カテゴリ新規なし(Hormuz/MoU6-17/制裁waiver/Warsh/Brent$72.87/Section232 7-1すべて既登録)。口座フラット(注文0/ポジ0)。6/26当日カタリスト=ミシガン大消費者信頼感確報","{""latest_source_date"": ""2026-06-25 (CNBC/TheStreet 6/25 close updates)"", ""categories_searched"": [""geopolitical"", ""fed"", ""semiconductor"", ""oil"", ""tariff"", ""market""], ""events_added"": 1, ""window"": ""2026-06-26 02:25 JST -> 18:36 JST"", ""premarket_6_26"": {""SOXL"": ""-9.27%"", ""SOXX"": ""-3.30%"", ""SOXS"": ""+9.90%"", ""QQQ"": ""-1.21%"", ""SPY"": ""-0.68%""}, ""correction"": ""prior metadata 6/25 close \""Nasdaq +0.24%\"" was intraday; actual close Nasdaq -0.46% (25,358.60), Micron +17% intraday faded"", ""account_state"": ""flat (0 orders / 0 positions, Saxo reconciled)"", ""today_catalyst"": ""UMich final June consumer sentiment (6/26)"", ""next_catalysts"": [""Section 232 review 7/1""]}",2026-06-26 18:44:35.890781
138,scan-market,2026-06-29 19:57:23.049539+09,"2 events added: ①6/28(日)イラン-米 基地交戦→即時stand-down→6/30(火)ドーハ技術協議(geo,neutral/K-024照合) ②7/2(木)21:30JST 6月NFP(fed,neutral,前倒し木曜/ゼロ利下げ織り込み~80%局面の最大カタリスト)。窓=6/26 18:44(前回scan)→6/29 19:52 JST(週末:6/27-28、米は今夜6/29月曜22:30再開)。skip: Brent war-premium unwind(~$72/lowest since Feb 27/-10%週)は6/26 scanで既登録扱い、半導体/market は週末の新規discreteカタリストなし(Nasdaq 6/26 5連敗・50DMA割れ・""buy dip mode""は既知)。7/1(水)Section232報告期限は既登録。Fed: SEP 2026 PCE 3.6%・9名が年内利上げ示唆のタカ派局面継続。Brent $73.07(6/29 parquet)とWebSearch~$72整合。口座フラット(3層照合済)","{""latest_source_date"": ""2026-06-28 (CBS/RFE-RL/Times of Israel 6/28 Iran-US strike liveblogs)"", ""categories_searched"": [""geopolitical"", ""fed"", ""semiconductor"", ""oil"", ""tariff"", ""market""], ""events_added"": 2, ""window"": ""2026-06-26 18:44 JST -> 2026-06-29 19:52 JST"", ""skipped_dupes"": [""Brent unwind ~$72 (noted in 6/26 scan)"", ""Section 232 7/1 (registered)"", ""Nasdaq 5-session losing streak / 50DMA break (6/25-26 known)""], ""upcoming_catalysts_this_week"": [""7/1 Section 232 data-center semi report deadline"", ""7/1 ISM Mfg (date unconfirmed)"", ""7/2 21:30 JST June NFP"", ""6/30 Doha US-Iran technical talks""], ""macro_snapshot_6_29"": {""VIX"": 18.41, ""VIX3M"": 20.13, ""VIX_VIX3M"": 0.914, ""Brent"": 73.07, ""HY_SPREAD"": 2.78, ""YIELD_CURVE"": 0.31}, ""fed_repricing"": ""zero 2026 cuts ~79.8% implied; 9 SEP officials see >=1 hike; 2026 PCE proj 3.6%"", ""account_state"": ""flat (0 positions / 0 orders, 3-layer reconciled 6/29)""}",2026-06-29 19:57:23.431596
139,scan-market,2026-06-30 00:54:34.248696+09,"0 events added (規律的に登録なし)。窓=6/29 19:57→6/30 00:51 JST(=6/29米寄り〜午前ライブセッション)。今日の正体: 寄りで半導体がAI capex懸念で急落(SOXL $213→$198, ユーザーSL$198発火-¥24,351)→middayにAIトレードへrepivotしV字反発(NVDA/INTC/MSFT/AMZN/META各+2%, SOXL→$224)。Nasdaq100+1%/S&P+0.7%/Dow記録更新52,000超。=AI-capexの押しが買い直された。新規discreteカタリスト無し: geo(6/30ドーハ)/fed(6/17FOMC)/Section232(7/1)/NFP(7/2)は全て既登録、6/29反発は既登録AI-capexテーマへの価格反応でイベントでなく値動き。watch(未登録,単一ソース): 連邦控訴審が10%包括関税(Section122,7/24失効,コメント7/6/USTR公聴7/7)支持。Brent $72.01横ばい(戦争プレミアム全戻し既登録)。Saudi Ras Tanura積出再開","{""latest_source_date"": ""2026-06-29 (TheStreet/247WallSt/CNBC 6/29 session live)"", ""categories_searched"": [""geopolitical"", ""fed"", ""semiconductor"", ""oil"", ""tariff"", ""market""], ""events_added"": 0, ""window"": ""2026-06-29 19:57 JST -> 2026-06-30 00:51 JST"", ""session_6_29_narrative"": ""open relief -> semis AI-capex dump (SOXL $213->$198) -> midday AI-trade repivot V-reversal (SOXL ->$224, NVDA/INTC/MSFT/AMZN/META +2%); Nasdaq100 +1%, SP500 +0.7%, Dow record >52000"", ""skipped_dupes"": [""6/30 Doha (registered in 6/28 event)"", ""Section232 7/1"", ""NFP 7/2"", ""6/17 FOMC"", ""Brent unwind""], ""watch_unregistered_single_source"": ""Federal appeals court upheld 10% global tariff (Section 122, expires 7/24, comment until 7/6, USTR hearing 7/7)"", ""live_trade_context"": ""user SOXL 10@$213 dip-buy stopped at $198 (-$150/-\u00a524351/-5.3% acct) 23:13 JST, then SOXL V-reversed to $224 (noise-out/whipsaw, K-023). lesson candidate pending""}",2026-06-30 00:54:34.615374
140,scan-market,2026-06-30 23:28:37.126736+09,"0 events added (規律的に登録なし)。窓=6/30 00:54→23:26 JST(=6/30米セッション・ザラ場中)。6/30は新規discreteカタリスト無し: 全カテゴリ既登録テーマへの値動きのみ。地政学=6/29米イランstand-down/6/30 Doha技術協議(イラン未確認, K-009/K-024 neutral)既登録。fed=6/17 FOMC(Warsh初据置3.50-3.75%, dots cut先送り)/NFP 7/2既登録。半導体=6/30セッション静か、新規なし。原油=Brent $73近辺(Q2 -30%=2020来最大の四半期下落だが戦争プレミアム全戻し既登録, parquet$74.24整合)。関税=Section232 7/1レビュー(商務長官→大統領, 25%関税修正判断)既登録。watch Section122はFederal Circuit手続き的stay(6月,本案でない)=ongoing背景。市場=6/30 mixed静か(S&P+0.03%/Nasdaq+0.29%), Concentrix-22%/Teslaはスコープ外個別株。","{""latest_source_date"": ""2026-06-30 (TheStreet 6/30 session live, CNBC 6/30 oil, Al Jazeera 6/29 Iran)"", ""categories_searched"": [""geopolitical"", ""fed"", ""semiconductor"", ""oil"", ""tariff"", ""market""], ""events_added"": 0, ""window"": ""2026-06-30 00:54 JST -> 2026-06-30 23:26 JST"", ""skipped_dupes"": [""Section232 7/1 review"", ""NFP 7/2"", ""6/17 FOMC"", ""6/29 Iran stand-down"", ""6/30 Doha talks"", ""Brent war-premium unwind""], ""watch_unregistered"": ""Section 122 10% global tariff: Federal Circuit issued procedural stay of CIT injunction (June 2026, not on merits); tariff remains in effect during stay; ongoing legal saga, not discrete 6/30 catalyst"", ""session_6_30_snapshot"": ""mixed/quiet: S&P +0.03%, Dow -0.24%, Nasdaq +0.29%, Russell flat (early trading). Brent ~$73 (Q2 -30%, largest since 2020). VIX 17.34 (parquet 6/30).""}",2026-06-30 23:28:37.451786
141,scan-market,2026-07-01 19:56:07.852245+09,"0 events added (規律的に登録なし)。窓=6/30 23:28→7/1 19:53 JST(大半が米オーバーナイト〜プレ、7/1米セッション未開場)。新規discreteカタリスト無し=全カテゴリ既登録テーマの継続/値動きのみ。関税/半導体=Section232 7/1レビュー既登録・判断未発表(プレSOXX-1.23%はイベント前ポジ調整+新高値後利確が妥当、新規catalyst検出なし)。fed=JOLTS5月6/30発表beat(7.6M vs予想6.975M,hawkish)だが前回窓内・後ろ向き/NFP7/2既登録。地政学=7/1""Iran対面協議拒否""は6/19対面署名延期+6/30Doha協議テーマ継続(原油+0.3%軽微,K-009/K-024 neutral)。原油=Brent$72-73(parquet72.16整合)供給過剰観測=戦争プレミアム全戻し既登録。市場=SKHynix/Samsung$500B capex/SMCI台湾家宅捜索=スコープ外個別/海外株。","{""latest_source_date"": ""2026-07-01 (HDFCSky 7/1 oil/Iran, TradingEconomics 7/1 Brent 72.25, Schwab 7/1 open)"", ""categories_searched"": [""geopolitical"", ""fed"", ""semiconductor"", ""oil"", ""tariff"", ""market""], ""events_added"": 0, ""window"": ""2026-06-30 23:28 JST -> 2026-07-01 19:53 JST"", ""skipped_dupes"": [""Section232 7/1 review"", ""NFP 7/2"", ""Iran Doha talks/face-to-face rejection"", ""Brent war-premium unwind/glut""], ""out_of_scope"": [""SK Hynix/Samsung $500B Korea capex"", ""SMCI Taiwan office raid (chip smuggling probe)"", ""JOLTS 5\u6708 beat (6/30 release, prior window)""], ""premarket_snapshot"": ""SOXL $258.46 (-3.09% vs 6/30 close, session=pre, is_thin), SOXX $632.91 (-1.23%), SPY -0.21%, QQQ -0.43% \u2014 semis underperform broad mkt ahead of Section232 decision. account flat.""}",2026-07-01 19:56:08.175967
142,scan-market,2026-07-02 19:02:05.165006+09,"0 events added (規律的に登録なし)。窓=7/1 19:56->7/2 18:59 JST(=7/1米セッション全体+オーバーナイト)。新規discreteカタリスト無し=全テーマ既登録の継続。tariff/semi=Section232 7/1は「商務長官->大統領への内部報告期限」(White&Case確認)で公開決定でない。公開の関税修正proclamationは未発。7/1のSOXL半導体固有キャピチュレーション($217.55引け,-14%台,SPY+0.24%緑/VIX16.7平穏とデカップリング)は無触媒のポジション/技術売り=価格アクションそのものでスタンス記録済み(外部catalystでないため未登録)。fed=NFP7/2 21:30既登録(コンセンサス100-130K vs 5月172K,失業率4.3%予想)。oil=Brent$70前後,US-Iran和平+Hormuz通航回復でglut観測継続(既登録),IraqのOPEC離脱観測は緩慢テーマ/直接スコープ外。geopol=Iran/Doha和平テーマ継続(K-009/K-024 neutral)。","{""latest_source_date"": ""2026-07-02 (Kiplinger NFP preview, White&Case Section232 alert 7/1 deadline)"", ""categories_searched"": [""geopolitical"", ""fed"", ""semiconductor"", ""oil"", ""tariff"", ""market""], ""events_added"": 0, ""window"": ""2026-07-01 19:56 JST -> 2026-07-02 18:59 JST"", ""skipped_dupes"": [""Section232 7/1 report deadline"", ""NFP 7/2 21:30"", ""Iran/Doha peace talks"", ""Brent glut/war-premium unwind"", ""Warsh hawkish FOMC 6/16-17""], ""out_of_scope"": [""Iraq possible OPEC exit (slow theme)"", ""China domestic chip boom / Nvidia H200 export (macro backdrop, no new discrete event)""], ""key_price_fact"": ""7/1 SOXL close $217.55 (broke $224 intraday floor at close), semiconductor-specific capitulation decoupled from SPY +0.24% / VIX 16.65"", ""nfp_consensus"": ""June NFP: 100-130K est vs May 172K; unemployment 4.3% (FactSet/Kiplinger/Capital Economics)""}",2026-07-02 19:02:05.616618
143,scan-market,2026-07-03 18:23:47.622454+09,"0 events added (規律的に登録なし)。窓=7/2 19:02->7/3 18:19 JST(=7/2米セッション全体+NFP+オーバーナイト+7/3米休場)。7/1-7/2のSOXL/SOXX極端ラウト(SOXX終値7/1 -6.41%/-2.2sigma, 7/2 -5.57%/-1.9sigma=2日-11.6%~-2.7sigma; SOXL 7/2ザラ場安値$168.87=6/30比-37%)の触媒を精査した結果、新規discrete外部触媒は無し。市場wrap(TheStreet/CNBC)は""Great Rotation""=H1で+80%上げた半導体からの利益確定/ポジション巻き戻し(SK Hynix+248%/Micron+210%/Samsung+165% YTDの過熱)、メモリ主導(Micron/Sandisk -10%, Nvidia/Broadcom相対浅い)と特徴づけ。Broadcom決算は6/3(既登録背景)で7/2触媒でない=初報の遡及参照だった。IDCスマホ-13.9%も2/27・4月既出の背景。NFP結果=57K(予想110K大幅ミス)/失業率4.2%/4-5月合計-74K下方修正(7/2 21:30既登録イベントの結果)→dovish/ドル安だが半導体ローテを救えず。既存pending NFPイベントの結果はreview-eventsで検証すべき(重複登録回避)。VIX 7/2 16.15(低下)vs VXN 27.69=スプレッド~11ptで半導体固有stress確認。oil=Brent$71.71 glut継続(既登録)。Section232 7/1報告期限通過も公開proclamation未発(既登録)。geopol=Khamenei葬儀7/4でQatar和平遅延の観測あるが1ソース曖昧(""former""表記)・スコープ外・市場無反応で未登録(要検証フラグ)。","{""latest_source_date"": ""2026-07-02 (BLS NFP result 57K; TheStreet/CNBC 7/2 market wrap; Forbes/TradingEconomics Brent 7/2)"", ""categories_searched"": [""geopolitical"", ""fed"", ""semiconductor"", ""oil"", ""tariff"", ""market""], ""events_added"": 0, ""window"": ""2026-07-02 19:02 JST -> 2026-07-03 18:19 JST"", ""skipped_dupes"": [""NFP 7/2 21:30 (existing pending event, result 57K to be verified via review-events)"", ""Section232 7/1 report deadline"", ""Brent glut/war-premium unwind"", ""IDC smartphone -13.9% (Feb/Apr backdrop)"", ""South Korea $576B chip investment (6/29 backdrop)""], ""out_of_scope_or_unverified"": [""Khamenei funeral 7/4 delaying Qatar talks (single ambiguous source, oil/geopol scope, market shrugging Brent$71 falling)"", ""Iran oil exports +40M bbl post-blockade (oil glut theme continuation)""], ""key_price_fact"": ""7/1 SOXX -6.41%/-2.2sigma, 7/2 -5.57%/-1.9sigma (2d -11.6%~-2.7sigma); SOXL 7/2 close $181.47, intraday low $168.87 = -37% from 6/30 peak $266.71. Semiconductor-specific: VIX 16.15 falling / VXN 27.69 elevated / SPY calm."", ""nfp_result"": ""June NFP 57K vs 110K est (huge miss); unemployment 4.2%; Apr+May revised -74K combined; AHE 3.5% y/y. Dovish/dollar-down but did not rescue semis."", ""catalyst_verdict"": ""No new discrete external catalyst. Great Rotation = crowded +80% H1 semis unwind, memory-led. Matches prior scan discipline (price action -> stance/knowledge, not events table).""}",2026-07-03 18:23:47.941434
144,scan-market,2026-07-06 12:28:15.17964+09,0 events added (規律的に登録なし)。窓=7/3 18:23->7/6 12:25 JST(7/3米休場・7/4-5週末・7/6アジア朝まで=米セッションは7/6今夜が次)。週末に新規discrete外部触媒なし: 停戦枠組(6/12-17の60日枠)は fragile だが新規エスカレなし・市場無反応/Brent$71-72 glut継続(OPEC+ 188K bpd増は routine)/Section232は7/1レビュー期限通過も新proclamation未発(既登録pending)/US中国は5月Xi-Trump summit以降の背景のみ・チップ関税は2027年6/23まで0%据置(既知)。重要な精緻化: 7/1-7/2半導体ラウトの駆動要因がより具体化。単なるpositioning巻き戻しでなく demand-fundamentalの疑い浮上=(1)SK Hynix HBM増産ペース鈍化の報道 (2)Meta が余剰AI computeをcloud販売=hyperscaler capex/チップ需要の天井シグナル (3)Broadcom Hock Tan 2027 AI見通し据置(=減速の暗黙認め、6/3既登録) (4)Warsh下のFed hawkish。これらは7/1-7/2(前回窓)の報道で本窓外・前回scanがGreat Rotationとして price->stance処理済のため二重登録回避。ただしK-046(無触媒巻き戻し=翌日反発しやすい)の境界条件判定に直結: demand-fundamental駆動なら反発遅延/継続リスク側。VIX 15.81低 vs VXN 27.69高=半導体固有stress継続。SOXL 7/2終値$181.47(6/30 $266.71比-32%)。今夜7/6米寄り(22:30 JST)がラウト後初セッション=反転/継続の初確認。,"{""latest_source_date"": ""2026-07-05 (Fortune SK Hynix US listing 7/5; Jerusalem Post live 7/5; oilprice Friday 7/3-5)"", ""categories_searched"": [""geopolitical"", ""fed"", ""semiconductor"", ""oil"", ""tariff"", ""market""], ""events_added"": 0, ""window"": ""2026-07-03 18:23 JST -> 2026-07-06 12:25 JST"", ""no_new_discrete_catalyst"": true, ""demand_fundamental_drivers_surfaced"": [""SK Hynix slowing HBM production expansion (reports)"", ""Meta building cloud to sell excess AI compute = hyperscaler capex/chip-demand ceiling signal"", ""Broadcom Hock Tan holding (not raising) 2027 AI outlook = tacit plateau (6/3 already-registered)"", ""Fed hawkish under Warsh""], ""k046_boundary_flag"": ""demand-fundamental driver argues for delayed bounce / continuation risk = potential K-046 boundary condition; confirm at 7/6 US open"", ""skipped_out_of_window_or_dupe"": [""SK Hynix/Meta/Broadcom drivers are 7/1-7/2 reports (prior scan window, price->stance already)"", ""OPEC+ 188K bpd output hike (routine, oil background, Brent stable, indirect to semis)"", ""Section232 7/1 review deadline (existing pending event)"", ""US-China chip tariff 0% until 2027-06-23 (known backdrop)""], ""price_facts"": ""VIX 15.81 / VXN 27.69 / SOXL 7/2 close $181.47 (-32% from 6/30 $266.71); S&P open-higher prob 62% for 7/6 (lines.com)""}",2026-07-06 12:28:15.527432
145,scan-market,2026-07-06 20:48:18.388092+09,"1 event added (Samsung 暫定Q2決算 7/7, チャネル2メモリ/HBM, neutral)。窓=7/6 12:28->20:45 JST(8h, アジア/欧州時間帯・米寄付22:30前)。前回scan(同日12:28)後の短窓で新規discrete触媒ほぼゼロ。唯一の登録=7/7 Samsung暫定Q2=post-rout初のメモリhard datapoint(2ソース確認)。tech rebound(SMH+2.4%pre)は価格move=除外(criterion3)。SpaceX→Nasdaq100(7/7)はチャネル非該当スキップ。oil$68-69下落=oil単独チャネル外。地政学=新エスカレなし(60日MOU枠継続)。Section232 7/1更新=既登録pending。Fed=窓内新news無し。","{""latest_source_date"": ""2026-07-06 (TheStreet Stock Market Today 7/6; oil tradingeconomics 7/6)"", ""categories_searched"": [""geopolitical"", ""fed"", ""semiconductor"", ""oil"", ""tariff"", ""market""], ""events_added"": 1, ""window"": ""2026-07-06 12:28 JST -> 2026-07-06 20:45 JST"", ""registered"": [""Samsung prelim Q2 2026 earnings 7/7 (Channel 2 memory/HBM, neutral, indirect; 2-source confirmed TheStreet+earnings calendars)""], ""skipped_out_of_scope_or_dupe"": [""Tech/chip rebound SMH +2.4% premarket = price move, criterion 3 excluded (Parquet domain)"", ""SpaceX -> Nasdaq-100 inclusion 7/7 = index-composition, no ledger channel for SOXL"", ""Oil Brent/WTI ~$68-69 falling (WTI -0.63% to $68.33) = oil-only, no channel (no risk-off/Fed transmission)"", ""Geopolitical: ceasefire fragile but same 60-day MOU framework, no new escalation (K-024 continuing)"", ""Section 232 7/1 datacenter-chip market update = already-registered pending event, no new proclamation"", ""Fed: no new discrete news in window; June Warsh-hawkish already priced/registered""], ""forward_catalysts_flagged"": [""Samsung prelim Q2 2026 earnings 7/7 ~08:00 KST/JST = registered"", ""SpaceX joins Nasdaq-100 before 7/7 open (not registered)"", ""Samsung full Q2 report 7/23""], ""price_context"": ""SOXL premarket $197.01 (+8.56% vs 7/2 $181.47, is_thin froth), SOXX $583.60 (+3.05%), QQQ +1.16%, SPY +0.45%; VIX ~16.33, VXN 27.69 (7/1 stale). 7/6 22:30 JST US open = first regular session post-rout.""}",2026-07-06 20:48:18.691251
146,scan-market,2026-07-07 18:31:15.302062+09,"1 event added: 7/7 半導体 sell-the-news de-rating (Channel 1 AI compute需要ピークアウト懸念 + Channel 5 巻き戻し, negative, direct)。窓=7/6 20:48->7/7 18:30 JST(22h)。この間に7/6米セッション(Nasdaq +1.1%/SOXL $194.65引け)→7/7プレ半導体急落(SOXX -3.58%/SOXL -10.6% vs QQQ -0.94%)。触媒=Samsung Q2記録ブローアウトのsell-the-news+AI capex ROI懸念(Meta余剰compute説再燃)。Samsung Q2結果自体(DRAM+44%/NAND+53%記録)は既登録placeholderがカバー→review-eventsで採点。スキップ: Fed(次FOMC 7/28-29まで無)、oil(Brent$72 4ヶ月安値だが供給要因oil単独=チャネル外)、geopolitical(60日MOU枠継続・新エスカレ無)、tariff(Section232既登録のみ)、7/6米セッション/価格move(criterion3除外)。","{""latest_source_date"": ""2026-07-07 (tradingkey Samsung sell-the-news; itechpost/easternherald Samsung Q2; tradingeconomics oil 7/7)"", ""categories_searched"": [""geopolitical"", ""fed"", ""semiconductor"", ""oil"", ""tariff"", ""market""], ""events_added"": 1, ""window"": ""2026-07-06 20:48 JST -> 2026-07-07 18:30 JST"", ""registered"": [""7/7 \u534a\u5c0e\u4f53 sell-the-news de-rating (Channel 1+5, negative, direct; tradingkey+CNBC+itechpost confirmed)""], ""skipped_out_of_scope_or_dupe"": [""Samsung Q2 result itself = already-registered placeholder event (7/7 08:00), review-events will score"", ""7/6 US session (Dow record/Nasdaq +1.1%/SOXL $194.65) = price move, criterion 3 excluded"", ""Oil Brent ~$72 4-mo low / WTI ~$69 (OPEC+ quota hike, Aramco -$11 Asian OSP) = oil-only, no risk-off/Fed channel"", ""Geopolitical: 60-day MOU framework continues (signed 6/17), Hormuz flows improving, no new escalation (K-024)"", ""Fed: no new discrete news, June Warsh-hawkish already registered, next FOMC 7/28-29"", ""Tariff: Section 232 (7/1) already registered, H200 China 25% tariff from January (old)""], ""price_context"": ""SOXL premarket $173.99 (-10.61% vs 7/6 $194.65, is_thin), SOXX $560.70 (-3.58%), SOXS +10.79%, QQQ -0.94%; semiconductor-specific decoupling. 7/6 closed $194.65 (+7.3% vs 7/2 $181.47, prediction #8 TRUE)."", ""position_context"": ""SOXL long 10sh @196 (trade #24 filled 7/6), stop $168.88, add-limit 3sh @184 (trade #25 placed). Premarket $173.99 = -11.1% MAE, +3.0% above stop.""}",2026-07-07 18:31:15.620519
147,scan-market,2026-07-08 19:40:56.330389+09,"3 events added: (1) 7/8 Iran停戦「終了」宣言＋米空爆＋oil+5.6%(Channel6 risk-off, neutral, K-009/K-024照合でwalk-back考慮しneg回避) (2) FOMC 6/16-17議事録リリース7/9 03:00 JST(Channel3, neutral, タカ派傾斜) (3) 7/7 DeepSeek自社AIチップ報道(Channel1 需要ピークアウト, negative, 地政学バイアス対象外の競争シグナル)。窓=7/7 18:31->7/8 19:36 JST(25h)。この間7/7米引け S&P-0.45%/Nasdaq-1.16%/SOXL$165.28(de-rating継続・Nasdaqへ染み出し)。スキップ: 7/7米セッション価格move(criterion3・既登録de-ratingがカバー)、oil単独(Iranイベントに内包)、Section232(新展開無し)","{""latest_source_date"": ""2026-07-08 (CNBC oil/Iran ceasefire; ms.now/theweek Iran; investing.com DeepSeek 7/7)"", ""categories_searched"": [""geopolitical"", ""fed"", ""semiconductor"", ""oil"", ""tariff"", ""market""], ""events_added"": 3, ""window"": ""2026-07-07 18:31 JST -> 2026-07-08 19:36 JST"", ""registered"": [""7/8 Iran ceasefire over + US strikes + oil +5.6% (Channel 6, neutral)"", ""FOMC June minutes release 7/9 03:00 JST (Channel 3, neutral)"", ""7/7 DeepSeek in-house AI chip / Reuters exclusive (Channel 1, negative)""], ""skipped_out_of_scope_or_dupe"": [""7/7 US session close (S&P -0.45%/Nasdaq -1.16%/SOXL $165.28) = price move, criterion 3, existing 7/7 de-rating event covers"", ""Oil-only (Brent 4-mo low then +5.6% spike) = folded into Iran geopolitical event, not standalone oil channel"", ""Section 232 (Jan proclamation / 7/1 review) = no new development in window"", ""SK Hynix HBM slowdown = unverified (search returned contradicting sold-out narrative), not registered""], ""macro_context"": ""VIX 16.1(\u671d)->18.52(7/08), VIX/VIX3M 0.849->0.975 flattening, Brent $72(7/7)->$78.43(7/08 parquet, +9%). \u534a\u5c0e\u4f53de-rating(idiosyncratic)\u306bIran risk-off(macro)\u91cd\u7573=\u30c7\u30ab\u30c3\u30d7\u30ea\u30f3\u30b0\u524d\u63d0\u5d29\u308c\u65b9\u5411"", ""position_context"": ""SOXL long 13sh (10@$196 trade#24 OCO stop$100/TP$250\u4fdd\u8b77, 3@$165.40 trade#25 \u7121\u4fdd\u8b77). 7/7 close $165.28. 10sh -22% MAE""}",2026-07-08 19:40:56.679134
148,scan-market,2026-07-10 13:56:28.478406+09,"1 event added: 7/9 Iran戦争エスカレーション(米追加空爆~80標的＋イランがヨルダンAl-Azraq米軍基地へ弾道ミサイル10発, Channel6 risk-off, neutral, K-024/6-28照合でneg回避)。窓=7/8 19:40->7/10 13:53 JST(42h)。スキップ: 7/9半導体+10%リバウンド/Nasdaq+0.2%(価格move criterion3), FOMC6月議事録の中身(既登録7/9 03:00と同一), oil単独(Iranに内包), Section232(新展開なし), SK Hynix金曜IPO(1ソース未検証)","{""latest_source_date"": ""2026-07-09 (CNN/Fox Iran war live; CNBC oil 7/9; CNBC/Bloomberg FOMC minutes 7/8)"", ""categories_searched"": [""geopolitical"", ""fed"", ""semiconductor"", ""oil"", ""tariff"", ""market""], ""events_added"": 1, ""window"": ""2026-07-08 19:40 JST -> 2026-07-10 13:53 JST"", ""registered"": [""7/9 Iran escalation: US strikes + Iran ballistic missiles on US base in Jordan (Channel 6, neutral)""], ""skipped_out_of_scope_or_dupe"": [""7/9 semi +10% rebound / Nasdaq +0.2% = price move (criterion 3, Parquet domain)"", ""FOMC June minutes content (hawkish dot plot leans to hike) = same event as registered 7/9 03:00 minutes release"", ""Oil-only (Brent ~$78 held after +5.2%) = folded into Iran geopolitical event"", ""Section 232 = no new development in window"", ""SK Hynix Fri IPO pricing = single source, ambiguous, unverified""], ""macro_context"": ""VIX 16.90(7/8 close)->15.84(7/9 parquet), VIX3M 18.99, contango restored. SOXX $581.70(7/9, +partial reversal held above $551.69\u5206\u6c34\u5dba). SOXL $174.82(7/8)->$192.45(7/9, +10%). Oil Brent ~$78 held. FOMC minutes hawkish(hike bias)."", ""position_context"": ""SOXL long 13sh (10@$196 trade#24 OCO stop$100/TP$250, 3@$165.40 trade#25). 7/9 close $192.45. 10sh -1.8%, net unrealized +7,308 JPY.""}",2026-07-10 13:56:28.856869
149,scan-market,2026-07-10 21:57:54.187968+09,"1 event added: 7/10 SK Hynix(SKHY) Nasdaq ADRデビュー($26.5B/$149 ADR/7x oversubscribed, Channel2 memory-HBM + Channel5 positioning, neutral=二値信認テスト). 窓=7/10 13:56->21:24 JST(7.5h). スキップ: 半導体プレ売りSOXX-1.2%/SOXL-4.3%(price move criterion3, IPOがdriver=登録済), Fed(CPI 4.2%/core2.9%・Warsh「inflation risk eased」だが窓内新展開なし・次FOMC7/29), Iran(7/10「uneasy calm」de-escalation・talks継続=既登録7/9 escalationの継続, 新channel shockなし), oil(Brent~$76 -2%木曜・Hormuz traffic減だがIranに内包), Section232(新展開なし)","{""latest_source_date"": ""2026-07-10 (Yahoo Finance/TheStreet SK Hynix debut; Al Jazeera Iran calm; Bloomberg oil 7/10)"", ""categories_searched"": [""geopolitical"", ""fed"", ""semiconductor"", ""oil"", ""tariff"", ""market""], ""events_added"": 1, ""window"": ""2026-07-10 13:56 JST -> 2026-07-10 21:24 JST"", ""registered"": [""7/10 SK Hynix Nasdaq ADR debut (Channel 2+5, neutral)""], ""skipped_out_of_scope_or_dupe"": [""Semi pre-market selloff SOXX -1.2%/SOXL -4.3% = price move (criterion 3), SK Hynix debut is the driver (registered)"", ""Fed: CPI 4.2%/core 2.9%, Warsh \""inflation risk eased\"" at Sintra = no new dated event in window, next FOMC 7/29"", ""Iran 7/10 \""uneasy calm\""/talks continue = de-escalation continuation of registered 7/9 escalation, no new channel shock"", ""Oil Brent ~$76 -2% Thu, Hormuz traffic reduced = folded into Iran geopolitical event"", ""Section 232 = no new development in window""], ""macro_context"": ""VIX 15.99(7/10). Chip stocks fell premarket ahead of SK Hynix $26.5B Nasdaq debut (AI-boom durability test). S&P futures flat/Nasdaq100 -0.2%/Dow +0.2% after strong 7/9 (SPX +0.8%, Nasdaq +1.3%). Brent ~$76 (-2% Thu). CPI May 4.2% headline/2.9% core, next FOMC 7/29."", ""position_context"": ""SOXL long 13sh (10@$196 OCO stop$100/TP$250, 3@$165.40). Pre $184.16 (-4.31% vs $192.45 close, is_thin). 10sh -6.0%, 3sh +11.3%, net ~-$62 (pre). Account total ~483,818 JPY, spending_power 79,957 JPY, deployment ~83.5%.""}",2026-07-10 21:57:54.532981
150,scan-market,2026-07-14 17:14:20.100373+09,"1 event added: 7/11-13 Iran-US再エスカレーション+Hormuz封鎖再導入(Channel6 risk-off, negative, 供給実被害=タンカー被弾+通航6隻激減でK-024/K-009 neutral defaultを上書き). Brent $76.30->$85.84(+12.5%,6/15来高値)/VIX 15.99->17.36/SOXX 581.70(7/9)->553.61(7/13)-4.8%. スキップ: 7/13市場-半導体売り(price move criterion3+driver既登録Iran/DeepSeek7-7), Fed(窓内dated event無・hawkish repricingはambient・次FOMC7/29), Section232(7/1報告期限登録済・新展開無)","{""latest_source_date"": ""2026-07-14 (Al Jazeera/Rappler oil 1-month high 07:00 GMT; CNN Iran war 7/13; Yahoo market 7/13)"", ""categories_searched"": [""geopolitical"", ""fed"", ""semiconductor"", ""oil"", ""tariff"", ""market""], ""events_added"": 1, ""window"": ""2026-07-10 21:57 JST -> 2026-07-14 17:10 JST"", ""registered"": [""7/11-13 Iran-US re-escalation + Hormuz blockade (Channel 6 risk-off, negative, supply harm)""], ""skipped_out_of_scope_or_dupe"": [""7/13 market/semi selloff SPX -0.78%/Nasdaq -1.55%/SOXX -2% = price move (criterion 3), drivers already registered (Iran risk-off + DeepSeek/Samsung 7/7)"", ""SK Hynix -15% Korea = price move post 7/10 Nasdaq debut (registered)"", ""Fed: ~76.5% zero-cut 2026 pricing / hold >85% July = ambient repricing, no dated event in window, next FOMC 7/29"", ""Section 232: 7/1 report deadline already registered, no new development""], ""macro_context"": ""Iran-US war re-escalated 7/11-13 (June MOU frayed). Brent $85.84 (7/14, +12.5% vs 7/10 $76.30, highest since June 15). VIX 17.36 (7/14, +from 15.99). VIX/VIX3M 0.935 (contango flattening from 0.831). SOXX 553.61 (7/13, -4.8% vs 7/9 581.70, near watershed 551.69). Next FOMC 7/29. Q2 bank earnings (JPM etc) 7/14 week."", ""position_context"": ""SOXL long 13sh (10@$196 OCO stop$100/TP$250, 3@$165.40). Saxo unrealized -49,672 JPY (~-$306) vs 7/13 close $165.37. Pre-market SOXL $173.17 (+4.72%, is_thin). stop$100 still non-functional (36% account risk), unaddressed.""}",2026-07-14 17:14:20.438357
151,scan-market,2026-07-14 17:24:43.476686+09,"追加深掘り(AIバブル/循環取引/Iran市場疲労): 1 event added=7/11 AI circular-financing narrative mainstreamed(Channel1+5, negative, direct). Nvidia$5T(7/10)翌日io-fund/Kindig分析がHNバズ. 事実: NVDA->CoreWeave/Nebius各$2B+買取保証$6.3B, CoreWeave債務$24.86B/FCF-$4.71B/資金ギャップ$17B, NVDA->OpenAI$100B+$30B, Chanos/Burry空売り, NVDA7pメモ反論(53日入金). チャネル再帰属: 7/13テック売りはAIバリュエーション固有(Nasdaq-1.55%vsDow-0.26%)でIran risk-offでない(Iranは油価チャネル). Iran疲労のユーザー観察は株では概ね妥当・油では反対(risk premium健在).","{""latest_source_date"": ""2026-07-12 (TechTimes CoreWeave $24.9B; io-fund analysis surfaced 7/11 via HN, published 6/12; Nvidia $5T 7/10)"", ""categories_searched"": [""semiconductor"", ""market"", ""geopolitical"", ""ai-bubble"", ""circular-financing""], ""events_added"": 1, ""run_type"": ""deep-dive supplement (user-requested: AI bubble/boom sensitivity, Iran fatigue, circular financing facts)"", ""registered"": [""7/11 AI circular-financing narrative mainstreamed (Channel 1+5, negative, direct)""], ""key_facts_circular_financing"": [""Nvidia $2B each into CoreWeave & Nebius + $6.3B backstop to buy CoreWeave unsold capacity through 2032-04"", ""CoreWeave debt $24.86B, FCF -$4.71B/qtr, interest $536M=25.8% of rev, 2026 funding gap >$17B"", ""Nvidia->OpenAI $100B LOI (Sep 2025) + $30B (Feb 2026), >$40B AI equity in 4mo 2026"", ""Microsoft $13B->OpenAI, Oracle $300B Stargate, AMD-OpenAI tens of $B + equity, total arrangements >$800B"", ""Short sellers Chanos + Burry (Burry: 1M NVDA puts $110/2027, PLTR/SOXX/QQQ/ORCL, ~80% portfolio puts ~$1.1B)"", ""Nvidia 7-page memo rebuttal: customers pay within 53 days, no vendor financing dependence, not accounting fraud""], ""bull_rebuttal"": ""Nvidia $1T orders through 2027 (5x FY26 rev $215.9B), DC vacancy 1-2%, 75-100% pre-leased, leading-edge sold out 12-18mo, JPM 5-factor not-a-bubble, tech HY spread 2.56% benign"", ""bubble_math"": ""Sequoia ~$600B annual capex-revenue gap; Allianz divergence 46% vs 32% in 2001 telecom; hyperscaler capex $700-900B 2026 (+36%); tech EV/EBITDA ~25x; $1.5T new debt needed; top10=35% of SPX"", ""channel_reattribution"": ""7/13 tech selloff (Nasdaq -1.55% vs Dow -0.26%) is AI-valuation-specific (Channel 1/5), NOT Iran risk-off. Iran hits oil channel (Brent +9.6/2.8%). Prior 7/13 Iran event over-attributed SOXX -2% to risk-off; corrected here."", ""iran_fatigue_finding"": ""User observation partly correct: equities absorbing Iran shock (\""investors treating each escalation as a test not a breakdown\""), but oil risk premium very much alive (1-2% global supply offline).""}",2026-07-14 17:24:43.851844
152,scan-market,2026-07-14 17:36:16.156897+09,"反証調査(7/13売りの帰属再検証): 2 events added. 元の「本質はIranでなくAIバリュエーション」断定を訂正= 多因子(AI-valuation/ROI/hawkish-Fed主・独立driver, Iran/油は金利チャネル経由の副次accelerant, 確信度~72%). Event B=油->金利->割引率transmission(Ch3, 10Y4.60%/2Y16mo高値, AI借入コスト増で循環取引悪化). Event C=メモリ/HBM減速(Ch2, SK Hynix-15.4%/韓国投資証券Q2-8%予想/HBM価格鈍化). 交絡判明: Dow-Nasdaq乖離はエネルギー株(CVX+3.16%/XOM+4.43%)がDow下支えの油価アーティファクト. AI独立driver証拠: 半導体売りは7/6-8にIran前から開始(Intel-21%/Micron-13%), 7/3油-2%でも半導体売り, VXN-VIX25年ぶり乖離(テック固有vol+68%). VXN-VIX乖離はknowledge登録候補.","{""latest_source_date"": ""2026-07-13 (Bloomberg 2Y yield 16-mo high; CNBC/Motley Fool SK Hynix -15.4%; Forbes Intel -21% 7/8; cryptobriefing VXN-VIX 23yr gap)"", ""categories_searched"": [""semiconductor"", ""fed"", ""oil"", ""market"", ""volatility"", ""attribution-disconfirm""], ""events_added"": 2, ""run_type"": ""disconfirmation / attribution re-audit (user challenged over-assertion + under-registration)"", ""registered"": [""Event B: 7/13 oil->rates->discount-rate transmission (Channel 3, negative, indirect)"", ""Event C: 7/13 memory/HBM deceleration SK Hynix (Channel 2, negative, direct)""], ""correction"": ""Original claim \""7/13 selloff essence is AI-valuation NOT Iran\"" was overstated. Reality is multi-causal: AI-valuation/ROI-doubt/hawkish-Fed (Ch1/3/5) is primary & independent driver, Iran/oil is secondary accelerant via rate channel (Ch3). Confidence ~72%, not certainty."", ""confounds_found"": [""Dow-Nasdaq divergence I cited is an OIL ARTIFACT: energy stocks (CVX +3.16%, XOM +4.43%, energy sector +3.02%) cushioned the Dow, so divergence does not prove AI-specific selling"", ""Iran->oil->inflation->yields (10Y 4.60% highest since May, 2Y 16-mo high) de-rates growth via discount rate AND raises AI-capex borrowing cost = Iran DID hit semis via rate channel"", ""SK Hynix -15.4% had memory-specific catalyst (KIS Q2 -8% forecast, HBM pricing slower) + 20% ADR-Korea discount arb, not just generic AI-bubble valuation""], ""ai_valuation_independent_evidence_surviving_confounds"": [""Semi selloff STARTED 7/6-8 BEFORE Iran re-escalation: Intel -21%, Micron -13% (-$138B/session), AMD -7%, SOX -10.8%/wk; root cause per Forbes = AI-ROI doubt + dot-com valuations + hawkish Fed, NOT demand loss"", ""7/3: oil -2% to ~$67 (pre-war) yet Nasdaq -0.80% and semis 2nd-wave selloff on AI valuation doubt = AI weakness independent of oil"", ""VXN-VIX spread ~25-year high (VXN/VIX 1.64 on 6/16, +11.8 at 90th pctile): tech-specific implied vol +68% vs SPX = stress is idiosyncratic tech/AI, not broad risk-off""], ""knowledge_candidate"": ""VXN-VIX ~25-year-high decoupling: semi/AI stress is tech-specific not broad risk-off; when a semi selloff coincides with a geopolitical shock, check VXN-VIX before attributing to risk-off (Channel 6) vs AI-valuation (Channel 1/5). SpotGamma jump-risk/10% correction warning."", ""total_events_this_session_scan"": ""4 (Iran risk-off/oil 7/13, circular-financing 7/11, oil->rates 7/13, HBM 7/13) spanning Channels 6, 1/5, 3, 2""}",2026-07-14 17:36:16.6431
153,scan-market,2026-07-15 19:47:19.888556+09,"3 events added. 前回スタンス「弱気continuation」を反証する7/14反発を捕捉。主要新事実=6月CPI予想大幅下回るdisinflation(-0.4%m/m 6年ぶり最大, 3.5%y/y vs予想3.8%)がNasdaq+0.9%/チップ反発を主導→7/13売りのhawkish-Fedレグを反証(K-052帰属補正の追認: Iran継続下でも市場反発=金利/Fed経路が主driver)。JPM Q2ブローアウト(+47%利益,EPS$7.70)も株価-2.5%=sell-the-news(K-034)。TSMC Q2決算7/16=Channel2 need検証の当面最大catalyst登録。oil(Brent$85継続3日目・Hormuz封鎖7/14発効traffic halt)は7/13 Iran/oil→rates既登録の継続でありprice横ばい→dedupでskip。","{""latest_source_date"": ""2026-07-15 (CNBC oil prices today Hormuz blockade; Al Jazeera 7/14 oil 1-month high). market close data 2026-07-14."", ""categories_searched"": [""geopolitical"", ""fed"", ""semiconductor"", ""oil"", ""tariff"", ""market""], ""events_added"": 3, ""registered"": [""fed positive indirect: 6\u6708CPI disinflation 7/14 (Channel 3/5)"", ""market neutral background: JPM Q2 sell-the-news 7/14 (Channel 5)"", ""semiconductor neutral direct: TSMC Q2 earnings 7/16 (Channel 2 need)""], ""skipped"": [""oil/Brent $85 3rd session + Hormuz blockade 7/14 effective: 7/13 Iran\u518d\u30a8\u30b9\u30ab\u30ec\u30fc\u30b7\u30e7\u30f3+oil->rates\u65e2\u767b\u9332\u306e\u7d99\u7d9a\u3001price\u6a2a\u3070\u3044($85.84->$85.66)\u3067\u65b0shock\u306a\u3057=dedup"", ""Section 232 semi tariff: 1/15\u767a\u52b9\u30fb7/1 review\u65e2\u901a\u904e\u30677/14-15\u306e\u65b0\u5c55\u958b\u306a\u3057""], ""attribution_note"": ""7/14\u53cd\u767a\u306fIran\u7d99\u7d9a\u4e0b\u3067CPI\u4e3b\u5c0e=salience bias\u88dc\u6b63\u306e\u8ffd\u8a8d(K-052)\u3002\u534a\u5c0e\u4f53\u306e\u632f\u308c\u306e\u4e3b\u56e0\u306f\u5272\u5f15\u7387/Fed\u7d4c\u8def(Channel3/5)\u3067\u3042\u3063\u3066\u5730\u653f\u5b66risk-off(Channel6)\u3067\u306a\u3044\u3001\u3068\u3044\u3046\u5e30\u5c5e\u30921\u30c7\u30fc\u30bf\u70b9\u5f37\u5316""}",2026-07-15 19:47:20.204288
154,scan-market,2026-07-15 22:29:29.637198+09,"3 events added (増分スキャン, 前回19:47の2.5h後=米寄り直前). 新事実=(1)6月PPIも予想超で鈍化=CPIに続くdisinflation二重確認(Channel3/5,positive). (2)ASML年間ガイダンス上方修正+設備能力+30%=AI need硬さの直接シグナル(Channel2,positive,Micron/Lam+5%). (3)Iran実供給被害(Abadan製油所/タンカー2隻/封鎖発効/通航22vs147隻)だがBrent$85横ばい=織込み済みでChannel3未発火→neutral(Brent>$90で再燃リスク監視). 7/15市場テーマ=need硬さ+disinflationがIran供給被害を上書きしリスクオン継続. K-052帰属補正が効く局面.","{""latest_source_date"": ""2026-07-15 (Yahoo Finance live 7/15 premarket ASML; Schwab market open PPI; CNN 7/14 blockade live)"", ""categories_searched"": [""geopolitical"", ""fed"", ""semiconductor"", ""oil"", ""tariff"", ""market""], ""events_added"": 3, ""registered"": [""fed positive indirect: 6\u6708PPI disinflation\u4e8c\u91cd\u78ba\u8a8d 7/15 (Channel 3/5)"", ""semiconductor positive direct: ASML guidance\u4e0a\u65b9\u4fee\u6b63+capex30% 7/15 (Channel 2 need)"", ""geopolitical neutral indirect: Iran\u5b9f\u4f9b\u7d66\u88ab\u5bb3(Abadan/\u30bf\u30f3\u30ab\u30fc) 7/14-15 (Channel 3, \u6cb9\u6a2a\u3070\u3044\u3067\u672a\u767a\u706b)""], ""skipped"": [""TSMC 7/16\u6c7a\u7b97: \u524d\u56descan(19:47)\u3067\u65e2\u767b\u9332"", ""Section 232\u95a2\u7a0e: \u65b0\u5c55\u958b\u306a\u3057"", ""oil/Brent\u5358\u72ec: $85\u6a2a\u3070\u3044, \u65e2\u767b\u9332\u306eIran/oil->rates\u7d99\u7d9a""], ""note_prev_scan"": ""\u524d\u56de19:47\u30676\u6708CPI/JPM Q2/TSMC 7/16\u3092\u767b\u9332\u6e08\u307f. \u4eca\u56de\u306f\u305d\u306e\u5f8c\u306e\u7c73\u5bc4\u308a\u76f4\u524d\u7a93\u306e\u5897\u5206""}",2026-07-15 22:29:29.944179
155,scan-market,2026-07-21 16:44:25.419411+09,"11 events added (前回7/15 22:29以降=暴落期間の全体を初調査). 中核=7/15-17にSOXL-22.6%/SOXX-7.7%でSOX弱気相場入り(6/2ピーク比-20%,世界$3.3T消失). K-052の3点確認で帰属を確定: (1)VXN29.03 vs VIX18.77でテック固有 (2)売りは7/15開始でKimi K3(7/16)より先行=触媒は加速要因 (3)7/17は equal-weight S&P +1.0% の中で SMH-3.70% =広範risk-offでない. 決定的な反証データ: 暴落中に米10年金利は4.62->4.55%と**低下**しHYスプレッドも2.69->2.73で横ばい => Channel 3(油->金利)もChannel 6(risk-off)も**発火していない**. 主driver=Channel 1(AI compute需要の効率ショック)+Channel 5(混雑解消), 触媒=TSMC capex上方修正($52-56B->$60-64B)とKimi K3(2.8T open-weight). 地政学は同時進行(米兵3名戦死・クウェート石油施設被害)だが半導体売りの説明要因ではない. フロー面: SOXX月初来+$6.13B(記録)で-18.6%(2008年11月以来最悪)=押し目買い未降参. 今週のカタリスト=Alphabet/Tesla/IBM(7/23 05:00 JST), Intel(7/24 05:00 JST), FOMC(7/30 03:00 JST,利上げ確率25-46%).","{""latest_source_date"": ""2026-07-21 (Bloomberg/AP: 7/21 Asia close Kospi+4.7%/Nikkei+2.8%/Taiex+3.6%)"", ""categories_searched"": [""geopolitical"", ""fed"", ""semiconductor"", ""oil"", ""tariff"", ""market""], ""events_added"": 11, ""searches_run"": 19, ""attribution_check_K052"": {""vxn_vix"": ""VXN 29.03 vs VIX 18.77 (7/17), 比1.55; 7/16は27.34/16.73=1.63"", ""time_precedence"": ""SOXL -6.29% on 7/15 precedes Kimi K3 (7/16); de-rating started 7/6-8"", ""divergence_confound"": ""7/17 equal-weight S&P +1.0% while SMH -3.70% => semi-specific, not broad risk-off"", ""rates_channel_not_fired"": ""US10Y 4.62->4.55 during 7/13-17 crash; HY 2.69->2.73 flat""}, ""skipped"": [""SOX弱気相場入り(-20%)自体: 価格系列から再導出可能(ADR-034 Standard層Q3)"", ""CoreWeave債務$24.9B/5y無担保~10%: 候補チャネルだがwindow外(7/12)かつTier3ソースのみ、HYスプレッド横ばいで未発火"", ""Section 232 Phase2: 7/1報告期限以降の新展開が検索で確認できず(既登録と重複)"", ""TSMC ADR株価反応の詳細: 価格再導出可能""], ""channel_ledger_proposal"": ""Channel 1の境界注記に「効率シグナル」軸の追加を提案(Kimi K3・Google Frozen v2はcapex総量でなく必要compute量そのものを問う。現行注記はcapex拡大=positive/天井=negativeの2値のみ)"", ""db_fix"": ""add_eventのdedupがstatusを無視する挙動でURL訂正が新規行にならず、SenseiDB.set_event_source_url()を追加(TDD、tests/test_db.py)。併せてtest_db.pyのTestEvents二重定義(4テストが実行されずシャドウ)を修正""}",2026-07-21 16:44:25.742141
156,scan-market,2026-07-22 20:14:22.164843+09,4 events added (TSMC 2027値上げ / 韓国7月上中旬輸出 / Hormuz実供給被害とBrent$95 / TXN Q2決算予定),"{""latest_source_date"": ""2026-07-22T06:05:00-04:00"", ""categories_searched"": [""geopolitical"", ""fed"", ""semiconductor"", ""oil"", ""tariff"", ""market""], ""cross_section_test_K055"": {""SPY"": -0.21, ""IWM"": -0.27, ""QQQ"": -0.61, ""SOXX"": -1.99}, ""data_conflict"": ""BRENT parquet 2026-07-22=84.57 vs \u5b9f\u52e2$95.47(Fortune 06:05 ET) \u2014 \u8981\u8abf\u67fb""}",2026-07-22 20:14:22.452397
157,scan-market,2026-07-23 18:54:09.602655+09,"2 events added (TXN Q2 RESULT strong beat+raised guide / Alphabet Q2 capex$44B need-signal). Tesla/IBM scope外, Hormuz継続dup, Intel既存","{""latest_source_date"": ""2026-07-23T00:00:00-04:00"", ""categories_searched"": [""geopolitical"", ""fed"", ""semiconductor"", ""oil"", ""tariff"", ""market""], ""cross_section_test_K055"": {""SOXX"": 0.51, ""SPY"": -0.12, ""QQQ"": -0.51, ""IWM"": -0.93, ""note"": ""7/22 semis\u6700\u5f37\u30fbIWM\u6700\u5f31=\u534a\u5c0e\u4f53\u56fa\u6709\u58f2\u308a\u3067\u306a\u3044(\u6cb9\u9ad8\u2192\u5c0f\u578b\u682a/\u30ed\u30fc\u30c6\u5727)""}, ""vol"": {""VIX"": 17.62, ""VIX3M"": 20.54, ""VXN"": 26.66, ""VXN_VIX_spread"": 10.0, ""BRENT"": 93.02}, ""watch"": ""Commerce data-center chip Section232\u5831\u544a(~8\u6708)\u30fbIntel Q2\u4eca\u591c(7/24 05:00 JST)""}",2026-07-23 18:54:09.908002
158,scan-market,2026-07-28 19:56:18.640052+09,"6 events added (Intel Q2 beat but capex/foundry de-rating / NVDA-OpenAI $250B backstop / China domestic immersion DUV mass production / Iran strikes paused 13 nights + talks / 7-28 Asia semi rout Kospi -10.8% / FOMC hike odds 25%->34.3%). Skipped: Section232 data-center report (no news, ~Aug), Saudi drone intercept (K-024 dup), Brent -11.3% (parquet-derivable, ADR-034 exclusion 3)","{""latest_source_date"": ""2026-07-28T00:00:00-04:00"", ""categories_searched"": [""geopolitical"", ""fed"", ""semiconductor"", ""oil"", ""tariff"", ""market""], ""cross_section_test_K055"": {""2026-07-24"": {""SOXX"": -4.4, ""QQQ"": -1.12, ""SPY"": 0.1, ""IWM"": -0.31}, ""2026-07-27"": {""SOXX"": -2.05, ""QQQ"": -0.31, ""SPY"": 0.02, ""IWM"": 0.6}, ""note"": ""SPY/IWM positive while SOXX down hard = semiconductor-specific, not broad risk-off""}, ""vol"": {""VIX"": 18.94, ""VIX3M"": 20.54, ""VXN"": 28.39, ""VXN_VIX_spread"": 9.45, ""BRENT"": 86.02}, ""realtime"": {""SOXL_pre"": 114.31, ""vs_close"": -10.8, ""at"": ""2026-07-28T06:52-04:00"", ""is_thin"": true}, ""watch"": ""FOMC result 7/30 03:00 JST / MSFT+META 7/30 / AAPL+AMZN 7/31 / Section232 data-center report ~Aug""}",2026-07-28 19:56:18.942777
159,scan-market,2026-07-29 17:12:38.226965+09,"4 events added (Iran 4 ballistic missiles at Jordan US base all intercepted 7/28 17:45 ET ending the pause / NXP Q2 beat + Q3 guide above consensus / AI buildout debt costs rising NVDA-SpaceX bonds flopped in secondary / MSFT+Meta earnings 7/29 after close as scheduled AI-capex catalyst). Skipped: Brent +4pct move (parquet-derivable, ADR-034 exclusion 3, folded into Iran event) / SOXX -23pct MTD and all SOX constituents below 50DMA (price-derivable) / Section 232 data-center report (no news in window, still ~Aug) / Qualcomm-Microsoft AI chip deal (Tier 3 sources only; Tier 1-2 shows the Meta deal was 2026-06-24, recycled) / FOMC 7/30 03:00 JST (already registered) / sell-side price targets (no dated shock)","{""latest_source_date"": ""2026-07-29T05:10:36+00:00"", ""categories_searched"": [""geopolitical"", ""fed"", ""semiconductor"", ""oil"", ""tariff"", ""market""], ""cross_section_test_K055"": {""2026-07-24"": {""SOXX"": -4.4, ""QQQ"": -1.12, ""SPY"": 0.1, ""IWM"": -0.31, ""SOXL"": -13.14}, ""2026-07-27"": {""SOXX"": -2.05, ""QQQ"": -0.31, ""SPY"": 0.02, ""IWM"": 0.6, ""SOXL"": -6.33}, ""2026-07-28"": {""SOXX"": -4.8, ""QQQ"": -0.97, ""SPY"": 0.24, ""IWM"": 0.16, ""SOXL"": -14.52}, ""2026-07-29-pre-0402ET"": {""SOXX"": -1.6, ""QQQ"": -0.02, ""SPY"": 0.2, ""IWM"": 0.18, ""SOXL"": -3.8}, ""note"": ""monotone SPY>IWM>QQQ>SOXX for 3 consecutive sessions plus pre-market = semiconductor-specific, not broad risk-off""}, ""vol"": {""VIX"": 18.21, ""VIX3M"": 19.86, ""VXN"": 28.65, ""VXN_VIX_spread_0727"": 9.98, ""BRENT"": 86.88}, ""data_quality_flags"": {""VIX_0729_row"": ""carry-forward duplicate of 7/28 (bit-identical) written pre-open; not a real print"", ""VIX3M_gap"": ""2026-07-20..07-27 missing (8 sessions); metadata end_date already 7/28 so differential fetch will never backfill"", ""search_date_shift"": ""a Yahoo article titled July 28 actually described the 7/27 session (SPY +0.02pct, VIX 18.67); caught by parquet cross-check"", ""search_forward_dated"": ""a search summary asserted the FOMC held rates at the 7/29 meeting and cited a July dot plot; decision not yet released at scan time and July is not an SEP meeting - not registered""}, ""watch"": ""FOMC 7/30 03:00 JST / MSFT+META 7/30 05:05 JST / AAPL+AMZN 7/31 / Section232 data-center report ~Aug""}",2026-07-29 17:12:38.559674
160,scan-market,2026-07-30 21:06:33.422037+09,"5 events added (FOMC 7/29 RESULT: hold 3.50-3.75% but 9-3 vote with Hammack/Kashkari/Logan dissenting FOR A HIKE, statement shortened under Warsh / Microsoft FY26Q4 RESULT: rev $90B +18% beat, Azure +43% cc vs 40.26% cons, capex unchanged / Meta Q2 RESULT: rev $60.8B +28% but net income -14%, FCF shrinking, capex floor raised to $130-145B / US resumed strikes on Iran 7/29 20:00 ET heavy wave incl Bandar Abbas and Kish, ending the 13-night pause / June PCE + Q2 GDP advance both 7/30 08:30 ET). Skipped: Saudi Eastern Region oil facility drone attacks 2nd consecutive day (only 1 Tier1-2 source, verification rule requires 2) / Iran rejecting Oman 50-50 Hormuz control proposal (date could not be pinned to the scan window) / Brent +7-8pct on 7/29 (parquet-derivable, ADR-034 exclusion 3, folded into the US-strikes event) / Section 232 data-center report (no dated news in window, still pending) / sell-side price targets and mid-cycle-reset framing (no dated shock)","{""latest_source_date"": ""2026-07-30T08:22:55+00:00"", ""categories_searched"": [""geopolitical"", ""fed"", ""semiconductor"", ""oil"", ""tariff"", ""market""], ""cross_section_test_K055"": {""2026-07-27"": {""SOXX"": -2.05, ""QQQ"": -0.31, ""SPY"": 0.02, ""IWM"": 0.6, ""SOXL"": -6.33}, ""2026-07-28"": {""SOXX"": -4.8, ""QQQ"": -0.97, ""SPY"": 0.24, ""IWM"": 0.16, ""SOXL"": -14.52}, ""2026-07-29"": {""SOXX"": -5.38, ""QQQ"": -2.04, ""SPY"": -1.54, ""IWM"": -1.64, ""SOXL"": -16.02}, ""note"": ""7/27-28 は SPY/IWM がプラスで半導体固有(K-058適用可)だったが、7/29 は4指数すべてマイナスに転じた。序列は SPY>IWM>QQQ>SOXX で半導体が最弱という単調性は維持しているため、半導体固有ストレスの継続に広範 risk-off が上乗せされた二重構造と読む。単一チャネルへ帰属しない(K-052 salience bias 補正)。""}, ""vol"": {""VIX_0728"": 18.21, ""VIX_0729"": 20.66, ""VIX3M_0729"": 21.5, ""VIX_VIX3M_0729"": 0.961, ""VXN_0728"": 28.61, ""VXN_VIX_spread_0728"": 10.4, ""BRENT_0728"": 84.09, ""BRENT_0729"": 90.74}, ""attribution_3point_check"": {""VXN_VIX_divergence"": ""VXN 7/29 が FRED 未着のため 7/29 断面での確認は不能。7/28 時点 10.40 で拡大方向。"", ""temporal_precedence"": ""半導体売りは 7/6-8 に開始しており Iran 再エスカレーション(7/28-29)に先行する。よって地政学は半導体固有部分の driver ではない。7/29 に新たに乗った 広範 risk-off 部分については FOMC hawkish dissent が時間的に整合(14:00 ET)。"", ""divergence_confounding"": ""7/29 は原油 +7-8% でエネルギー株が指数構成に効くため、Dow-Nasdaq 乖離を AI 固有売りの証拠に使わない。""}, ""timeline_0729"": [""7/28 17:45 ET Iran 弾道ミサイル4発 -> 在ヨルダン米軍基地(全弾迎撃、登録済)"", ""7/29 日中 Trump が報復を表明 -> Brent +6.9%"", ""7/29 14:00 ET FOMC 据置だが 9-3 で3名が利上げ主張の反対票"", ""7/29 16:05 ET Microsoft beat / Meta 減益"", ""7/29 20:00 ET 米軍が Iran 空爆再開(heavy wave)"", ""7/30 08:30 ET 6月PCE + Q2 GDP速報(未発表)""], ""watch"": ""7/30 21:30 JST PCE+GDP / 7/31 AAPL+AMZN 決算 / Bandar Abbas 周辺の石油供給設備被害の有無 / VXN 7/29 値の FRED 着弾 / Section232 データセンター報告 ~Aug"", ""data_quality_flags"": {""VXN_gap"": ""VXN の 7/29 が FRED 未着。VXN-VIX スプレッドの最新確認日は 7/28。"", ""VIX_0730_partial"": ""VIX 7/30 値 19.35 はプレ時間帯の途中値で確定値ではない。"", ""saudi_drone_single_source"": ""Saudi 東部州の石油施設へのドローン攻撃(2日連続)は Bloomberg 経由の1ソースのみ。定性イベントの2ソース要件を満たさず未登録。次回スキャンで再確認する。""}}",2026-07-30 21:06:33.758017
161,scan-market,2026-07-31 21:59:40.787897+09,"6 events added (Lam Research FY26Q4 RESULT: record rev $6.72B / non-GAAP EPS $1.82 / GM 52.0%, CY2026 WFE outlook raised $140B -> low-$150B, NAND rev doubled QoQ [BACKFILL: occurred 7/30 05:00 JST, inside the previous scan window but missed] / June PCE + Q2 GDP RESULT: core PCE 3.3% YoY in line, headline 3.7%, Q2 GDP +1.5% vs cons +1.8%, miss from federal spending and inventories, real PCE +0.4% / Amazon Q2 RESULT: rev $200.6B, AWS +37% $42.2B vs cons +31% fastest since 2021, backlog $496B, FY26 capex guide raised $200B -> $220B citing memory chip prices, Q2 capex $54.2B vs $32.1B YoY / Apple FY26Q3 RESULT: rev $109.4B +16%, EPS $2.02 +29%, GM 50.1% incl ~2pp from tariff refunds / US-Iran mutual missile barrages 7/30 ET with spread to Kuwait (1 killed) and Jordan (2nd consecutive interception), Iran MFA says no talks underway / Aramco Abqaiq drone attack 7/27 [DEFERRED ITEM from previous scan, now 2 Tier-2 sources]). Skipped: Strait of Hormuz flow recovery to 30-35% of pre-war levels per Commonwealth Bank of Australia (CNBC and CNBC Africa are the same organisation, tippinsights/FXStreet/pluang are Tier 3 -> fails the two-independent-Tier-1-2-source rule; re-check next scan) / 7/30 US index and sector moves incl Dow +1.2% 52,208.06, S&P +1.7% 7,437.64, Nasdaq +2.8% 25,122.18, IT sector +4% (parquet-derivable for the tracked symbols, ADR-034 exclusion 3; the registrable content is the earnings drivers, already captured) / Section 232 data-center report and Phase 2 expansion (no dated news inside the scan window, still pending) / analyst price-target changes on TSM and ON Semi (no dated shock, counter-direction query run per K-056 and returned no registrable event) / Brent level itself (parquet 7/31 = 90.22 confirms the CNBC $90.25 quote; a second CNBC-family article citing $88.16 conflicts, so no price-direction claim was registered)","{""latest_source_date"": ""2026-07-31T00:00:00+00:00"", ""categories_searched"": [""geopolitical"", ""fed"", ""semiconductor"", ""oil"", ""tariff"", ""market""], ""backfill_note"": ""Lam Research FY26Q4 (7/30 05:00 JST) fell inside the 7/30 21:06 JST scan window but was not registered then. Registered now. Root cause: the previous scan searched Microsoft/Meta earnings specifically and did not run a generic semiconductor-equipment earnings query."", ""cross_section_test_K055"": {""2026-07-28"": {""SOXX"": -4.8, ""QQQ"": -0.97, ""SPY"": 0.24, ""IWM"": 0.16, ""SOXL"": -14.52}, ""2026-07-29"": {""SOXX"": -5.38, ""QQQ"": -2.04, ""SPY"": -1.54, ""IWM"": -1.64, ""SOXL"": -16.02}, ""2026-07-30"": {""SOXX"": 8.5, ""QQQ"": 3.3, ""SPY"": 1.68, ""IWM"": 1.39, ""SOXL"": 24.71}, ""note"": ""7/30 \u306f 7/28-29 \u306e\u9806\u5e8f\u3092\u7b26\u53f7\u53cd\u8ee2\u3055\u305b\u305f\u93e1\u50cf\u3002SOXX > QQQ > SPY > IWM \u306e\u5358\u8abf\u6027\u304c\u4e0a\u65b9\u5411\u3067\u7dad\u6301\u3055\u308c\u3066\u304a\u308a\u3001\u534a\u5c0e\u4f53\u56fa\u6709\u306e\u4e0a\u65b9\u30b7\u30e7\u30c3\u30af\u3002K-058 \u306e\u9006\u5411\u304d\u9069\u7528(\u30bb\u30af\u30bf\u30fc\u6025\u9a30\u65e5\u306b VIX \u304c\u4f4e\u4e0b\u306a\u3089\u30bb\u30af\u30bf\u30fc\u56fa\u6709)\u306f K-058 \u672c\u4f53\u304c\u300c\u9006\u306f\u4e0d\u6210\u7acb\u300d\u3068\u660e\u8a18\u3057\u3066\u3044\u308b\u305f\u3081\u3001K-058 \u3092\u6839\u62e0\u306b\u306f\u4f7f\u308f\u306a\u3044\u3002\u3053\u3053\u3067\u306e\u5224\u5b9a\u6839\u62e0\u306f K-055 \u306e\u65ad\u9762\u9806\u5e8f\u306e\u307f\u3002\u3053\u306e\u65ad\u9762\u306f channel \u5e30\u5c5e\u306b\u7528\u3044\u3001impact \u5224\u5b9a\u306b\u306f\u7528\u3044\u3066\u3044\u306a\u3044(K-056)\u3002""}, ""vol"": {""VIX_0728"": 18.21, ""VIX_0729"": 20.66, ""VIX_0730"": 17.09, ""VIX_0731"": 17.12, ""VIX3M_0729"": 21.5, ""VIX3M_0730"": 19.5, ""VIX_VIX3M_0730"": 0.876, ""VXN_0727"": 28.65, ""VXN_0728"": 28.61, ""VXN_0729"": 30.84, ""VXN_VIX_spread_0729"": 10.18, ""BRENT_0729"": 90.74, ""BRENT_0730"": 89.03, ""BRENT_0731"": 90.22, ""HY_SPREAD_0729"": 2.87, ""US10Y_0729"": 4.67}, ""attribution_3point_check"": {""VXN_VIX_divergence"": ""VXN 7/29 \u304c FRED \u306b\u7740\u5f3e\u3057 30.84\u3002VIX 20.66 \u3068\u306e\u5dee\u306f 10.18 \u3067\u30012021\u5e74\u4ee5\u964d98\u30d1\u30fc\u30bb\u30f3\u30bf\u30a4\u30eb\u6c34\u6e96(\u4e2d\u592e\u50244.21)\u304c1\u304b\u6708\u8d85\u7d99\u7d9a\u3002VIX \u306f 7/30 \u306b 17.09 \u3078\u4f4e\u4e0b\u3057\u305f\u4e00\u65b9 VXN \u306e 7/30 \u5024\u306f FRED \u672a\u7740\u306e\u305f\u3081\u3001\u30b9\u30d7\u30ec\u30c3\u30c9\u306e\u6700\u65b0\u78ba\u8a8d\u65e5\u306f 7/29\u3002\u30c6\u30c3\u30af/AI \u56fa\u6709\u306e\u30dc\u30e9\u30c6\u30a3\u30ea\u30c6\u30a3\u30fb\u30d7\u30ec\u30df\u30a2\u30e0\u304c\u6b8b\u5b58\u3057\u3066\u3044\u308b\u72b6\u614b\u3067\u4eca\u56de\u306e\u4e0a\u65b9\u30b7\u30e7\u30c3\u30af\u304c\u8d77\u304d\u305f\u70b9\u304c\u7279\u5fb4\u3002"", ""temporal_precedence"": ""\u4eca\u56de\u306e\u4e0a\u65b9\u30b7\u30e7\u30c3\u30af(7/30)\u306f Microsoft(7/29\u5f15\u3051\u5f8c)\u30fbLam Research(7/29\u5f15\u3051\u5f8c)\u30fbAmazon(7/30\u5f15\u3051\u5f8c)\u306e\u6c7a\u7b97\u306b\u6642\u9593\u7684\u306b\u5f8c\u7d9a\u3057\u3066\u304a\u308a\u3001\u6c7a\u7b97\u304c\u5148\u884c\u4e8b\u8c61\u3002\u5730\u653f\u5b66(7/30\u306e\u7c73Iran\u76f8\u4e92\u653b\u6483)\u306f\u540c\u65e5\u3060\u304c\u3001SPY/IWM \u304c\u540c\u6642\u306b\u4e0a\u6607\u3057\u3066\u3044\u308b\u305f\u3081 risk-off \u65b9\u5411\u306e\u5165\u529b\u3068\u3057\u3066\u306f\u767a\u706b\u3057\u3066\u3044\u306a\u3044\u3002"", ""divergence_confounding"": ""7/30 \u306f Brent \u304c 90.74 -> 89.03 \u3068\u4f4e\u4e0b\u3057\u3066\u304a\u308a\u3001\u30a8\u30cd\u30eb\u30ae\u30fc\u682a\u304c\u6307\u6570\u3092\u62bc\u3057\u4e0a\u3052\u308b\u4ea4\u7d61\u306f\u4eca\u56de\u306f\u9006\u5411\u304d\u3002\u3088\u3063\u3066 SOXX \u306e\u6307\u6570\u8d85\u904e\u3092\u300c\u30a8\u30cd\u30eb\u30ae\u30fc\u7531\u6765\u306e\u30a2\u30fc\u30c6\u30a3\u30d5\u30a1\u30af\u30c8\u300d\u3068\u8aad\u3080\u4f59\u5730\u306f\u306a\u3044\u3002""}, ""thesis_falsification_note"": ""7\u6708\u306e\u4e0b\u3052\u306e\u4e3b\u56e0\u3068\u3057\u3066 events/trades \u306b\u8a18\u9332\u3057\u3066\u304d\u305f\u300c(a) AI capex \u306e ROI \u61d0\u7591\u300d\u306b\u5bfe\u3057\u3001\u9700\u8981\u5074(Microsoft Azure +43%\u3001Amazon capex $200B->$220B\u3001AWS backlog $496B)\u3068\u88c5\u7f6e\u5074(Lam \u306e CY2026 WFE $140B->\u4f4e\u4f4d$150B\u53f0)\u306e\u53cc\u65b9\u304b\u3089\u4e0a\u65b9\u4fee\u6b63\u304c\u51fa\u305f\u3002K-054 \u306e\u67a0\u7d44\u307f\u3067\u306f need(\u6570\u91cf)\u306e\u786c\u3055\u304c\u8907\u6570\u306e\u72ec\u7acb\u3057\u305f\u60c5\u5831\u6e90\u3067\u66f4\u65b0\u3055\u308c\u305f\u72b6\u614b\u3002return(\u53ce\u76ca\u6027)\u306b\u3064\u3044\u3066\u306f Lam \u306e\u7c97\u5229\u738752.0%/\u55b6\u696d\u5229\u76ca\u738738.4%\u304c\u4f34\u3046\u4e00\u65b9\u3001Meta \u304c 7/29 \u306b\u58f2\u4e0a+28%\u3067\u3082\u7d14\u5229\u76ca-14%\u3068\u793a\u3057\u3066\u304a\u308a\u3001\u30ec\u30a4\u30e4\u30fc\u3054\u3068\u306b\u7b26\u53f7\u304c\u7570\u306a\u308b\u70b9\u306f\u672a\u89e3\u6c7a\u3002"", ""watch"": [""7/31 23:00 JST(10:00 ET) \u30df\u30b7\u30ac\u30f3\u5927\u6d88\u8cbb\u8005\u4fe1\u983c\u611f \u78ba\u5831"", ""VXN \u306e 7/30-31 \u5024\u304c FRED \u306b\u7740\u5f3e\u3057\u305f\u5f8c\u306e VXN-VIX \u30b9\u30d7\u30ec\u30c3\u30c9\u518d\u8a08\u7b97"", ""Section 232 \u30c7\u30fc\u30bf\u30bb\u30f3\u30bf\u30fc\u5831\u544a\u304a\u3088\u3073 Phase 2(\u30e1\u30e2\u30ea\u30fb\u88fd\u9020\u88c5\u7f6e\u30fb\u30b5\u30fc\u30d0\u3078\u306e\u5bfe\u8c61\u62e1\u5927\u6848)"", ""Hormuz \u901a\u822a\u91cf\u56de\u5fa9\u306e\u7b2c2\u30bd\u30fc\u30b9(\u73fe\u72b6 Commonwealth Bank of Australia \u306e\u63a8\u8a08\u3092 CNBC \u7cfb\u306e\u307f\u304c\u5831\u9053)"", ""Aramco/\u30b5\u30a6\u30b8\u653f\u5e9c\u306b\u3088\u308b Abqaiq \u306e\u751f\u7523\u5f71\u97ff\u306e\u516c\u5f0f\u78ba\u8a8d\u306e\u6709\u7121"", ""8\u6708\u524d\u534a\u306e Micron / SK Hynix / Samsung \u306e\u30e1\u30e2\u30ea\u4fa1\u683c\u30fb\u51fa\u8377\u30c7\u30fc\u30bf(Amazon \u306e capex \u5f15\u4e0a\u3052\u7406\u7531\u306e\u88cf\u53d6\u308a)""], ""data_quality_flags"": {""VXN_lag"": ""VXN \u306f FRED \u7d4c\u7531\u30671\u55b6\u696d\u65e5\u9045\u308c\u30027/30-31 \u5024\u306f\u672a\u7740\u3002"", ""Q2_GDP_consensus_conflict"": ""Q2 GDP \u306e\u5e02\u5834\u4e88\u60f3\u304c CNBC \u7cfb +1.8% \u3068 InvestingLive +2.1% \u3067\u98df\u3044\u9055\u3046\u3002\u65b9\u5411(\u4e88\u60f3\u5272\u308c)\u306e\u307f\u63a1\u7528\u3057\u4e56\u96e2\u5e45\u306f\u672a\u78ba\u5b9a\u3068\u3057\u305f\u3002"", ""Brent_quote_conflict"": ""\u540c\u65e5\u306e CNBC \u7cfb\u8a18\u4e8b\u9593\u3067 Brent \u304c $90.25(+1.37%)\u3068 $88.16(-0.98%)\u306b\u98df\u3044\u9055\u3046\u3002parquet 7/31 = 90.22 \u3092\u63a1\u7528\u3057\u3001\u4fa1\u683c\u65b9\u5411\u306e\u4e3b\u5f35\u306f\u767b\u9332\u3057\u306a\u304b\u3063\u305f\u3002"", ""abqaiq_damage_unverified"": ""Abqaiq \u306e\u640d\u50b7\u898f\u6a21(6\u30e6\u30cb\u30c3\u30c8\u4e2d4\u88ab\u5f3e\u3001Sentinel-2 \u3067\u751a\u5927)\u306f Tier3 \u306e\u307f\u3002Tier1-2 \u3067\u306f\u653b\u6483\u306e\u4e8b\u5b9f\u3068\u5e30\u5c5e\u307e\u3067\u3057\u304b\u78ba\u8a8d\u3067\u304d\u306a\u3044\u3002"", ""timestamp_precision"": ""Abqaiq(7/27)\u3068 \u7c73Iran\u76f8\u4e92\u653b\u6483(7/30 ET\u65e5\u4e2d)\u306f\u65e5\u5358\u4f4d\u306e\u60c5\u5831\u3057\u304b\u5f97\u3089\u308c\u305a\u3001\u66ab\u5b9a\u30a2\u30f3\u30ab\u30fc\u6642\u523b\u3092 summary \u306b\u660e\u8a18\u3057\u305f\u3002""}}",2026-07-31 21:59:41.170946
162,entry-analysis,2026-08-01 22:02:55.652788+09,"SOXL long, same-day-only (no weekend hold) IFD-OCO — NO TRADE TAKEN, no trade recorded. Core finding: an IFD-OCO cannot guarantee a same-day flat because OCO legs are price-triggered, not time-triggered. Backtest over 286 sessions of 5-min bars showed carry rate rising monotonically with TP width (dip-4%: TP+2% -> 9.5% carry, +5% -> 28.6%, +8% -> 61.9%, +10% -> 76.2% on the 48 gap-up-day subset). TP+10% same-day hit rate was 0.0% (0/21, 0/27) on gap-up days and 6.7% (7/104) over all days, versus 20.8% of days where the intraday low did bounce >=10% — that gap is the cost of not knowing the low in advance. All TP>=5% configs had negative net EV over the full sample after the 0.776% round-trip cost measured from Saxo. Outcome on the day: SOXL opened $129.90, high $133.88 printed in the 09:30 opening bar, low $112.42 at 10:10, closed $114.72 = exactly flat vs the 7/30 close despite pre-market being +12.21%. Ex-post check of the three configs offered gave -6.78% to +2.22% with no systematic pattern; TP+10% hit SL at every dip level. Knowledge K-060/K-061/K-062 recorded.","{""symbol"": ""SOXL"", ""direction"": ""long"", ""trade_id"": null, ""decision"": ""no_entry"", ""constraint"": ""same-day close required (Friday, no weekend hold)"", ""regime"": ""risk_on"", ""regime_score"": 0.64, ""flow"": ""bullish"", ""flow_score"": 0.7, ""pre_market"": {""price"": 128.72, ""delta_pct"": 12.21, ""is_thin"": true, ""confirm_tiingo"": 127.89}, ""actual_day"": {""open"": 129.9, ""high"": 133.88, ""low"": 112.42, ""close"": 114.72, ""high_time_et"": ""09:30"", ""low_time_et"": ""10:10"", ""range_pct"": 18.7, ""vs_prior_close_pct"": 0.0}, ""break_even_pct"": 0.776, ""equity_jpy"": 593528, ""knowledge_recorded"": [""K-060"", ""K-061"", ""K-062""], ""caveat"": ""Configs A and C hit TP inside the same 5-min bar as the fill, so those two ex-post wins are undecidable (K-062).""}",2026-08-01 22:02:55.975584
163,scan-market,2026-08-03 17:49:48.000277+09,5 events added: Trump が対Iran攻撃を中止し戦争終結のoutlines合意を発表 (8/2、Hormuz全面開放を含む、Iran側は否定・8/3に交渉再開) / KOSPI 7/31 に史上最大の +17.91% (Samsung・SK Hynix 約+30%、外国人7.25兆ウォン買い越し) [BACKFILL] / KOSPI 8/3 に -4.88〜5.13% と急反落 (Samsung・SK Hynix -8〜9%、AIバリュエーション懸念・レバレッジ手仕舞い・ウォン高・中国競争) / CXMT が上海STAR上場初日 +466%・調達$8.6Bで中国半導体IPO最大、時価総額$488Bで中国本土首位 [BACKFILL 7/27] / AMD Q2決算 8/5 05:05 JST 予定 (コンセンサス EPS $1.61 / 売上 $11.3B),"{""latest_source_date"": ""2026-08-03T15:30:00+09:00"", ""categories_searched"": [""geopolitical"", ""fed"", ""semiconductor"", ""oil"", ""tariff"", ""market""], ""cross_section_test_K055"": {""2026-07-31"": {""SOXX"": 0.07, ""QQQ"": 0.65, ""SPY"": 0.72, ""IWM"": -0.48, ""SOXL"": 0.0}, ""ordering"": ""SPY > QQQ > SOXX > IWM"", ""note"": ""7/31 は SOXX が SPY/QQQ を下回り、半導体が広範市場をアンダーパフォームした。KOSPI が同日に史上最大の +17.91%、Samsung/SK Hynix が +30% を記録した当日である点が重要。さらに SOXX は日中高値 532.67 (前日終値比 +5.6%) から 504.89 (+0.07%) へ日中で全戻し、SOXL は高値 133.88 から終値 114.72。アジアの記録的上昇を受けた米国のギャップアップが終日売られて消えた形で、K-034 (Asia semi rally を US の positive signal に使うのは day1 では誤り) の明確な事例にあたる。この断面は channel 帰属にのみ用い、impact 判定には用いていない (K-056)。""}, ""vol"": {""VIX_0731"": 15.99, ""VIX_0803_intraday_0439ET"": 16.2, ""VIX3M_0731"": 19.02, ""VXN_0730"": 27.55, ""VIX_0730"": 17.09, ""VXN_VIX_spread_0730"": 10.46, ""BRENT_0731"": 90.12, ""BRENT_0803_intraday_0439ET"": 84.0, ""HY_SPREAD_0730"": 2.84, ""US10Y_0730"": 4.68, ""YIELD_CURVE_0731"": 0.47}, ""attribution_3point_check"": {""VXN_VIX_divergence"": ""VXN の最新確定は 7/30 の 27.55 で VIX 17.09 との差は 10.46。中央値 4.21 に対し 98%ile 圏が1か月超継続。テック/AI 固有のボラティリティ・プレミアムが残存した状態が続いており、8/3 の Samsung/SK Hynix -8〜9% を広範 risk-off (Channel 6) に帰属する根拠はない。"", ""temporal_precedence"": ""8/3 の韓国半導体売りは Iran 緩和報 (8/2) の後だが方向が逆で、地政学は driver でない。先行事象は7月の KOSPI 下落 (2008年以来最悪の月) であり、7/31 の +17.9% はその中の short covering の戻り。"", ""divergence_confounding"": ""8/3 は米株先物が上昇 (S&P +0.63%) する一方で韓国半導体のみ大幅安。CSI300 -0.57%・ハンセン +0.55% とアジア全面安ではないため、「アジア時間の広範 risk-off」というアーティファクト解釈は成立しない。""}, ""data_quality_flags"": {""BRENT_contract_roll"": ""parquet の BRENT (yfinance BZ=F 継続足) は 7/31 = 90.12 → 8/3 = 84.00 で -6.79% と出るが、報道された実際の Brent の下落は October 限月で -4.88%〜-5.24% ($83.32〜$83.64)。差は7月末の限月ロール (September → October) によるレベルシフトの可能性が高い。regime の OIL 指標に -6.79% をそのまま入れると下落幅を過大評価する。"", ""macro_intraday_stamp"": ""update_data.py を 8/3 17:39 JST (=04:39 ET) に実行したため、VIX と BRENT にのみ 8/3 行が入ったがいずれも取引時間中の生値で確定終値ではない。VIX3M には 8/3 行がない。update-regime は系列ごとに iloc[-1] を取るため、このまま実行するとVIX=8/3・VIX3M=7/31・USD_INDEX=7/24 と日付の異なる値が同一スナップショットに混ざる。"", ""VXN_lag"": ""VXN は FRED 経由で1営業日遅れ。7/31・8/3 の値は未着弾。"", ""KOSPI_pct_conflict"": ""8/3 の KOSPI 下落率がソース間で -4.88%・-5.13%・-5.5% と食い違う。Seoul Economic Daily の「6,200 割れ」と Benzinga の「6,273」も整合しないため、summary には幅で記載し単一値を断定しなかった。"", ""trump_post_timestamp"": ""Trump の Truth Social 投稿は「土曜夕方」としか報じられておらず分精度が取れないため、8/2 10:00 JST を暫定アンカーとして summary に明記した。""}, ""skipped"": [""Brent/WTI の下落そのもの (Iran 緩和イベントの伝播であり、oil 単独ではチャネル台帳に当たらない。イベント1の impact_reasoning に含めた)"", ""7/31 の米国指数終値 (Nasdaq 25,373.85 +1.0%、S&P 7,489.72 +0.7%、Dow 52,485.03 +0.53%) — parquet から再導出可能 (ADR-034 除外3)"", ""Section 232 半導体関税 — 8月の新規報道なし。1/15 の Proclamation 11002 (先端半導体25%) が最新で既知。データセンター報告・Phase 2 拡大は引き続き未発表"", ""8/7 21:30 JST の7月雇用統計 — 予定カタリストだがコンセンサス値が取れず、内容のない行になるため未登録。次回スキャンで予想値付きで登録する"", ""Hormuz 通航量回復の第2ソース — 前回スキャンからの持ち越し。今回も Tier1-2 の独立2ソースが揃わず""], ""watch"": [""8/3 22:30 JST 米寄付: 韓国半導体の -8〜9% が SOX に波及するか、それとも Iran 緩和による指数 risk-on が上回るか (Channel 5 と Channel 6 の綱引き)"", ""8/3 午後 (ET) 再開予定の米Iran交渉の結果。決裂なら原油急反発と K-009 パターンの再確認"", ""8/5 05:05 JST AMD Q2 決算 (コンセンサス EPS $1.61 / 売上 $11.3B)"", ""8/7 21:30 JST 7月雇用統計"", ""8/12 21:30 JST 7月 CPI"", ""VXN の 7/31・8/3 値が FRED に着弾した後の VXN-VIX スプレッド再計算"", ""CXMT の HBM 生産進捗と、既存メモリ3社の価格・受注への影響"", ""Q3 2026 のメモリ契約価格 (DRAM +13〜18% QoQ、NAND +10〜15% QoQ の減速予想が実現するか)""]}",2026-08-03 17:49:48.507611
164,scan-market,2026-08-03 17:55:14.294009+09,"[CORRECTION] 直前実行の訂正: 登録は 5件でなく実質 4件。CXMT 上海STAR上場 (7/27) が既存 id=353 との重複だったため、今回登録した id=368 を dismissed にした (ADR-034 Standard層サブ質問4 の未充足)。有効な登録は Trump 対Iran攻撃中止・戦争終結outlines合意 (8/2, neutral) / KOSPI 7/31 史上最大の +17.91% [BACKFILL] (neutral) / KOSPI 8/3 -4.88〜5.13% と Samsung・SK Hynix -8〜9% (negative) / AMD Q2決算 8/5 05:05 JST 予定 (neutral) の4件。","{""correction_of"": ""直前の scan-market 実行記録 (2026-08-03 18:02 JST 前後) の訂正エントリ"", ""net_events_added"": 4, ""dismissed_event_id"": 368, ""dedup_failure"": ""CXMT 上海STAR上場 (7/27 16:00 JST) を BACKFILL として新規登録したが、同一 timestamp・同一 category で id=353 が既に登録済みだった (前回以前のスキャンで登録、出典 SCMP)。ADR-034 Standard層のサブ質問4「既存イベントと重複しないか」を満たしていない。id=368 を status=dismissed にして解消した (物理削除しない、ADR-018/030)。"", ""dedup_failure_root_cause"": ""SKILL.md 手順1 は get_active_events() を呼ぶが、報告例が先頭10件の表示に留まるため、実行時に 363 件中の直近12件しか目視しなかった。7/27 のイベントはその窓の外にあった。add_event の dedup は (event_timestamp, category, summary) の完全一致のみで、summary に [BACKFILL: ...] の接頭辞を付けたため一致せず新規行になった。再発防止: BACKFILL や過去日付のイベントを登録する前に、固有名詞キーワード (企業名・指数名) で events を ILIKE 検索してから登録する。summary の接頭辞は既存行との完全一致 dedup を無効化するため、過去日付の登録では特に接頭辞に依存しない重複確認が要る。"", ""kept_event_id"": 353, ""facts_lost_by_dismissal"": ""id=368 のみが持っていた事実: (1) CXMT は2026年末から HBM 生産を目標、(2) 米国主導の輸出規制で EUV を利用できず同量生産に競合比で約30%多いウェハを要する、(3) 調達額が2020年 SMIC 上場 (532.3億元) を上回る。id=353 には含まれていない。次回 /review-events または独立した事実として再登録を検討する。"", ""self_audit_gaps"": [""K-056「同一対象に中立枠と逆方向枠を各1本」— 半導体売りに対する明示的な逆方向クエリ (price targets / upgrade / buy 側) を投げていない。中立枠 (outlook / what happened / memory contract price) のみで代替した。結果として Q3 メモリ契約価格の上昇継続 (DRAM +13〜18% QoQ) という反対証拠は拾えたが、手続きとしては未充足。"", ""AMD 決算イベント (id は 8/5 05:05 の行) の出典が MarketBeat と Wall Street Horizon で、いずれも Tier 1-2 のホワイトリスト外のデータアグリゲータ。AMD IR (Tier 1) で未確認。発表時刻とコンセンサス値は暫定扱い。"", ""K-056「impact_reasoning に realized price を書かない」— 8/3 KOSPI イベントの impact_reasoning に米株先物 +0.63%・CSI300 -0.57%・ハンセン +0.55% を記載した。これらは事後の値でなくイベントと同時刻の断面 (帰属判定の入力) だが、前回スキャンの慣行では断面値は metadata に置き impact_reasoning には書いていない。次回は metadata に寄せる。"", ""報告フォーマットが要求する末尾の Sources リンク一覧を会話の報告に付けなかった。""]}",2026-08-03 17:55:14.677506
165,scan-market,2026-08-03 18:09:51.853187+09,0 events added (前回実行から13分の窓、新規イベントなし)。本実行は前回の手続き未充足4点を閉じるためのもの: (1) K-056 の逆方向クエリを実施 (Micron トップピック指名・Lumentum 格上げ・SIA 5月売上$120.6B、いずれも窓内の日付が取れず未登録) / (2) AMD 決算日を AMD IR (Tier 1) で確認し id=369 の source_url を差し替え (8/4 引け後、電話会議 17:00 ET) / (3) 固有名詞での全件 ILIKE dedup チェックを実施し id=365/366/367/369 に重複なしを確認 / (4) 報告に Sources リンク一覧を掲載。,"{""latest_source_date"": ""2026-08-03T15:30:00+09:00"", ""categories_searched"": [""geopolitical"", ""fed"", ""semiconductor"", ""oil"", ""tariff"", ""market""], ""window_note"": ""前回実行 (17:55 JST の訂正エントリ) から13分の窓であり、新規ニュースは期待できない。本実行の目的は前回スキャンで未充足だった手続き4点を閉じること。"", ""gaps_closed"": {""K056_counter_direction"": ""半導体に対する逆方向クエリ (price target / upgrade / buy) を実施した。取得: Morgan Stanley が Micron を2026年の半導体トップピックに指名 (AIメモリ需要)、Barclays が Lumentum を overweight に格上げ (目標$1,000)、SIA の世界半導体売上が2026年5月に過去最高の$120.6B (前年比+104.1%)。いずれも窓内の日付が確認できず登録要件を満たさないが、sell-side のポジショニングが一様に弱気ではないことが確認できた。なお SIA 月次売上は K-056 が「結果語クエリで構造的に取りこぼした一次データ」として名指ししていた系列であり、逆方向枠で実際に表面化した。"", ""AMD_tier1_source"": ""AMD の決算日を一次ソース (ir.amd.com プレスリリース) で確認した。「Tuesday, Aug. 4, 2026, after the market close」、電話会議は 17:00 ET / 14:00 PT (= 8/5 06:00 JST)。登録済み id=369 の source_url を MarketBeat から AMD IR に差し替えた。event_timestamp の 8/5 05:05 JST (=16:05 ET) は「after the market close」と整合する。"", ""dedup_check"": ""今回および前回登録分について、固有名詞 (KOSPI / Trump / AMD) で events 全体を ILIKE 検索し、id=365/366/367/369 のいずれにも重複がないことを確認した。前回は直近12件の目視のみで CXMT の既存 id=353 を見落とした。"", ""sources_list"": ""報告末尾に Sources リンク一覧を掲載する。""}, ""new_findings_not_registered"": {""fed"": ""Fed の dot plot は2026年に少なくとも1回の利上げを示すとの報道があるが、窓内の新規報道でなく、7/30 の FOMC 9-3 dissent イベント (登録済み) の域を出ない。"", ""tariff"": ""8月の新規報道なし。米韓合意で Samsung/SK Hynix 向けの先端製造装置 (露光・エッチング・クリーンルーム設備) が関税免除である点は未登録だが、2026年前半の既往合意で窓外のため登録しない。次回以降に背景として参照する。""}, ""events_added"": 0, ""events_modified"": [""id=369 (AMD Q2決算予定): source_url を Tier 1 の AMD IR へ差し替え""]}",2026-08-03 18:09:52.168668
166,scan-market,2026-08-03 19:00:37.064998+09,2 events added (ISM製造業PMI 8/3 23:00 JST、Palantir Q2決算 8/4 05:05 JST)。前回実行(18:09 JST)から46分の窓のため新規ニュースはほぼ無く、実質は「当日カタリストの未登録分を埋める」実行。スキップ4件: 米Iran交渉8/3再開(id=365に記載済み・重複)、メモリ株が高値から-20%超のベア相場入り(価格系列から再導出可能でADR-034 Standard層3により除外)、Section 232(8月の新規動きなし)、Brent(8/3の新規報道なし、7/31の$90.12がparquetのBrent 90.22と整合)。プレ市場の実測(SOXL -0.71%/NVDA -0.05%/MU -1.63% vs QQQ +0.54%/GOOGL +1.43%)はid=367(KOSPI Samsung/SK Hynix -8〜9%)の半導体固有売り×マクロrisk_onの乖離と整合し、米国市場でも同じ構図がプレの時点で継続していることを確認した。,"{""latest_source_date"": ""2026-08-03T10:00:00-04:00"", ""categories_searched"": [""geopolitical"", ""fed"", ""semiconductor"", ""oil"", ""tariff"", ""market""], ""window_note"": ""\u524d\u56de\u5b9f\u884c 2026-08-03 18:09 JST \u304b\u3089 18:55 JST \u307e\u3067\u306e46\u5206\u3002\u30cb\u30e5\u30fc\u30b9\u7a93\u3068\u3057\u3066\u306f\u6975\u5c0f\u3067\u3001\u65b0\u898f\u306e\u767a\u751f\u30a4\u30d9\u30f3\u30c8\u306f\u691c\u51fa\u3055\u308c\u306a\u304b\u3063\u305f\u3002\u672c\u5b9f\u884c\u306e\u5b9f\u8cea\u7684\u306a\u6210\u679c\u306f\u3001\u5f53\u65e5\u304a\u3088\u3073\u7fcc\u65e5\u306e\u30ab\u30bf\u30ea\u30b9\u30c8\u3067\u672a\u767b\u9332\u3060\u3063\u305f\u3082\u306e(ISM\u30fbPalantir)\u3092Tier 1 \u30bd\u30fc\u30b9\u3067\u78ba\u5b9a\u3055\u305b\u3001\u6642\u9593\u8ef8\u4ed8\u304d\u306e\u518d\u8a55\u4fa1\u30bf\u30a4\u30df\u30f3\u30b0\u3092\u63d0\u793a\u53ef\u80fd\u306b\u3057\u305f\u3053\u3068\u3002"", ""K056_counter_direction"": ""\u534a\u5c0e\u4f53\u306b\u5bfe\u3059\u308b\u9006\u65b9\u5411\u30af\u30a8\u30ea(price target / upgrade / buy)\u3092\u5b9f\u65bd\u3002\u53d6\u5f97: Morgan Stanley \u304c Micron \u30922026\u5e74\u306e\u534a\u5c0e\u4f53\u30c8\u30c3\u30d7\u30d4\u30c3\u30af\u306b\u6307\u540d\u3001Micron \u306e\u30b3\u30f3\u30bb\u30f3\u30b5\u30b9\u306f Strong Buy \u3067 \u5e73\u5747\u76ee\u6a19\u682a\u4fa1 $1,421.40\u3001NXPI \u306f Buy \u3067\u76ee\u6a19 $310.37\u3001Barclays \u304c Lumentum \u3092 overweight\u30fb\u76ee\u6a19 $1,000 \u306b\u683c\u4e0a\u3052\u3002sell-side \u306e\u30dd\u30b8\u30b7\u30e7\u30cb\u30f3\u30b0\u306f\u4e00\u69d8\u306b\u5f31\u6c17\u3067\u306f\u306a\u3044\u3002\u305f\u3060\u3057\u500b\u5225\u306e\u683c\u4e0a\u3052\u65e5\u4ed8\u304c\u7a93\u5185\u3067\u306a\u3044\u305f\u3081\u767b\u9332\u8981\u4ef6\u3092\u6e80\u305f\u3055\u305a\u672a\u767b\u9332\u3002\u306a\u304a\u540c\u3058\u691c\u7d22\u7fa4\u3067 Shinhan Securities \u304c SK hynix \u306e2026/2027\u5e74\u55b6\u696d\u5229\u76ca\u4e88\u60f3\u30927%/9%\u4e0b\u65b9\u4fee\u6b63\u3057\u305f\u9006\u5411\u304d\u306e\u6750\u6599\u3082\u53d6\u5f97\u3057\u3066\u304a\u308a\u3001\u7247\u5074\u3060\u3051\u3092\u62fe\u3063\u3066\u3044\u306a\u3044\u3002"", ""baseline_bug_found"": ""yfinance \u306e .info \u306e previousClose \u304c 7/30 \u7d42\u5024(MU $874.66 / NVDA $195.04)\u3092\u8fd4\u3059\u4e00\u65b9 preMarketPrice \u306f\u5f53\u65e5\u5024\u3092\u8fd4\u3059\u305f\u3081\u3001preMarketChangePercent \u304c\u5185\u90e8\u77db\u76fe\u3057\u3066\u3044\u305f\u3002\u65e5\u8db3(7/31: MU $823.03 / NVDA $200.75)\u3092\u57fa\u6e96\u306b\u53d6\u308a\u76f4\u3057\u3066\u89e3\u6d88\u3002MarketBeat \u306e\u300c\u73fe\u5728\u682a\u4fa1 $874.66\u300d\u3082\u540c\u30581\u65e5\u53e4\u3044\u5024\u3067\u3042\u308a\u3001\u5916\u90e8\u30bd\u30fc\u30b9\u306e\u73fe\u5024\u8868\u8a18\u3092\u305d\u306e\u307e\u307e\u57fa\u6e96\u306b\u4f7f\u308f\u306a\u3044\u3002"", ""dedup_check"": ""ISM / PMI / Palantir / \u96c7\u7528\u7d71\u8a08 / payroll / Hormuz / \u30e1\u30e2\u30ea / Micron \u306e8\u8a9e\u3067 events \u5168\u4f53\u3092 ILIKE \u691c\u7d22\u3057\u30018/3 \u306e ISM \u3068 Palantir \u5358\u72ec\u30a4\u30d9\u30f3\u30c8\u304c\u3044\u305a\u308c\u3082\u672a\u767b\u9332\u3067\u3042\u308b\u3053\u3068\u3092\u78ba\u8a8d\u3057\u305f\u3002Palantir \u306f id=369 (AMD\u6c7a\u7b97) \u306e summary \u5185\u306b\u540c\u9031\u30b9\u30b1\u30b8\u30e5\u30fc\u30eb\u3068\u3057\u3066\u8a00\u53ca\u304c\u3042\u308b\u306e\u307f\u3067\u3001\u72ec\u7acb\u30a4\u30d9\u30f3\u30c8\u3068\u3057\u3066\u306f\u672a\u767b\u9332\u3002"", ""events_added"": 2}",2026-08-03 19:00:37.375552
167,scan-market,2026-08-05 18:00:37.133337+09,"5 events added (AMD Q2 RESULT 8/5 05:05 JST / ADP 7月 8/5 21:15 / ISM非製造業7月 8/5 23:00 / 7月NFP 8/7 21:30 / Iran-オマーン ホルムズ協議継続 8/4)。窓は前回実行 8/3 19:00 JST から 8/5 17:58 JST。前回持ち越しの「8/4 SOXL +19.87% のドライバー未特定」を解消: 8/4 の記録的上昇は中東デエスカレーションによる原油下落 (Brent -5.6%) を起点とした AI トレードの回復で、S&P +1.79% (7,737 最高値)・Dow +1.71% (54,086)・Nasdaq +2.59% (26,585)・テックセクター +4.20%。AMD 決算はこの上げの原因ではなく8/4 引け後のイベント。スキップ4件: 8/4 セッションの値動きそのもの (ADR-034 Standard層3、parquet から再導出可能)、OPEC+ 8月増産 (合意日が窓内と確認できず日付要件を満たさない)、Section 232 (2026-01-14 の proclamation 以降 8月の新規動きなし)、7/29 FOMC の3名利上げ反対 (id=354 に登録済み・重複)。","{""latest_source_date"": ""2026-08-05T04:00:00-04:00"", ""categories_searched"": [""geopolitical"", ""fed"", ""semiconductor"", ""oil"", ""tariff"", ""market""], ""window_note"": ""前回実行 2026-08-03 19:00 JST から 2026-08-05 17:58 JST までの約2日。8/4 の米セッション全体と 8/4 引け後の AMD 決算、8/5 プレを含む。"", ""K056_counter_direction"": ""AMD について結果語を使わない中立枠(results/guidance)と逆方向枠(price target raised/upgrade/buy)の両方を実施。逆方向枠では Goldman が目標株価を $450→$640 (7/5)、Mizuho $615→$625、Rosenblatt $490→$665、UBS $670→$700、Cantor $700 と軒並み引き上げ済みで、コンセンサスは Buy 28 / Hold 8 の Strong Buy であることを確認。sell-side は決算前時点で強気に傾いており、片側だけを拾っていない。"", ""attribution_3check"": ""VXN-VIX スプレッド 8.91 (8/3) は全1337営業日中 97.1%ile・中央値4.22 でテック固有ストレス継続 → Channel 1/5 帰属。時系列先行性: 8/5 プレの半導体の弱含みは AMD 決算 (8/5 05:05 JST) の後で、同時期の地政学は逆符号のデエスカレーション。断面: 8/5 プレ 04:53 ET は SPY +0.24% > IWM +0.14% > QQQ -0.17% > SOXX -1.20% > SOXL -3.55% と単調でセクター固有。"", ""premarket_snapshot_0453ET"": {""SPY"": 0.24, ""IWM"": 0.14, ""QQQ"": -0.17, ""SOXX"": -1.2, ""SOXL"": -3.55, ""is_thin"": true}, ""dedup_check"": ""AMD / ADP / ISM / サービス / 雇用統計 / payroll / OPEC / Hormuz / ホルムズ / Oman / オマーン / dissent / FOMC / 利上げ の14語で events を ILIKE 検索。AMD は 予定 (id=369) のみで RESULT 未登録、ADP と NFP は直近が 6月・7/2 分、ISM は製造業 (id=370) のみでサービスは未登録、7/29 FOMC RESULT は id=354 で登録済みと確認した。"", ""events_added"": 5}",2026-08-05 18:00:37.464685
168,entry-analysis,2026-08-06 10:26:04.137681+09,SOXL long の押し目エントリーを分析したが、ユーザーが選択前にセッションを終了したため**注文は発注せず trade も記録していない**(建玉0・注文0のまま)。提示した設計: 指値$134.90 GTC / 部分利確$141.50×3株(resting) / TP$151.09(+12%) / SL$115.50(-14.4%) / 7株(投入25%、risk4%÷stop14.4%) / break-even 0.742%($135.94、Saxo実測)。判断の骨子は、この局面が「SOXX +5%以上の大陽線 かつ SOXL<SMA20」= 下落局面の中の戻し(n=10、T+1中央 -0.72%、P(+)=0.40)であり、同型の翌寄り基準5日MAE中央が -12.03% で -4〜6%のstopは78%刈られるため、意味のあるstopは -12%以深にしか置けず、結果として投入割合が25%に決まるというもの。K-064(寄付前の情報は寄り後を予測しない)により「プレが-3.55%だから押し目」は根拠にならない点、K-063の判別子(SPY>0×SOXX下げ)は終値でしか確定しない点も提示した。,"{""symbol"": ""SOXL"", ""direction"": ""long"", ""regime"": ""risk_on"", ""flow"": ""bullish(+0.80) だが sigma_position -0.20 で文脈は戻し (issue#25 / K-067)"", ""trade_id"": null, ""order_placed"": false, ""reason_not_placed"": ""ユーザーが選択肢の提示中にセッションを終了。発注・記録とも行っていない。"", ""actual_outcome_8_5"": ""SOXL 寄り$135.54 → 高値$144.34 → 終値$132.07 (前日比 -5.60%)。提示設計は指値$134.90が約定し部分利確$141.50も約定していた計算になるが、実際には発注していないため結果ではない。""}",2026-08-06 10:26:04.467693
169,scan-market,2026-08-06 22:57:47.249225+09,5 events added (SanDisk FY26Q4 RESULT 8/6 05:05 / SpaceX Q2 RESULT 8/5 05:05 [BACKFILL] / ADP 7月 RESULT 8/5 21:15 / ISM非製造業7月 RESULT 8/5 23:00 / Iran-Oman ホルムズ原則合意 8/6)。窓は前回実行 8/5 18:00 JST から 8/6 22:51 JST の約29時間で、8/5 の米セッション全体・8/5 引け後決算・8/6 プレ〜寄り後20分を含む。半導体の 8/6 プレ安 (SOXL -4.82% @09:13 ET) のドライバーは SanDisk 決算 (8/5 16:05 ET) と AMD 決算 (8/4 引け後) の連鎖で、地政学はむしろ逆符号のデエスカレーション。ただしこのプレ安は寄り後20分 (09:50 ET) で SOXL +0.16%・SOXX +0.26% へ全戻しし、断面の序列 (プレ: SPY > QQQ > SOXX > SOXL の単調セクター固有) は寄りで反転した。スキップ4件: 8/6 プレの値動きそのもの (ADR-034 Standard層3、価格系列の領域なので events でなく knowledge 候補)、Section 232 (2026-01-15 proclamation 以降 8月の新規動きを確認できず日付要件を満たさない)、Peloton/Airbnb/Lyft/Cloudflare 決算 (チャネル台帳のいずれにも当たらずスコープ外)、Nova Q2 決算 8/6 (発表予定の報のみで結果を確認できず)。,"{""latest_source_date"": ""2026-08-06T09:50:00-04:00"", ""categories_searched"": [""geopolitical"", ""fed"", ""semiconductor"", ""oil"", ""tariff"", ""market""], ""window_note"": ""前回実行 2026-08-05 18:00 JST から 2026-08-06 22:51 JST までの約29時間。"", ""K056_counter_direction"": ""結果語 (selloff/plunge/fell/miss 等) を使わず中立枠 (results/guidance/outlook) で検索し、逆方向枠として \""semiconductor price target raised upgrade buy rating\"" を実施。ON Semiconductor 目標株価 $126→$139 (Strong Buy)、TSMC Needham $480→$530 (19アナリストのコンセンサス Strong Buy・平均目標 $540.2)、Lattice Stifel $60→$80 (Buy 維持) と、sell-side は引き上げ側に傾いていることを確認。片側だけを拾っていない。"", ""attribution_3check"": ""(1) VXN-VIX スプレッド 8.98 (8/4、同日ペア n=1338 中 97.2%ile) でテック固有ストレス継続 → Channel 1/2/5 帰属、Channel 6 (広範 risk-off) は棄却。VXN は 8/4 が最新で2日 stale である点に留意。(2) 時系列先行性: 8/6 プレの半導体安は SanDisk (8/5 16:05 ET) / AMD (8/4 引け後) の後で、同時期の地政学はデエスカレーション (逆符号) → 地政学は driver でない。(3) divergence 交絡: 油高によるエネルギー株経由の指数間乖離は帰属根拠に使っていない。"", ""premarket_snapshot_0913ET"": {""SPY"": 0.03, ""QQQ"": -0.83, ""SOXX"": -1.45, ""SOXL"": -4.82, ""is_thin"": true}, ""regular_snapshot_0950ET"": {""SOXX"": 0.26, ""SPY"": 0.2, ""TNA"": -0.11, ""TQQQ"": -0.76, ""SOXL"": 0.16, ""is_thin"": false}, ""cross_section_note"": ""K-055 の断面テスト: プレ 09:13 ET は SPY +0.03 > QQQ -0.83 > SOXX -1.45 > SOXL -4.82 と単調でセクター固有に見えたが、寄り後 09:50 ET には SOXX +0.26 > SPY +0.20 > QQQ 約-0.25 と序列が反転した。薄商い断面をセクター固有ストレスの証拠に使えないことを示す実例。"", ""sma20_context"": ""SOXL 8/5 終値 $132.07 は SMA20 $143.43 に対し -7.92% (K-067 の「SMA20 下」象限)。"", ""dedup_check"": ""sandisk / SNDK / SpaceX / SPCX / ADP / ISM / Hormuz / ホルムズ / オマーン / Oman / NAND / メモリ / 雇用 の13語で 8/1 以降の events を ILIKE 検索。SanDisk・SpaceX の RESULT は未登録、ADP と ISM 非製造業は 予定 (id=374, id=375) のみで RESULT 未登録、ホルムズは id=377 (8/4 協議継続) のみで 8/6 の原則合意は未登録と確認した。"", ""events_added"": 5}",2026-08-06 22:57:47.597272
170,scan-market,2026-08-17 18:02:09.730144+09,14 events added。窓は前回実行 8/6 22:57 JST から 8/17 17:58 JST の約11日。内訳: マクロ4件 (NFP 7月 RESULT -23K/CPI 7月 RESULT +3.4%/PPI 7月 RESULT 0.0%/小売 7月 RESULT -0.6%)、半導体5件 (Intel $20B増資・TSMC 7月売上 +44.7%・韓国5兆ウォン半導体ファンド・CXMT/国産DUV・NVIDIA の OpenAI 保証縮小と SB Energy 出資報道)、地政学2件 (8/10 Iran 協議再開否定と海峡閉鎖長期化・8/17 Araqchi 週末発言)、予定3件 (NVIDIA Q2 FY27 決算 8/27 05:20 JST・ジャクソンホール 8/27-29・FOMC 9/17 03:00 JST)。当該窓の最大の認識修正は2点: (1) 中東はデエスカレーションでなく再エスカレーションで、ホルムズ海峡は169日目の事実上閉鎖のまま Brent は +11.9%。(2) Fed は利上げバイアス下にあり、弱い指標が株にプラスに働く逆相関の局面にある。,"{""latest_source_date"": ""2026-08-17T04:55:00-04:00"", ""categories_searched"": [""geopolitical"", ""fed"", ""semiconductor"", ""oil"", ""tariff"", ""market""], ""window_note"": ""前回実行 2026-08-06 22:57 JST から 2026-08-17 17:58 JST までの約11日。8/6 米引け後から 8/14 引け、8/15-16 週末、8/17 プレ 04:55 ET までを含む。"", ""K056_counter_direction"": ""結果語(selloff/plunge/fell/miss/crash)を使わず中立枠(news/outlook/results/status/report)で検索した。逆方向枠として \""semiconductor analyst price target raised upgrade\"" を実施し、ON Semiconductor $100->$108 (Baird, 8/3, Neutral維持)・同 $126->$139 (Strong Buy)・TSMC $575->$600 (Susquehanna)・Tower Semiconductor $66->$73 (Benchmark, Buy維持) と sell-side が引き上げ側に傾いていることを確認。加えて Bank of America が NVDA の買い推奨を維持し循環ファイナンス懸念を過大評価と評価、Mizuho が Broadcom の AI ASIC 機会拡大を指摘、Evercore ISI が S&P 9,000 の強気シナリオ確率上昇と AI FOMO Barometer 4/10 (ドットコム期は7超) を提示した点も逆方向の証拠として記録する。"", ""attribution_3check"": ""(1) VXN-VIX 乖離: 8/5 の 24.15-15.81=8.34 から 8/13 の 21.23-14.63=6.60 へ縮小。テック固有ストレスは窓を通じて緩和方向であり、当該窓の半導体の動きを Channel 1/5 のテック固有ストレス継続として説明する根拠は前回スキャン時より弱い。(2) 時系列先行性: 8/10 の半導体単独安 (SOXX -2.55% に対し SPY -0.03%/QQQ -0.30%) は Intel の増資発表 (8/10 08:27 ET プレ) の後に生じており、同日の Iran 協議再開否定による原油高と併存する多因子。TSMC の 7月売上 +44.7% という正方向の一次データが同日に出ていた点は、need の硬さが価格を規定しないこと (K-053/K-054) の実例。(3) divergence 交絡: 原油高によるエネルギー株経由の指数間乖離は帰属根拠に用いていない。"", ""cross_section_8_5_to_8_14"": {""SOXX"": 3.72, ""QQQ"": 1.92, ""IWM"": 1.77, ""SPY"": 0.85, ""SOXL"": 9.75}, ""cross_section_8_10_sector_specific"": {""SOXX"": -2.55, ""QQQ"": -0.3, ""SPY"": -0.03, ""IWM"": -0.52, ""SOXL"": -7.31}, ""premarket_0455ET_8_17"": {""SOXL"": 4.62, ""SOXX"": 1.6, ""NQ_futures"": 0.35, ""ES_futures"": 0.1, ""YM_futures"": -0.11, ""is_thin"": true, ""confirm_source"": null}, ""premarket_note"": ""SOXL +4.62% は SOXX +1.60% の約3倍で内部整合。一方 Nasdaq100 先物 +0.35% を大きく上回り、半導体固有の週末材料 (NVIDIA の OpenAI 保証縮小・SB Energy 出資報道) と整合する。ただし is_thin=True かつ Tiingo IEX の裏取りが取れておらず、寄りまで持つ保証はない (S37/K-041, ADR-031)。"", ""regime_relevant_shift"": ""Brent は 8/5 $79.45 から 8/17 $88.91 へ +11.9%。ホルムズ海峡は 8/17 時点で169日目の事実上閉鎖で通航は1日約10隻 (危機前88-130隻)。前セッションのスタンス「中東デエスカレーション→原油下落→AIトレード回復」は当該窓で反転しており、原油高がインフレ再燃を通じて Fed の利上げバイアスを支える構図が中核。"", ""fed_direction_correction"": ""2026年8月の Fed は利上げバイアス下にある (議長 Kevin Warsh、次回 FOMC 9/16、7月下旬の9月利上げ確率は約82%)。弱い経済指標が利上げ観測を後退させて株にプラスに働く逆相関の局面であり、雇用・CPI・小売の impact 判定はこの前提で行った。"", ""dedup_check"": ""NFP/雇用統計/Intel/TSMC/韓国/ウォン/CPI/消費者物価/PPI/生産者物価/小売/retail/NVIDIA/backstop/OpenAI/SB Energy/CXMT/DUV/リソグラフィ/Hormuz/ホルムズ/Araqchi/空母/Jackson Hole/FOMC/Warsh の26語で 8/1 以降の events を ILIKE 検索。NFP は「発表予定」(8/7) のみ登録済みで RESULT 未登録、ホルムズは 8/4・8/6 の協議進展局面のみ登録済みで 8/9-8/10 の反転は未登録、他の候補はすべて未登録と確認した。"", ""skipped"": ""(a) 8/14 の空母打撃群交代派遣 (CNN 単独確認、K-024 の繰り返しイベントに該当し 8/10 の海峡イベントを超える増分が小さい)。(b) Section 232 polysilicon proclamation 8/6 (下流対象が太陽光部材で半導体本体のコスト・アクセスに触れず、チャネル4の境界注記に照らしスコープ外)。(c) IEEE Spectrum の CPU ボトルネック論考 8/16 (技術動向であり価格チャネルへのショックでない)。(d) Berkshire Q2 決算・Teledyne/Varex 買収・HPE 格上げ (チャネル台帳のいずれにも当たらず対象外)。(e) 8/11-8/14 の日々の値動きそのもの (ADR-034 Standard層3、価格系列は Parquet の領域)。"", ""events_added"": 14}",2026-08-17 18:02:10.130343
171,scan-market,2026-08-18 17:25:25.226701+09,3 events added。窓は 8/17 18:02 JST から 8/18 17:25 JST の約23時間。内訳: 地政学1件(米イラン60日MoU・停戦が 8/17 に失効、Trump がオマーン爆撃に言及し交渉は膠着)、マクロ2件(30年債利回り 5.311% = 2007年6月以来の高水準 / FOMC議事要旨 8/20 03:00 JST 公表予定)。本窓の中核は「原油高→インフレ期待→長期金利19年ぶり高水準→高デュレーション成長株の割引率上昇」というチャネル3の連鎖であり、半導体固有の悪材料は確認されていない。最重要の反証は同日の韓国 Kospi +2%(Samsung +3%/SK Hynix +5%)の逆行高で、世界的な半導体売りではなく米国の高ベータ株の金利反応と判定した。,"{""latest_source_date"": ""2026-08-18T04:10:00-04:00"", ""categories_searched"": [""geopolitical"", ""fed"", ""semiconductor"", ""oil"", ""tariff"", ""market""], ""window_note"": ""前回実行 2026-08-17 18:02 JST から 2026-08-18 17:25 JST の約23時間。8/17 米国レギュラー時間全体と 8/18 アジア時間・米プレ 04:10 ET までを含む。"", ""K056_counter_direction"": ""結果語を使わず中立枠(outlook/status/what happened/release date)で検索。逆方向枠として \""semiconductor sector outlook price target analyst\"" を実施し、SMH 平均目標 $763.18(現値$587.82 から +29.8%)、TSM コンセンサス Strong Buy・平均目標 $547.09、ON Semiconductor 目標 $115.02(+43.05%) と sell-side は引き上げ側に傾いたままであることを確認。2026年の世界半導体売上見通しも $975B(+26%)と強い。今回の下落局面でも sell-side のファンダ見通しは崩れていない。"", ""attribution_3check"": ""(1) VXN-VIX 乖離: VXN 20.72(8/14) - VIX 15.90(8/18) = 4.82 で、8/5 の 8.34 から縮小しており、テック固有ストレスの指標は悪化していない。したがって Channel 1/5(AIバリュエーション/ポジショニング)への帰属は支持されない。(2) 時系列先行性: 半導体の下落は 8/17 米国引け後から始まっており、同時刻に 30年債利回りが 5.311%(19年ぶり高水準)へ上昇し米イラン MoU が失効している。金利・地政学が先行または同時であり、半導体固有の悪材料は確認できていない。(3) divergence 交絡: 最重要の反証として、同日の韓国 Kospi は +2%(Samsung +3%/SK Hynix +5%)と逆行高であり、世界的な半導体売りではない。SOXX<QQQ<SPY の単調序列だけを見て「半導体固有」と判定すると誤る実例。米国の高ベータ株が金利ショックに反応した構図と判断した。"", ""cross_section_premarket_0410ET"": {""SOXL"": -8.02, ""SOXX"": -2.8, ""QQQ"": -1.12, ""SPY"": -0.54, ""note"": ""SOXX x3 = -8.4% ≒ SOXL -8.02% で内部整合。8サンプルで安定を確認済み。""}, ""asia_session_8_18"": {""Kospi"": 2.0, ""Samsung"": 3.0, ""SK_Hynix"": 5.0, ""Nikkei225"": -0.94, ""HangSeng"": -0.19, ""CSI300"": -0.12}, ""rates_snapshot"": {""US30Y"": 5.311, ""note"": ""2007年6月以来の高水準。8/13 の $25B 30年債入札は 5.216% で2001年以来。""}, ""oil_snapshot"": {""Brent_Oct"": 91.31, ""WTI_Sep"": 85.02}, ""upcoming_catalysts"": {""FOMC_minutes"": ""2026-08-20 03:00 JST (8/19 14:00 ET)"", ""Walmart_Q2"": ""2026-08-20 20:00 JST 前後 (8/20 06:00 CDT)"", ""NVIDIA_Q2FY27"": ""2026-08-27 05:20 JST"", ""Jackson_Hole"": ""2026-08-27〜29""}, ""dedup_check"": ""Iran/イラン/停戦/ceasefire/MoU/Oman/オマーン/30年/Treasury/利回り/yield/議事要旨/minutes/Walmart/Section 338 の14語で 8/15 以降の events を確認。8/17 の Araqchi 発言イベント(id 既存)は「協議再開を決めていない」という現状維持の表明であり、本日登録した「MoU が実際に失効した」事実とは別事象と判定した。"", ""skipped"": ""(a) Walmart/Home Depot/Target 決算 8/20 (消費関連でチャネル台帳のいずれにも当たらず、半導体への伝播経路が想定できない)。(b) Section 338 の米加交渉・50%関税 (通商だが半導体・製造装置に触れずチャネル4の境界注記でスコープ外)。(c) 8/18 プレの値動きそのもの (ADR-034 Standard層3、価格系列は Parquet の領域)。(d) polysilicon Section 232 の12/4発効 (8/6 の proclamation として前回スキャンで既に評価済み・スコープ外判定を維持)。"", ""events_added"": 3}",2026-08-18 17:25:25.6177
172,scan-market,2026-08-19 17:24:07.445673+09,3 events added。窓は 8/18 17:25 JST から 8/19 17:25 JST の約24時間で、8/18 米国レギュラー時間全体と 8/19 アジア・米プレ 04:23 ET を含む。内訳: マクロ1件(30年債が日中 5.33% 超で19年ぶり高値更新後 5.285% へ低下して引け)、地政学2件(UAE がミサイル2発を探知しイランは否定 / Trump がイランとの協議を否定)。本窓の中核は前窓から継続する「原油高→インフレ期待→長期金利→割引率」のチャネル3だが、8/18 は日中高値を維持できず低下して引けており金利チャネル一服の可能性が出た(1日では未確定)。前回スキャンの VXN-VIX 乖離 4.82 は VXN(8/14) と VIX(8/18) の日付不一致による過小評価で、同日(8/17)比較では 6.58 と広い。テック固有ストレスは「悪化していない」と言えないため訂正した。,"{""latest_source_date"": ""2026-08-19T04:23:00-04:00"", ""categories_searched"": [""geopolitical"", ""fed"", ""semiconductor"", ""oil"", ""tariff"", ""market""], ""window_note"": ""\u524d\u56de\u5b9f\u884c 2026-08-18 17:25 JST \u304b\u3089 2026-08-19 17:25 JST \u306e\u7d0424\u6642\u9593\u3002"", ""date_verification_catch"": ""\u30db\u30eb\u30e0\u30ba\u6d77\u5ce1\u306e\u300c\u30a4\u30e9\u30f3\u30fb\u30aa\u30de\u30fc\u30f3\u304c\u822a\u884c\u30eb\u30fc\u30c8\u5408\u610f\u300d\u5831\u9053\u306f Bloomberg /2026-08-05/\u3001Euronews /2026/08/05/\u3001AA\u901a\u4fe1\u3067 8\u67085\u65e5\u4ed8\u3068\u78ba\u8a8d\u3002CBS \u306e live-updates \u30da\u30fc\u30b8(\u65e5\u4ed8\u304c\u66f4\u65b0\u3055\u308c\u7d9a\u3051\u308b)\u3068 Al Jazeera 8/2\u30fb8/5\u30fb8/6 \u8a18\u4e8b\u3092\u672c\u7a93\u306e\u65b0\u898f\u6750\u6599\u3068\u8aa4\u8a8d\u3057\u304b\u3051\u305f\u304c\u3001\u767a\u884c\u65e5\u7167\u5408\u3067\u68c4\u5374\u3057\u305f\u3002\u5b9f\u969b\u306b\u306f 8/17 \u306b MoU \u304c\u5408\u610f\u306a\u304f\u5931\u52b9\u3057\u3066\u304a\u308a(\u767b\u9332\u6e08\u307f)\u3001\u53e4\u3044\u5408\u610f\u9032\u5c55\u5831\u9053\u3092\u4e0a\u632f\u308c\u6750\u6599\u3068\u3057\u3066\u6271\u3046\u306e\u306f\u8aa4\u308a\u3002\u540c\u7a2e\u306e\u8aa4\u308a\u306f\u904e\u53bb\u306b 7/28 \u8a18\u4e8b\u306e8/10 \u8aa4\u5e30\u5c5e\u30fbDeepSeek 7/7 \u3067\u3082\u767a\u751f\u3057\u3066\u304a\u308a3\u4f8b\u76ee\u3002"", ""K056_counter_direction"": ""\u7d50\u679c\u8a9e\u3092\u4f7f\u308f\u305a\u4e2d\u7acb\u67a0(status/outlook/what happened/price target)\u3067\u691c\u7d22\u3002\u9006\u65b9\u5411\u67a0\u3068\u3057\u3066 \""chip stocks analyst price target outlook\"" \u3092\u5b9f\u65bd\u3057\u3001Micron \u304c $1,000 \u7a81\u7834\u30fb\u76ee\u6a19 $2,200 \u3078\u5f15\u304d\u4e0a\u3052\u3001MCHP \u306f Wells Fargo $88 / TD Cowen $90 \u3078\u5f15\u304d\u4e0b\u3052\u3068\u5206\u304b\u308c\u305f\u3002\u30bb\u30af\u30bf\u30fc\u4e00\u5f8b\u306e\u30d5\u30a1\u30f3\u30c0\u60aa\u5316\u306f\u78ba\u8a8d\u3067\u304d\u305a\u3002\u305f\u3060\u3057 Micron \u95a2\u9023\u306f 8/17 \u4ed8\u3067\u672c\u7a93\u306e\u5916\u3002"", ""attribution_3check"": ""(1) VXN-VIX: \u540c\u65e5(8/17)\u6bd4\u8f03\u3067 21.51-14.93=6.58\u3002\u524d\u56de\u306e 4.82 \u306f\u65e5\u4ed8\u4e0d\u4e00\u81f4\u306b\u3088\u308b\u904e\u5c0f\u8a55\u4fa1\u3067\u8a02\u6b63\u3002\u30c6\u30c3\u30af\u56fa\u6709\u30b9\u30c8\u30ec\u30b9\u306f\u7121\u8996\u3067\u304d\u306a\u3044\u6c34\u6e96\u3002(2) \u6642\u7cfb\u5217\u5148\u884c\u6027: \u9577\u671f\u91d1\u5229\u306e\u4e0a\u6607\u304c 8/17 \u304b\u3089\u5148\u884c\u3057\u534a\u5c0e\u4f53\u306e\u4e0b\u843d\u306f\u305d\u306e\u5f8c\u3002(3) divergence \u4ea4\u7d61: 8/18 \u30a2\u30b8\u30a2\u306e Kospi \u306f\u4e0a\u6607\u3067\u4e16\u754c\u7684\u306a\u534a\u5c0e\u4f53\u58f2\u308a\u3067\u306f\u306a\u3044\u3002\u4e3bdriver=\u30c1\u30e3\u30cd\u30eb3\u3001\u5897\u5e45=\u534a\u5c0e\u4f53\u306e\u9ad8\u30c7\u30e5\u30ec\u30fc\u30b7\u30e7\u30f3 beta \u3068\u5224\u5b9a\u3002"", ""cross_section_8_17_to_8_18"": {""SOXX"": -4.96, ""QQQ"": -1.69, ""IWM"": -1.26, ""SPY"": -0.68, ""SOXL"": -14.8, ""VIXY"": 0.21, ""note"": ""SOXX \u306f QQQ \u306e\u7d042.9\u500d\u4e0b\u843d\u3002VIXY \u307b\u307c\u6a2a\u3070\u3044\u30fbVIX 15.84\u30fbHY 2.70 \u30bf\u30a4\u30c8\u3067\u30c1\u30e3\u30cd\u30eb6(\u30b7\u30b9\u30c6\u30df\u30c3\u30af risk-off)\u306f\u4e0d\u767a\u3002SOXL \u306f SOXX x2.98 \u3067\u5185\u90e8\u6574\u5408\u3002""}, ""rates_snapshot"": {""US30Y_intraday_high"": 5.33, ""US30Y_close"": 5.285, ""note"": ""19\u5e74\u3076\u308a\u9ad8\u5024\u3092\u66f4\u65b0\u5f8c\u306b\u4f4e\u4e0b\u3057\u3066\u5f15\u3051\u3002US30Y \u306f\u5f53\u30d7\u30ed\u30b8\u30a7\u30af\u30c8\u672a\u53ce\u96c6(US10Y \u306e\u307f)\u3002""}, ""oil_snapshot"": {""Brent_parquet_8_18"": 91.33, ""Brent_reported_8_19"": 91.52}, ""fed_pricing"": {""CME_FedWatch_Sep_cut_prob"": 85, ""note"": ""\u30bd\u30fc\u30b9\u304c Tier3 \u5bc4\u308a\u306e\u305f\u3081 events \u306b\u306f\u767b\u9332\u305b\u305a\u53c2\u8003\u5024\u306b\u7559\u3081\u305f\u3002""}, ""upcoming_catalysts"": {""FOMC_minutes"": ""2026-08-20 03:00 JST (8/19 14:00 ET)"", ""Walmart_Q2"": ""2026-08-20 20:00 JST \u524d\u5f8c"", ""NVIDIA_Q2FY27"": ""2026-08-27 05:20 JST"", ""Jackson_Hole"": ""2026-08-27\u301c29 (Warsh \u8b70\u9577\u8b1b\u6f14)""}, ""skipped"": ""(a) \u30db\u30eb\u30e0\u30ba\u822a\u884c\u30eb\u30fc\u30c8\u5408\u610f\u5831\u9053(8/5\u4ed8\u30fb\u672c\u7a93\u5916\u3001\u4e0a\u8a18 date_verification_catch)\u3002(b) TSM -3.68% / NVDA -2.18% \u7b49\u306e\u5024\u52d5\u304d\u305d\u306e\u3082\u306e(ADR-034 Standard\u5c643\u3001\u4fa1\u683c\u7cfb\u5217\u306e\u9818\u57df)\u3002(c) Section 232 \u306e\u5546\u52d9\u7701\u30ec\u30d3\u30e5\u30fc(7/1 \u671f\u9650\u3067\u672c\u7a93\u306b\u65b0\u898f\u30a2\u30af\u30b7\u30e7\u30f3\u306a\u3057)\u3002(d) CME FedWatch \u306e9\u6708\u5229\u4e0b\u3052\u78ba\u738785%(\u65e5\u4ed8\u30a4\u30d9\u30f3\u30c8\u3067\u306a\u304f\u30bd\u30fc\u30b9\u304cTier3\u5bc4\u308a)\u3002(e) Micron \u76ee\u6a19\u682a\u4fa1\u5f15\u304d\u4e0a\u3052(8/17\u4ed8\u30fb\u672c\u7a93\u5916)\u3002"", ""events_added"": 3}",2026-08-19 17:24:07.879507
173,scan-market,2026-08-19 17:32:44.915755+09,0 events added。前回実行(同日 17:25 JST)から約10分で増分ニュースの窓が実質ゼロのため、窓の消化ではなく前回叩かなかったチャネル(1 AI compute需要 / 2 メモリ・HBM需給 / 候補1 AI融資・信用構造)と一次データ(SIA)の直接検索に充てた。得られた材料はいずれも 7月〜8/11 付で本窓の外、または Tier3 ソースのみのため ADR-034 の登録基準を満たさず0件。なお既存 events に同チャネルの登録が39件あり、カバー自体は過去スキャンで済んでいた(「カバーの穴」ではなく今回の未実施)。分析上の収穫は、チャネル3(長期金利)と候補1(AI融資・信用構造)の連結: 長期金利上昇→AI関連債の借換コスト上昇→capex持続性という経路で、両者は独立でなく増幅関係にある可能性。台帳への追記は提案に留め実施しない。,"{""latest_source_date"": ""2026-08-11T00:00:00-04:00"", ""categories_searched"": [""semiconductor"", ""market"", ""fed"", ""geopolitical"", ""oil"", ""tariff""], ""window_note"": ""\u524d\u56de\u5b9f\u884c 2026-08-19 17:25 JST \u304b\u3089 2026-08-19 17:35 JST \u306e\u7d0410\u5206\u3002\u5897\u5206\u7a93\u306f\u5b9f\u8cea\u30bc\u30ed\u3002"", ""run_intent"": ""\u30c1\u30e3\u30cd\u30eb\u5225\u306e\u6df1\u6398\u308a(\u524d\u56de\u672a\u5b9f\u65bd\u306e\u30c1\u30e3\u30cd\u30eb1/2/\u5019\u88dc1\u3068\u4e00\u6b21\u30c7\u30fc\u30bfSIA)"", ""findings_not_registered"": {""channel_1_ai_compute_demand"": ""\u30cf\u30a4\u30d1\u30fc\u30b9\u30b1\u30fc\u30e9\u30fc4\u793e\u306e2026\u5e74capex\u5408\u8a08 $725B(\u524d\u5e74 $410B \u304b\u3089 +77%)\u3002Alphabet \u306f Q2 \u6c7a\u7b97\u3067\u4e0a\u9650\u3092\u5f15\u4e0a\u3052\u3001Meta \u306f2\u56de\u5f15\u4e0a\u3052\u3002capex \u306e\u7d0475%\u304c AI \u95a2\u9023\u3002\u2192 need(\u6570\u91cf)\u306f\u786c\u3044\u3002\u305f\u3060\u3057\u51fa\u5178\u306f 2\u6708\u301c7\u6708\u4ed8\u3067\u672c\u7a93\u5916\u3001\u65e2\u5b58 events \u306b\u767b\u9332\u6e08\u307f\u3002"", ""channel_2_memory_hbm"": ""Samsung \u304c Q3 \u4ea4\u6e09\u3067 DRAM ASP \u3092\u6700\u5927+20%\u72d9\u3044\u3001SK Hynix \u306f\u9577\u671f\u5951\u7d04\u306e\u4fa1\u683c\u4e0a\u9650\u3092\u64a4\u5ec3\u3002DRAM ASP \u306f Q1 +90% QoQ\u3001Q2 +50-60%\u30023\u793e\u304c HBM \u3078\u80fd\u529b\u3092\u518d\u914d\u5206\u3057\u6c4e\u7528 DRAM/NAND \u304c\u903c\u8feb\u3002\u2192 \u51fa\u5178 TrendForce 7/2 \u307b\u304b\u672c\u7a93\u5916\u3001\u4e00\u90e8 Tier3\u3002\u672a\u767b\u9332\u3002"", ""candidate_1_ai_financing"": ""CoreWeave \u306e\u7dcf\u50b5\u52d9\u304c Q2 \u63d0\u51fa\u66f8\u985e\u3067 $35.6B\u3002\u56db\u534a\u671f\u5229\u6255 $536M \u304c\u8abf\u6574\u5f8cEBITDA\u306e46%\u3001Anthropic \u95a2\u9023 $2.6B \u30ed\u30fc\u30f3\u306f YTM 10.44% \u3067\u518d\u5024\u4ed8\u3051\u3001CDS \u306f5\u5e74\u30c7\u30d5\u30a9\u30eb\u30c8\u78ba\u7387\u7d0450%\u3092\u7e54\u8fbc\u307f\u3002\u53d7\u6ce8\u6b8b $99.4B\u30012026 capex \u30ac\u30a4\u30c9 $31-35B\u3002\u2192 K-053/K-054 \u306e need\u2260return\u2260price \u305d\u306e\u3082\u306e\u3002\u305f\u3060\u3057\u51fa\u5178\u304c Tier3 \u4e2d\u5fc3(techtimes/metirai/24-7wallst)\u3067 Tier1-2 \u306e2\u30bd\u30fc\u30b9\u8981\u4ef6\u3092\u6e80\u305f\u3055\u305a\u672a\u767b\u9332\u3002\u8981\u30d5\u30a9\u30ed\u30fc: CoreWeave \u306e Q2 10-Q \u539f\u6587(Tier1)\u306b\u5f53\u305f\u308c\u3070\u767b\u9332\u53ef\u80fd\u3002"", ""sia_primary_data"": ""Q2 2026 \u306e\u4e16\u754c\u534a\u5c0e\u4f53\u58f2\u4e0a $403.3B(+35.1% QoQ)\u30016\u6708\u5358\u6708 $134.5B(+123.6% YoY)\u3002SIA \u767a\u8868\u306f 8/6 \u4ed8\u3067\u672c\u7a93\u5916\u3002\u306a\u304a S&P Global \u7d4c\u7531\u3067\u300c7\u6708 +4.9% YoY\u300d\u3068\u3044\u3046\u5024\u3082\u51fa\u305f\u304c6\u6708 +123.6% \u3068\u6841\u304c\u6574\u5408\u305b\u305a\u3001\u5225\u5e74\u5ea6\u306e\u8a18\u4e8b\u306e\u53ef\u80fd\u6027\u304c\u9ad8\u3044\u3002\u77db\u76fe\u3092\u89e3\u6d88\u3067\u304d\u306a\u3044\u305f\u3081\u4e0d\u63a1\u7528\u3002""}, ""analytic_link_proposed"": ""\u30c1\u30e3\u30cd\u30eb3(\u91d1\u5229\u30fb\u5272\u5f15\u7387)\u3068\u5019\u88dc1(AI\u878d\u8cc7\u30fb\u4fe1\u7528\u69cb\u9020)\u306f\u72ec\u7acb\u3067\u306a\u304f\u9023\u7d50\u3057\u3046\u308b: \u9577\u671f\u91d1\u5229\u4e0a\u6607 \u2192 AI \u95a2\u9023\u767a\u884c\u4f53\u306e\u501f\u63db\u30b3\u30b9\u30c8\u4e0a\u6607(CoreWeave \u306e 10.44% YTM \u304c\u5b9f\u4f8b) \u2192 capex \u6301\u7d9a\u6027\u3078\u306e\u7591\u7fa9 \u2192 \u534a\u5c0e\u4f53\u9700\u8981\u30028/17-18 \u306e\u9577\u671f\u91d1\u5229\u30b7\u30e7\u30c3\u30af\u306f\u3053\u306e\u7d4c\u8def\u3067\u3082\u52b9\u304d\u3046\u308b\u3002\u53f0\u5e33\u306e\u5019\u88dc1\u300c\u6607\u683c\u6761\u4ef6\u300d\u307e\u305f\u306f\u76f8\u4e92\u53c2\u7167\u3068\u3057\u3066\u8ffd\u8a18\u3092\u63d0\u6848\u3059\u308b\u304c\u3001doctrine \u5909\u66f4\u306f\u5b9f\u65bd\u3057\u306a\u3044\u3002"", ""dedup_check"": ""CoreWeave/neocloud/capex/HBM/DRAM/\u30e1\u30e2\u30ea/SIA/\u5faa\u74b0/hyperscaler/\u8a2d\u5099\u6295\u8cc7 \u306e10\u8a9e\u3067\u65e2\u5b58 events \u3092\u78ba\u8a8d\u3002\u8a72\u5f5339\u4ef6\u3067\u5f53\u8a72\u30c1\u30e3\u30cd\u30eb\u306f\u904e\u53bb\u30b9\u30ad\u30e3\u30f3\u3067\u30ab\u30d0\u30fc\u6e08\u307f\u3068\u5224\u5b9a\u3002"", ""events_added"": 0}",2026-08-19 17:32:45.255656
174,scan-market,2026-08-20 04:54:38.156941+09,3 events added。窓は 8/19 17:32 JST から 8/20 04:55 JST の約11時間で、8/19 米国レギュラー時間の全体と FOMC 議事要旨(14:00 ET)を含む。内訳: マクロ1件(議事要旨 RESULT = タカ派。9-3 の採決で反対3名は全員「利上げ」選好、本文に追加引き締め条件を明記)、断面1件(8/19 のアジアで KOSPI 日中最大 -6.8%・Samsung -7.54%・SK hynix -9.93%・アジア半導体指数 -3.2%)、地政学1件(BACKFILL: Ghalibaf がホルムズ再開の4条件を提示、8/18 付)。**本窓の最重要の更新は帰属の訂正**: 8/18 スキャンでは「韓国が逆行高なので世界的な半導体売りではない」と判定したが、8/19 は韓国が最大の打撃を受けており **その反証根拠が消滅した**。チャネル3(金利・割引率)のショックはグローバルな半導体売りとして発現していると改める。また SK hynix は $28.6B の自社株買いを発表した当日に -9.93% であり、資本還元materialが金利ショックを相殺できなかった。,"{""latest_source_date"": ""2026-08-19T14:00:00-04:00"", ""categories_searched"": [""fed"", ""semiconductor"", ""geopolitical"", ""oil"", ""market"", ""tariff""], ""window_note"": ""\u524d\u56de\u5b9f\u884c 2026-08-19 17:32 JST \u304b\u3089 2026-08-20 04:55 JST \u306e\u7d0411\u6642\u9593\u3002\u7c73\u56fd 8/19 \u30ec\u30ae\u30e5\u30e9\u30fc\u6642\u9593\u5168\u4f53\u3092\u542b\u3080\u3002\u7d42\u5024\u306f 05:00 JST \u5f15\u3051\u76f4\u524d\u306e\u305f\u3081\u672a\u78ba\u5b9a\u3002"", ""fomc_minutes_detail"": {""vote"": ""9-3 hold, FF 3.50-3.75%, 5\u4f1a\u5408\u9023\u7d9a\u636e\u7f6e"", ""dissenters"": [""Hammack (Cleveland)"", ""Kashkari (Minneapolis)"", ""Logan (Dallas)""], ""dissent_direction"": ""\u5168\u54e1 +25bp \u306e\u5229\u4e0a\u3052\u9078\u597d(\u5229\u4e0b\u3052\u3067\u306f\u306a\u3044)"", ""board_dissent"": ""\u306a\u3057(\u7406\u4e8b\u4f1a\u30e1\u30f3\u30d0\u30fc\u306e\u53cd\u5bfe\u30bc\u30ed)"", ""key_language"": ""\u30a4\u30f3\u30d5\u30ec\u304c\u4f4e\u4e0b\u3057\u306a\u3051\u308c\u3070\u8ffd\u52a0\u5f15\u304d\u7de0\u3081\u304c\u5fc5\u8981\u306b\u306a\u308b\u53ef\u80fd\u6027\u304c\u9ad8\u3044 / \u4e00\u90e8participant\u306f\u73fe\u5728\u306e\u91d1\u878d\u74b0\u5883\u304c\u5341\u5206\u306b\u5f15\u304d\u7de0\u307e\u3063\u3066\u3044\u306a\u3044\u53ef\u80fd\u6027\u3092\u6307\u6458"", ""other"": ""Warsh \u8b70\u9577\u304c\u5e74\u9593\u4f1a\u5408\u6570\u30928\u21926\u3078\u6e1b\u3089\u3059\u8b70\u8ad6\u3092\u63d0\u8d77"", ""sep_expectation"": ""9\u6708\u636e\u7f6e\u306e\u4e88\u60f3\u304c\u7d0465%\u3078\u4e0a\u6607""}, ""correction_to_prior_scan"": ""8/18 \u30b9\u30ad\u30e3\u30f3\u306e\u5e30\u5c5e\u5224\u65ad\u300c\u97d3\u56fd Kospi +2% \u306e\u9006\u884c\u9ad8\u304c\u3042\u308b\u305f\u3081\u4e16\u754c\u7684\u306a\u534a\u5c0e\u4f53\u58f2\u308a\u3067\u306f\u306a\u304f\u7c73\u56fd\u9ad8\u30d9\u30fc\u30bf\u682a\u306e\u91d1\u5229\u53cd\u5fdc\u300d\u306f\u30018/19 \u306e\u30c7\u30fc\u30bf\u3067\u652f\u6301\u3055\u308c\u306a\u304f\u306a\u3063\u305f\u30028/19 \u306f KOSPI \u304c\u65e5\u4e2d\u6700\u5927 -6.8%\u3001Samsung -7.54%\u3001SK hynix -9.93% \u3067\u97d3\u56fd\u304c\u6700\u5927\u306e\u6253\u6483\u3002\u30c1\u30e3\u30cd\u30eb3\u306e\u30b7\u30e7\u30c3\u30af\u306f\u30b0\u30ed\u30fc\u30d0\u30eb\u306b\u767a\u73fe\u3057\u3066\u3044\u308b\u3068\u8a02\u6b63\u3059\u308b\u3002"", ""unresolved_conflict"": ""8/18 \u306e KOSPI \u306b\u3064\u3044\u3066\u300c+2%(Samsung +3%/SK Hynix +5%)\u300d(8/18 \u30b9\u30ad\u30e3\u30f3\u6642\u306b\u53d6\u5f97)\u3068\u300c-1.55% \u30675\u65e5\u7d9a\u4f38\u304c\u9014\u5207\u308c\u305f\u300d(\u4eca\u56de tradingeconomics \u7d4c\u7531)\u304c\u77db\u76fe\u3002\u3069\u3061\u3089\u304c\u6b63\u3057\u3044\u304b\u672a\u89e3\u6c7a\u30028/19 \u5206\u306f Bloomberg \u3067\u78ba\u8a8d\u6e08\u307f\u306e\u305f\u3081\u4eca\u56de\u306e\u5e30\u5c5e\u8a02\u6b63\u306b\u306f\u5f71\u97ff\u3057\u306a\u3044\u304c\u30018/18 \u306e\u5e30\u5c5e\u5224\u65ad\u306e\u6839\u62e0\u30c7\u30fc\u30bf\u81ea\u4f53\u304c\u7591\u308f\u3057\u304f\u306a\u3063\u305f\u70b9\u306f\u8a18\u9332\u3059\u308b\u3002"", ""stale_data_caught"": ""\u672c\u30bb\u30c3\u30b7\u30e7\u30f3\u65e9\u304f\u306b Tier3 \u30bd\u30fc\u30b9(intellectia.ai)\u7d4c\u7531\u3067\u300cCME FedWatch \u306f9\u6708\u5229\u4e0b\u3052\u78ba\u738785%\u300d\u3068\u3044\u3046\u5024\u3092\u5f97\u3066\u3044\u305f\u304c\u767b\u9332\u3092\u898b\u9001\u3063\u3066\u3044\u305f\u3002\u8b70\u4e8b\u8981\u65e8\u30679\u6708\u636e\u7f6e\u4e88\u60f3 \u7d0465%\u30fb\u53cd\u5bfe3\u540d\u304c\u5229\u4e0a\u3052\u9078\u597d\u3068\u5224\u660e\u3057\u3001\u5f53\u8a7285%\u306f\u8aa4\u308a\u3060\u3063\u305f\u3053\u3068\u304c\u78ba\u5b9a\u3002Tier3 \u3092\u767b\u9332\u3057\u306a\u3044\u898f\u7d04\u304c\u6a5f\u80fd\u3057\u305f\u5b9f\u4f8b\u3002"", ""oil_snapshot"": {""Brent"": 91.56, ""WTI_open"": 85.34, ""us_crude_inventories"": ""\u524d\u9031 -328k \u30d0\u30ec\u30eb(\u305d\u306e\u524d\u9031\u306f +9.07M \u30d0\u30ec\u30eb)""}, ""cross_section_8_19_intraday"": {""note"": ""11:07 ET \u6642\u70b9 SOXL -5.99% / SOXX -2.00% / QQQ +0.08%\u300215:48 ET \u6642\u70b9 SOXL -6.24% / SOXX -2.09% / QQQ -0.23%\u3002QQQ \u304c\u307b\u307c\u6a2a\u3070\u3044\u306e\u4e2d\u3067\u534a\u5c0e\u4f53\u306b\u58f2\u308a\u304c\u96c6\u4e2d\u3002"", ""soxl_intraday"": {""open"": 132.63, ""high"": 133.74, ""low"": 116.84, ""low_time_et"": ""10:10""}, ""base"": ""10:30 ET \u4ee5\u964d $120\u301c$124 \u3067\u7d045\u6642\u9593\u534a\u306e\u63c9\u307f\u5408\u3044\u300214:00 ET \u306e\u8b70\u4e8b\u8981\u65e8\u3067 $118.55 \u307e\u3067\u62bc\u3059\u3082\u5b89\u5024 $116.84 \u306f\u5272\u3089\u305a\u3002""}, ""skipped"": ""(a) SOXL/SOXX/QQQ \u306e\u65e5\u4e2d\u5024\u52d5\u304d\u305d\u306e\u3082\u306e(ADR-034 Standard\u5c643\u3001Parquet \u306e\u9818\u57df)\u3002(b) \u539f\u6cb9 Brent $91.56(+0.47%)\u3068\u5728\u5eab -328k \u30d0\u30ec\u30eb(\u30c1\u30e3\u30cd\u30eb\u53f0\u5e33\u306e\u3044\u305a\u308c\u306b\u3082\u5358\u72ec\u3067\u306f\u5f53\u305f\u3089\u305a\u3001\u91d1\u5229\u7d4c\u7531\u306e\u6ce2\u53ca\u306f\u8b70\u4e8b\u8981\u65e8\u30a4\u30d9\u30f3\u30c8\u3067\u6355\u6349\u6e08\u307f)\u3002(c) Section 232 \u95a2\u9023\u306e\u65b0\u898f\u30a2\u30af\u30b7\u30e7\u30f3\u306f\u672c\u7a93\u306b\u7121\u3057\u3002(d) \u300c\u30db\u30eb\u30e0\u30ba\u306f\u958b\u3044\u3066\u304a\u308a\u904b\u7528\u4e2d\u300d\u3068\u3059\u308b\u8a18\u8ff0(\u51fa\u5178\u304c Wikipedia \u7531\u6765\u3067 Tier \u5224\u5b9a\u4e0d\u80fd)\u3002"", ""events_added"": 3}",2026-08-20 04:54:38.465667
